lat,lng,session_weight
29.746,-95.352,1134
29.881,-95.698,892
29.758,-95.812,773
29.987,-95.434,752
29.759,-95.368,750
25.774,-80.194,688
25.796,-80.375,610
25.843,-80.206,556
26.035,-80.27,543
25.797,-80.191,540
29.88,-95.698,503
43.03,-85.631,464
29.986,-95.434,411
32.777,-96.788,389
29.773,-95.381,368
32.777,-96.787,352
29.747,-95.352,351
33.161,-96.828,351
25.797,-80.192,351
39.045,-77.112,342
32.931,-97.115,331
29.759,-95.812,321
39.104,-77.13,292
33.827,-118.324,279
32.889,-96.441,276
25.762,-80.192,275
32.577,-96.311,268
29.848,-95.772,258
29.856,-95.735,258
40.398,-74.144,256
38.967,-94.648,255
29.986,-95.433,247
34.054,-118.243,243
25.769,-80.416,238
25.77,-80.133,227
33.905,-118.302,224
38.568,-121.766,221
28.542,-81.379,220
26.27,-80.17,213
25.647,-80.412,211
29.734,-95.331,208
34.02,-118.3,207
25.842,-80.206,204
39.174,-76.84,203
26.106,-80.178,201
29.784,-95.754,201
39.2,-77.271,201
27.698,-81.621,200
29.759,-95.295,200
25.749,-80.247,198
26.841,-80.645,197
25.847,-80.204,197
29.679,-95.296,192
26.27,-80.171,192
39.157,-77.201,190
29.816,-95.48,190
26.142,-80.238,188
33.828,-117.931,184
26.269,-80.171,183
29.81,-95.37,181
34.22,-118.573,181
25.891,-80.341,180
39.001,-76.864,180
39.684,-75.75,179
39.681,-105.02,178
39.694,-104.941,178
25.609,-80.345,178
-31.277,-64.275,177
25.805,-80.19,177
32.711,-96.583,177
42.931,-85.675,177
25.79,-80.413,175
25.776,-80.19,174
40.712,-73.735,173
42.989,-85.675,172
43.03,-85.63,171
25.779,-80.142,171
34.018,-118.22,171
32.835,-97.09,170
39.146,-77.165,169
26.673,-80.249,165
25.813,-80.366,162
42.993,-85.633,162
26.038,-80.163,161
28.314,-81.433,160
32.803,-96.801,158
25.997,-80.402,158
26.04,-80.282,157
29.734,-95.332,157
25.636,-80.481,156
29.788,-95.391,156
34.064,-117.756,156
25.763,-80.298,156
32.893,-96.773,155
25.979,-80.147,155
39.002,-76.9,154
25.763,-80.195,154
27.762,-82.736,152
40.859,-73.89,152
25.467,-80.458,151
29.77,-95.606,151
26.709,-80.058,150
26.702,-80.062,150
32.74,-96.674,149
27.336,-80.412,149
42.985,-85.629,149
42.025,-87.707,148
42.865,-85.613,148
29.876,-95.607,148
27.422,-80.332,148
25.899,-80.234,147
25.482,-80.472,146
32.88,-96.428,146
27.278,-80.294,146
26.327,-80.153,146
26.192,-80.255,146
25.791,-80.192,146
29.95,-95.546,145
29.702,-95.685,145
33.057,-96.863,145
29.85,-95.717,145
28.305,-81.212,144
27.713,-82.647,144
34.248,-118.407,143
32.724,-97.085,143
26.705,-80.083,142
33.058,-96.863,142
27.311,-80.407,141
26.062,-80.184,141
25.767,-80.193,140
39.659,-105.029,139
29.88,-95.697,139
32.776,-96.797,139
26.093,-80.136,139
26.653,-80.123,137
32.743,-96.648,136
28.208,-81.602,135
32.724,-97.274,135
33.659,-117.756,135
25.595,-80.445,135
29.741,-95.605,135
26.581,-80.085,134
32.814,-96.791,134
32.768,-97.063,134
26.063,-80.2,134
25.921,-80.21,134
37.761,-121.426,134
32.781,-96.605,134
39.145,-77.181,134
39.709,-105.055,134
32.865,-97.207,133
32.768,-96.607,133
28.601,-81.201,133
33.03,-97.013,133
6.253,-75.565,133
32.879,-96.66,133
25.75,-80.258,133
29.786,-95.227,133
4.687,-74.145,132
29.738,-95.79,132
29.736,-95.573,132
32.948,-96.806,132
25.765,-80.228,132
26.711,-80.057,131
29.725,-95.547,129
25.762,-80.226,129
32.777,-96.789,129
29.555,-95.142,129
25.657,-80.398,128
26.017,-80.321,128
25.876,-97.512,128
42.307,-83.441,128
42.402,-71.023,127
34.235,-118.599,126
25.771,-80.19,126
25.77,-80.195,126
32.558,-97.007,126
29.582,-95.383,125
32.777,-96.792,125
25.663,-80.351,125
33.806,-118.356,124
29.625,-95.401,124
29.633,-95.108,124
29.905,-95.61,124
25.922,-80.205,124
39.234,-76.94,124
41.8,-88.13,124
30.071,-95.4,123
33.938,-117.023,123
39.937,-75.117,123
25.846,-80.148,123
26.27,-80.172,123
32.706,-96.739,123
25.672,-80.356,123
32.785,-96.798,122
32.826,-96.642,122
25.788,-80.19,122
26.183,-80.155,122
29.975,-95.739,122
25.852,-80.203,121
25.945,-80.258,121
26.003,-80.224,121
25.506,-80.429,121
26.798,-80.102,120
25.822,-80.315,120
32.725,-97.321,120
25.794,-80.299,120
25.948,-80.139,120
25.808,-80.194,119
39.288,-76.644,119
25.917,-80.2,119
29.986,-95.731,119
28.553,-81.352,119
33.837,-118.309,118
25.8,-80.367,118
29.778,-95.418,118
29.862,-95.649,118
38.753,-90.327,118
42.116,-72.067,118
25.789,-80.193,117
29.877,-95.639,117
28.421,-81.382,117
26.597,-80.133,116
40.656,-75.472,116
33.105,-96.899,116
25.765,-80.194,116
29.799,-95.809,115
25.692,-80.401,115
26.581,-80.091,115
34.136,-118.027,115
33.845,-118.265,115
33.884,-118.208,115
32.66,-96.874,114
38.603,-90.291,114
28.46,-81.392,114
39.155,-76.798,114
32.911,-96.921,114
25.885,-80.285,114
30.134,-95.514,114
42.885,-85.62,114
32.586,-97.332,113
26.103,-80.388,113
34.102,-118.303,113
34.026,-117.836,113
38.628,-121.433,113
39.338,-76.696,112
39.148,-84.467,112
27.788,-82.722,112
32.73,-96.672,112
39.111,-76.7,112
25.994,-80.254,112
26.449,-80.201,111
26.288,-80.104,111
33.905,-118.224,111
30.25,-95.82,111
34.196,-118.553,111
25.796,-80.326,110
25.788,-80.193,110
32.892,-97.25,109
32.629,-97.159,109
29.906,-95.43,109
25.798,-80.195,109
25.675,-80.42,109
26.269,-80.17,109
28.507,-81.443,109
25.751,-80.258,109
30.067,-95.572,109
25.803,-80.194,107
25.73,-80.325,107
25.769,-80.199,107
29.623,-95.401,107
32.835,-97.089,107
26.539,-80.086,107
42.912,-85.712,107
43.031,-85.669,106
25.548,-80.372,106
35.375,-80.679,106
25.718,-80.34,106
30.106,-95.428,106
30.081,-95.533,105
29.701,-95.288,105
27.343,-80.377,105
25.883,-80.243,105
27.824,-82.629,105
25.844,-80.121,105
42.025,-87.708,105
39.488,-76.243,104
32.917,-97.338,104
32.705,-96.634,104
29.728,-95.65,104
33.958,-118.253,104
25.532,-80.414,104
29.839,-95.711,103
32.664,-96.92,103
25.833,-80.374,103
25.818,-80.283,103
25.76,-80.259,103
25.825,-80.233,103
39.707,-105.007,103
25.475,-80.448,103
39.186,-84.492,103
39.739,-104.985,103
32.88,-96.998,103
32.795,-96.901,103
34.052,-118.244,103
26.65,-80.149,102
28.369,-81.504,102
34.216,-118.38,102
33.905,-118.303,101
32.836,-96.771,101
25.801,-80.188,101
29.706,-95.406,101
29.746,-95.353,101
25.76,-80.373,101
42.286,-83.188,101
42.431,-83.485,101
28.324,-81.485,100
26.271,-80.172,100
29.672,-95.269,100
32.71,-96.583,100
29.962,-95.379,100
40.791,-73.945,100
29.82,-95.483,100
39.56,-104.777,100
32.906,-96.563,100
25.562,-80.36,99
33.893,-118.043,99
25.798,-80.192,99
33.776,-118.161,99
25.481,-80.421,99
25.781,-80.249,98
29.994,-95.433,98
29.693,-95.238,98
34.236,-116.943,98
33.964,-118.159,98
29.623,-95.685,97
32.91,-96.429,97
38.438,-121.416,97
38.752,-121.177,97
28.331,-81.395,97
29.789,-95.771,97
29.113,-81.062,97
25.763,-80.194,97
34.27,-118.496,97
25.635,-80.42,97
41.987,-87.788,97
32.634,-96.947,96
29.902,-95.447,96
29.706,-95.826,96
39.663,-104.902,96
29.67,-95.739,96
38.772,-121.274,95
29.705,-95.196,95
28.385,-81.248,95
29.714,-95.396,95
32.742,-96.658,95
30.005,-95.529,95
35.247,-81.25,95
28.444,-81.404,95
34.168,-118.497,95
32.781,-97.323,95
25.802,-80.231,95
25.847,-80.194,94
25.808,-80.245,94
29.802,-95.501,94
26.648,-80.209,94
25.59,-80.317,94
29.873,-95.642,94
29.821,-95.544,94
32.903,-97.327,94
26.636,-80.225,94
29.847,-95.772,94
39.677,-104.772,94
33.771,-118.194,94
29.758,-95.813,94
25.765,-80.189,94
40.187,-105.072,94
40.079,-74.859,93
29.982,-95.405,93
25.716,-80.283,93
26.164,-80.183,93
39.106,-76.863,93
25.818,-80.332,93
32.662,-96.874,93
34.116,-118.272,93
29.862,-95.374,93
29.773,-95.645,93
25.838,-80.284,93
25.746,-80.243,93
25.809,-80.214,92
32.736,-97.026,92
29.952,-95.429,92
25.64,-80.387,92
29.922,-95.49,92
25.778,-80.204,92
29.687,-95.8,92
26.341,-80.172,92
26.074,-80.232,92
28.232,-81.43,92
26.707,-80.121,92
40.711,-74.005,92
39.143,-77.223,92
42.958,-85.696,92
42.619,-83.093,92
32.778,-96.785,91
25.771,-80.223,91
39.319,-76.508,91
29.738,-95.584,91
25.719,-80.271,91
30.421,-95.478,91
25.797,-80.142,91
29.831,-95.76,91
25.731,-80.38,91
32.865,-96.7,91
29.568,-95.388,91
25.764,-80.193,91
28.473,-81.453,90
25.527,-80.414,90
37.715,-121.924,90
25.729,-80.233,90
27.982,-82.546,90
30.07,-95.213,90
25.799,-80.246,90
41.852,-88.012,90
27.368,-80.389,89
26.306,-80.116,89
29.871,-95.672,89
29.89,-95.59,89
25.205,-80.42,89
39.81,-104.68,89
29.947,-95.655,89
26.657,-80.056,89
26.275,-80.131,88
29.92,-95.203,88
25.867,-80.202,88
25.795,-80.213,88
25.772,-80.316,88
32.816,-97.315,88
28.257,-81.658,88
26.024,-80.152,88
29.921,-95.461,88
25.796,-80.128,88
26.43,-80.103,88
32.947,-96.807,88
32.837,-97.082,88
25.757,-80.374,88
39.297,-94.723,88
28.66,-81.545,87
29.831,-95.361,87
29.751,-95.355,87
29.753,-95.403,87
39.171,-77.186,87
26.651,-80.204,87
33.54,-112.064,87
32.931,-97.114,87
25.741,-80.278,87
40.589,-75.632,86
25.508,-80.404,86
26.054,-80.281,86
26.127,-80.403,86
32.955,-96.818,86
29.642,-95.519,86
34.298,-118.838,86
38.457,-121.33,86
29.879,-95.417,86
25.823,-80.336,86
39.903,-75.233,86
34.081,-118.385,86
43.24,-85.597,86
41.566,-88.202,85
28.497,-81.448,85
26.314,-80.096,85
37.779,-121.981,85
25.755,-80.261,85
28.541,-81.376,84
25.625,-80.378,84
25.799,-80.186,84
39.12,-77.081,84
29.877,-95.762,84
29.701,-95.619,84
32.743,-96.68,84
25.929,-80.151,84
29.934,-95.276,84
42.153,-71.146,84
25.687,-80.41,83
25.772,-80.344,83
29.773,-95.851,83
25.437,-80.489,83
34.063,-118.247,83
25.808,-80.186,83
29.68,-95.304,83
25.798,-80.187,83
29.79,-95.791,83
39.16,-76.782,83
30.127,-95.594,83
26.616,-80.082,83
26.004,-80.238,83
29.787,-95.451,83
29.708,-95.515,83
29.682,-95.384,83
29.649,-95.161,82
29.937,-95.468,82
29.787,-95.413,82
32.865,-96.699,82
25.766,-80.229,82
25.678,-80.461,82
39.2,-77.252,82
29.861,-95.596,82
25.801,-80.337,82
25.749,-80.361,82
29.759,-95.811,82
25.798,-80.191,82
30.156,-95.426,81
26.148,-80.145,81
26.242,-80.255,81
34.015,-118.147,81
26.225,-80.13,81
28.357,-81.497,81
28.427,-81.37,81
29.735,-95.406,81
42.946,-85.556,81
42.877,-85.723,81
42.179,-71.19,81
42.967,-85.666,81
30.06,-95.154,80
39.035,-77.123,80
40.747,-73.863,80
33.175,-96.786,80
25.73,-80.4,80
29.978,-95.493,80
29.85,-95.772,80
39.117,-76.706,79
33.64,-117.745,79
10.382,-75.492,79
25.846,-80.283,79
29.706,-95.527,79
25.76,-80.258,79
30.003,-95.639,79
33.749,-117.958,79
33.971,-117.847,79
26.689,-80.057,79
40.043,-75.498,79
29.996,-95.503,79
29.788,-95.14,79
40.631,-75.385,79
28.274,-81.48,79
25.659,-80.384,78
29.661,-95.709,78
29.732,-95.755,78
33.927,-118.235,78
34.087,-117.639,78
25.906,-80.212,78
29.888,-95.668,78
39.965,-74.904,78
39.175,-76.84,78
26.086,-80.363,78
38.85,-77.119,78
26.527,-80.118,78
26.0,-80.21,78
33.794,-117.903,78
28.483,-81.319,78
25.667,-80.367,78
25.799,-80.194,78
25.966,-80.359,78
39.68,-105.016,78
29.847,-95.773,78
29.743,-95.667,77
27.3,-80.297,77
39.156,-84.55,77
25.729,-80.361,77
28.609,-81.489,77
25.996,-80.137,77
28.6,-81.2,77
39.23,-76.817,77
32.908,-97.294,77
29.815,-95.411,77
29.747,-95.353,77
29.649,-95.177,77
26.019,-80.151,77
29.711,-95.52,77
25.746,-80.221,77
30.131,-95.234,77
30.02,-95.528,76
25.623,-80.4,76
30.071,-95.442,76
33.842,-118.338,76
26.49,-80.154,76
29.813,-95.707,76
29.946,-95.443,76
25.64,-80.399,76
30.155,-95.426,76
32.817,-96.82,76
29.691,-95.162,76
38.834,-77.115,76
25.482,-80.47,76
25.642,-80.4,76
25.749,-80.206,76
38.005,-122.307,76
25.794,-80.187,76
33.817,-84.181,76
32.54,-96.863,76
25.768,-80.197,76
25.624,-80.342,76
29.854,-95.499,76
42.012,-87.732,76
41.772,-88.347,75
29.836,-95.612,75
25.584,-80.32,75
25.761,-80.196,75
29.827,-95.694,75
26.053,-80.212,75
26.241,-80.207,75
32.555,-97.317,75
29.713,-95.2,75
25.741,-80.298,74
34.228,-118.504,74
29.894,-95.369,74
29.939,-95.698,74
25.776,-80.189,74
25.84,-80.335,74
32.744,-97.202,74
27.065,-80.179,74
39.597,-104.685,74
29.598,-95.14,74
26.013,-80.142,74
30.022,-95.571,74
30.007,-95.575,74
25.776,-80.198,74
29.794,-95.719,74
38.794,-90.342,74
26.803,-80.084,74
39.15,-77.192,74
29.695,-95.763,74
25.939,-80.299,74
29.721,-95.47,74
26.269,-80.169,74
25.991,-80.278,74
42.106,-71.028,74
42.954,-85.649,74
42.549,-83.371,73
29.796,-95.271,73
26.809,-80.135,73
40.209,-74.762,73
28.275,-81.48,73
29.758,-95.607,73
25.759,-80.19,73
32.758,-96.329,73
29.949,-95.487,73
38.674,-121.723,73
25.694,-80.31,73
34.238,-118.536,73
25.866,-80.296,73
29.747,-95.461,73
25.816,-80.355,73
29.639,-95.462,73
39.127,-77.181,73
34.166,-118.651,73
28.337,-81.178,73
26.698,-80.069,73
25.933,-80.12,73
34.058,-118.286,73
34.09,-117.943,72
29.743,-95.379,72
29.407,-94.937,72
25.82,-80.371,72
30.053,-95.584,72
25.792,-80.194,72
32.902,-97.553,72
29.565,-95.683,72
29.643,-95.655,72
30.046,-95.419,72
25.803,-80.223,72
32.662,-97.068,72
25.852,-80.194,72
32.702,-97.066,72
29.914,-95.333,72
34.206,-118.599,72
42.345,-83.192,72
41.987,-87.703,72
42.467,-83.199,72
42.512,-83.622,72
42.179,-71.071,71
32.814,-96.607,71
25.869,-80.223,71
29.675,-95.307,71
30.085,-95.786,71
39.731,-105.158,71
39.063,-76.883,71
28.672,-81.379,71
29.925,-95.737,71
26.166,-80.311,71
29.738,-95.401,71
25.778,-80.196,71
25.771,-80.198,71
40.671,-73.978,71
29.883,-95.612,71
40.762,-73.862,71
26.168,-80.236,71
26.337,-80.2,71
32.787,-96.785,71
26.288,-80.133,71
33.662,-84.429,71
29.951,-95.583,71
25.774,-80.188,70
34.253,-118.29,70
25.784,-80.247,70
40.633,-74.023,70
26.096,-80.161,70
37.967,-122.041,70
29.753,-95.385,70
28.506,-81.443,70
39.09,-94.706,70
29.752,-95.355,70
29.932,-95.362,70
25.719,-80.278,70
25.875,-80.334,70
29.735,-95.535,70
25.754,-80.197,70
34.869,-85.515,70
25.827,-80.22,70
26.093,-80.188,70
29.693,-95.689,70
29.729,-95.456,69
29.816,-95.57,69
29.645,-95.576,69
40.795,-73.932,69
40.636,-75.434,69
39.694,-104.868,69
25.798,-80.198,69
40.744,-73.865,69
40.768,-73.837,69
29.8,-95.14,69
25.794,-80.407,69
29.698,-95.201,69
33.996,-117.9,69
31.338,-95.391,69
32.912,-96.461,69
29.702,-95.323,69
25.599,-80.419,69
29.628,-95.538,69
25.713,-80.433,69
25.641,-80.415,69
29.87,-95.72,69
37.998,-122.329,69
25.831,-80.214,69
28.411,-81.423,69
27.318,-80.35,69
32.97,-96.848,69
42.911,-85.607,69
42.975,-85.641,68
41.837,-87.627,68
39.586,-104.797,68
30.022,-95.522,68
25.81,-80.332,68
39.025,-77.147,68
26.108,-80.292,68
29.877,-95.763,68
40.089,-75.199,68
39.099,-76.891,68
29.795,-95.118,68
25.926,-80.162,68
27.718,-82.734,68
26.24,-80.128,68
25.82,-80.199,68
29.622,-95.381,68
25.773,-80.194,68
33.953,-118.243,68
32.785,-96.845,68
32.858,-96.867,68
40.751,-73.87,68
25.779,-80.196,68
35.082,-80.835,68
28.591,-81.374,68
33.802,-117.888,68
25.751,-80.205,68
32.564,-96.666,68
29.848,-95.66,68
25.941,-80.305,67
30.008,-95.569,67
29.697,-95.349,67
32.753,-96.874,67
34.066,-118.461,67
26.006,-80.262,67
25.551,-80.407,67
33.781,-117.827,67
29.769,-95.384,67
26.702,-80.081,67
25.781,-80.199,67
39.064,-76.72,67
25.9,-80.238,67
29.618,-95.524,67
29.739,-95.623,67
25.703,-80.34,67
28.331,-81.23,67
26.302,-80.162,67
30.027,-95.586,67
26.615,-80.082,67
38.94,-77.087,67
25.79,-80.194,67
32.708,-97.098,67
26.116,-80.172,67
34.033,-118.156,67
32.927,-96.537,67
30.04,-95.385,67
25.767,-80.194,67
29.593,-95.62,67
32.947,-96.806,67
32.753,-97.333,67
42.131,-87.826,67
29.777,-95.832,66
27.215,-80.372,66
35.062,-89.791,66
25.64,-80.39,66
26.032,-80.182,66
33.841,-118.34,66
32.948,-96.73,66
29.699,-95.525,66
25.687,-80.377,66
33.961,-118.379,66
33.849,-118.35,66
29.821,-95.352,66
34.211,-118.383,66
29.692,-95.416,66
35.182,-81.117,66
28.299,-81.434,66
25.78,-80.234,66
25.889,-80.298,66
25.656,-80.4,66
37.855,-122.257,66
26.21,-80.219,66
40.066,-75.051,66
25.797,-80.196,66
33.782,-118.174,66
29.846,-95.499,66
32.767,-97.321,65
33.985,-118.251,65
39.291,-76.611,65
39.131,-77.167,65
25.776,-80.2,65
25.764,-80.254,65
25.987,-80.13,65
33.989,-118.305,65
25.924,-80.127,65
33.016,-96.992,65
32.792,-96.861,65
38.524,-121.58,65
25.683,-80.423,65
26.233,-80.259,65
29.989,-95.405,65
29.902,-95.742,65
40.669,-75.495,65
25.778,-80.139,65
25.796,-80.213,65
25.836,-80.371,65
25.796,-80.278,65
25.473,-80.475,65
28.416,-81.45,65
25.725,-80.347,65
25.805,-80.197,65
25.773,-80.2,65
29.729,-95.464,65
25.8,-80.197,65
41.887,-87.71,65
42.956,-87.993,65
42.972,-85.738,65
40.912,-73.853,64
42.501,-82.935,64
42.83,-85.648,64
29.854,-95.684,64
32.75,-96.837,64
25.73,-80.326,64
38.986,-76.999,64
26.006,-80.287,64
26.622,-80.121,64
26.038,-80.311,64
40.615,-75.496,64
33.899,-118.079,64
28.548,-81.202,64
29.798,-95.575,64
32.776,-96.788,64
32.955,-96.805,64
29.987,-95.432,64
25.761,-80.432,64
32.94,-97.115,64
29.847,-95.233,64
26.256,-80.207,64
25.812,-80.262,64
25.949,-80.141,64
29.921,-95.61,64
28.561,-81.484,64
29.663,-95.626,63
25.929,-80.261,63
25.795,-80.187,63
32.937,-96.787,63
25.813,-80.371,63
26.642,-80.112,63
25.686,-80.32,63
29.774,-95.757,63
29.733,-95.399,63
39.156,-77.209,63
29.635,-95.242,63
29.723,-95.547,63
29.88,-95.699,63
29.358,-95.68,63
34.087,-117.386,63
39.171,-77.154,63
34.141,-118.266,63
30.303,-95.463,63
38.02,-122.138,63
25.888,-80.158,63
25.689,-80.417,63
25.783,-80.195,63
25.777,-80.29,63
25.948,-80.299,63
29.859,-95.693,63
39.127,-76.687,63
32.535,-96.847,63
32.814,-96.983,63
41.759,-88.223,63
42.965,-85.668,63
42.919,-85.573,62
42.014,-87.685,62
43.002,-85.62,62
26.175,-80.153,62
29.852,-95.691,62
25.685,-80.479,62
29.954,-95.488,62
34.216,-118.381,62
29.76,-95.916,62
34.105,-118.259,62
33.972,-118.43,62
25.779,-80.192,62
29.947,-95.472,62
26.15,-80.324,62
26.603,-80.093,62
26.644,-80.093,62
25.741,-80.238,62
25.665,-80.406,62
25.958,-80.144,62
25.671,-80.356,62
33.672,-117.745,62
28.709,-81.366,62
35.621,-97.476,62
29.972,-95.526,62
29.885,-95.26,62
32.712,-97.331,62
29.749,-95.573,62
28.436,-81.303,62
29.711,-95.779,62
39.449,-77.38,62
29.867,-95.645,62
32.789,-96.789,62
39.973,-104.819,61
29.878,-95.345,61
39.85,-104.979,61
39.216,-76.865,61
29.785,-95.562,61
29.744,-95.87,61
26.731,-80.108,61
29.918,-95.557,61
21.15,-86.824,61
29.787,-95.657,61
25.811,-80.204,61
29.921,-95.203,61
29.772,-95.394,61
29.791,-95.563,61
33.059,-96.845,61
32.692,-96.851,61
25.952,-80.218,61
29.802,-95.802,61
29.642,-95.5,61
34.004,-118.424,61
39.725,-104.801,61
27.437,-82.598,61
25.775,-80.325,61
25.611,-80.371,61
25.817,-80.321,61
26.119,-80.144,61
33.145,-97.122,61
25.479,-80.434,61
32.827,-96.994,61
33.131,-96.801,61
32.709,-97.016,61
25.972,-80.183,61
32.654,-96.58,61
29.826,-95.81,61
29.993,-95.428,61
25.686,-80.45,61
27.277,-80.289,61
37.993,-122.285,61
30.134,31.703,61
32.71,-96.662,61
25.768,-80.189,61
42.298,-83.505,61
46.216,-119.167,61
41.626,-88.131,61
41.017,-73.759,61
42.636,-83.738,60
40.901,-73.853,60
26.147,-80.246,60
32.992,-96.652,60
33.285,-96.625,60
39.675,-105.013,60
25.906,-80.37,60
32.945,-96.824,60
29.855,-95.718,60
10.402,-75.479,60
29.667,-95.712,60
26.163,-80.194,60
32.834,-96.856,60
38.902,-94.776,60
25.803,-80.355,60
25.867,-80.283,60
10.393,-75.492,60
31.169,-99.683,60
28.316,-81.221,60
28.386,-81.248,60
25.793,-80.13,60
33.964,-117.543,60
25.773,-80.131,60
25.479,-80.441,60
32.755,-96.904,60
29.783,-95.539,60
32.908,-96.631,60
29.943,-95.389,60
29.735,-95.592,60
26.655,-80.135,60
25.796,-80.127,59
29.486,-95.407,59
29.718,-95.283,59
33.824,-118.294,59
30.295,-95.456,59
39.088,-94.644,59
34.071,-117.607,59
39.496,-104.874,59
39.151,-77.07,59
25.912,-80.162,59
25.968,-80.143,59
25.791,-80.193,59
25.781,-80.212,59
25.778,-80.255,59
25.869,-80.211,59
25.851,-80.27,59
28.658,-81.392,59
33.995,-118.321,59
25.801,-80.19,59
33.788,-98.168,59
29.926,-95.441,59
25.879,-80.168,59
29.844,-95.3,59
29.978,-95.476,59
39.063,-77.149,59
28.246,-81.281,59
29.95,-95.411,59
28.507,-81.444,59
39.08,-77.138,59
29.644,-95.58,59
29.751,-95.62,59
33.791,-84.401,59
25.863,-80.283,59
25.801,-80.201,59
32.624,-96.913,59
33.938,-84.201,59
29.756,-95.368,59
42.859,-85.658,59
42.809,-86.048,59
42.486,-83.501,58
25.472,-80.477,58
29.977,-95.412,58
25.785,-80.19,58
37.972,-122.304,58
25.768,-80.205,58
25.812,-80.232,58
25.812,-80.302,58
28.332,-81.526,58
25.726,-80.404,58
38.67,-121.156,58
26.017,-80.154,58
25.729,-80.431,58
26.425,-80.091,58
29.809,-95.426,58
28.394,-81.268,58
32.762,-96.961,58
30.031,-95.428,58
39.162,-77.2,58
26.27,-80.169,58
26.043,-80.314,58
25.513,-80.555,58
29.67,-95.384,58
25.758,-80.205,58
29.893,-95.424,58
26.168,-80.277,58
30.052,-95.786,58
32.945,-96.702,57
29.682,-95.677,57
26.217,-80.292,57
38.979,-77.092,57
33.071,-96.823,57
25.808,-80.351,57
29.86,-95.706,57
25.827,-80.275,57
26.091,-80.245,57
25.765,-80.23,57
25.988,-80.13,57
32.923,-96.411,57
25.687,-80.412,57
38.932,-76.904,57
29.858,-95.37,57
25.847,-80.323,57
38.552,-121.413,57
29.759,-95.813,57
28.052,-82.304,57
34.125,-118.221,57
28.39,-81.503,57
34.021,-118.219,57
25.833,-80.275,57
26.212,-80.255,57
39.998,-75.147,57
28.391,-81.503,57
25.725,-80.353,57
26.034,-80.176,57
28.707,-81.383,57
-34.91,-56.137,57
35.21,-80.892,57
29.457,-95.304,57
33.74,-118.292,57
39.165,-76.854,57
39.228,-76.815,57
40.746,-75.594,57
25.743,-80.254,57
29.785,-95.749,57
32.87,-96.89,57
32.752,-96.879,57
29.987,-95.333,57
29.676,-95.55,57
42.463,-83.444,57
42.332,-83.047,57
42.305,-83.246,57
42.276,-71.012,57
42.069,-87.899,56
42.984,-85.504,56
42.492,-83.101,56
38.304,-122.305,56
32.853,-96.662,56
29.952,-95.373,56
29.695,-95.775,56
32.922,-97.338,56
25.77,-80.382,56
29.838,-95.674,56
40.605,-75.441,56
30.301,-95.128,56
30.426,-95.476,56
34.011,-118.283,56
35.813,-83.565,56
32.661,-97.286,56
25.819,-80.335,56
39.079,-77.094,56
29.923,-95.172,56
25.586,-80.379,56
32.781,-96.689,56
26.033,-80.138,56
29.962,-95.555,56
25.771,-80.204,56
25.952,-80.193,56
34.218,-118.469,56
25.651,-80.415,56
29.532,-95.793,56
26.133,-80.33,56
28.334,-81.587,56
32.751,-97.359,56
39.064,-77.113,56
29.729,-95.534,56
39.744,-105.001,56
25.747,-80.238,56
25.841,-80.268,56
29.726,-95.427,56
28.365,-81.327,56
25.865,-80.234,56
32.65,-96.827,56
25.645,-80.339,56
32.779,-96.612,56
39.17,-77.149,55
25.724,-80.448,55
26.271,-80.174,55
29.717,-95.468,55
38.628,-90.131,55
25.792,-80.389,55
29.878,-95.405,55
25.985,-80.278,55
26.277,-80.287,55
32.882,-96.444,55
32.932,-97.283,55
39.67,-105.027,55
29.776,-95.832,55
29.922,-95.507,55
26.725,-80.085,55
26.374,-80.068,55
25.705,-80.342,55
26.147,-80.333,55
26.314,-80.079,55
29.902,-95.596,55
39.297,-76.815,55
38.972,-76.967,55
32.697,-96.779,55
39.085,-94.621,55
25.802,-80.315,55
33.862,-118.263,55
25.934,-80.125,55
32.801,-97.291,55
25.81,-80.35,55
26.109,-80.28,55
29.719,-95.34,55
29.808,-95.513,55
38.573,-121.756,55
25.764,-80.26,55
30.046,-95.393,55
29.769,-96.171,55
25.857,-80.132,55
39.024,-77.022,55
29.949,-95.56,55
32.722,-96.876,55
25.707,-80.382,55
28.206,-81.307,55
25.811,-80.224,55
30.103,-95.738,55
34.172,-118.545,54
32.842,-96.634,54
32.841,-96.958,54
32.699,-97.125,54
32.705,-96.573,54
26.198,-80.15,54
25.764,-80.195,54
29.478,-95.038,54
25.764,-80.259,54
29.608,-95.235,54
26.167,-80.149,54
25.9,-80.159,54
25.471,-80.486,54
33.148,-96.823,54
28.623,-81.317,54
25.501,-80.434,54
28.604,-81.392,54
29.68,-95.579,54
29.763,-95.34,54
26.406,-80.224,54
33.058,-96.862,54
25.932,-80.159,54
28.546,-81.242,54
29.776,-95.219,54
28.487,-81.407,54
25.949,-80.276,54
39.722,-104.828,54
39.719,-104.867,54
39.718,-105.016,54
39.717,-105.018,54
28.436,-81.507,54
40.705,-73.939,54
25.635,-80.419,54
28.391,-81.491,54
26.106,-80.253,54
29.854,-95.253,54
29.855,-95.294,54
25.99,-80.247,54
29.865,-95.388,54
28.324,-81.455,54
29.872,-95.838,54
38.811,-77.136,54
40.745,-73.877,54
25.679,-80.412,54
28.309,-81.334,54
25.795,-80.19,54
34.193,-118.405,54
26.706,-80.05,54
25.685,-80.392,54
29.904,-95.434,54
29.935,-95.217,54
32.865,-96.606,54
26.808,-80.102,54
29.989,-95.478,54
26.919,-80.221,54
41.97,-87.72,54
43.119,-85.558,54
43.027,-85.694,54
42.599,-83.446,53
42.28,-71.134,53
41.352,2.174,53
42.95,-85.68,53
30.124,-95.609,53
32.804,-96.781,53
26.266,-80.19,53
25.667,-80.284,53
25.495,-80.454,53
25.983,-80.122,53
27.88,-82.644,53
26.171,-80.145,53
32.895,-96.891,53
32.8,-96.958,53
32.796,-96.666,53
33.965,-118.2,53
30.069,-95.574,53
39.094,-77.088,53
39.543,-104.941,53
38.559,-121.695,53
25.969,-80.227,53
33.865,-84.305,53
26.601,-80.056,53
28.427,-81.255,53
29.697,-95.651,53
30.137,-97.635,53
32.737,-96.678,53
32.783,-96.798,53
29.688,-95.464,53
25.811,-80.326,53
26.182,-80.132,53
32.779,-97.303,53
25.609,-80.445,53
29.729,-95.591,53
32.919,-96.739,53
29.573,-95.246,53
29.877,-95.607,53
33.14,-95.581,53
29.836,-95.315,53
32.796,-97.241,53
32.585,-96.699,53
33.87,-117.623,53
25.779,-80.211,53
34.052,-118.202,53
32.648,-96.954,53
26.365,-80.186,53
25.809,-80.221,53
25.77,-80.285,52
25.714,-80.421,52
25.796,-80.26,52
29.902,-95.63,52
26.723,-80.039,52
25.523,-80.41,52
29.715,-95.529,52
25.923,-80.343,52
29.65,-95.5,52
28.623,-81.316,52
25.78,-80.265,52
30.083,-95.456,52
29.702,-95.559,52
32.643,-97.421,52
25.821,-80.261,52
29.812,-95.712,52
25.177,-80.375,52
32.932,-97.115,52
28.451,-81.399,52
32.922,-96.892,52
32.649,-97.029,52
25.815,-80.223,52
33.131,-96.771,52
25.878,-80.122,52
32.793,-96.803,52
32.998,-96.701,52
29.703,-95.513,52
25.804,-80.191,52
29.954,-90.068,52
32.617,-97.418,52
26.307,-80.176,52
29.955,-95.455,52
25.686,-80.391,52
25.874,-80.168,52
29.88,-95.33,52
32.961,-96.738,52
29.455,-98.568,52
26.04,-80.238,52
26.07,-80.225,52
25.774,-80.213,52
39.643,-105.021,52
30.011,-95.515,52
42.333,-83.398,52
42.577,-71.11,52
42.501,-83.35,52
42.018,-87.875,52
42.942,-85.67,52
42.275,-84.387,51
41.915,-87.755,51
41.958,-87.787,51
41.014,-73.758,51
41.902,-71.103,51
28.676,-81.543,51
30.02,-95.807,51
25.811,-80.342,51
33.696,-117.765,51
39.094,-77.202,51
25.797,-80.328,51
25.761,-80.193,51
29.666,-95.081,51
25.585,-80.354,51
33.904,-118.303,51
28.508,-81.264,51
32.682,-97.416,51
25.693,-80.388,51
25.791,-80.264,51
29.74,-95.42,51
32.819,-96.648,51
24.706,-81.113,51
26.73,-80.123,51
33.113,-96.893,51
25.629,-80.344,51
28.396,-81.534,51
29.927,-95.58,51
40.524,-74.343,51
25.896,-80.289,51
36.163,-86.769,51
28.429,-81.235,51
29.852,-95.475,51
30.353,-83.082,51
34.212,-118.513,51
40.608,-73.818,51
33.947,-117.193,51
29.854,-95.515,51
25.965,-80.131,51
29.829,-95.19,51
29.958,-95.392,51
39.68,-105.024,51
28.357,-81.244,51
28.445,-81.46,51
29.814,-95.811,51
38.96,-77.059,51
34.09,-118.299,51
25.768,-80.367,51
26.336,-80.148,51
29.806,-82.536,51
40.743,-73.864,51
29.522,-95.183,51
26.792,-80.033,51
29.842,-95.768,51
26.006,-80.339,51
32.495,-97.182,51
29.771,-95.38,51
29.801,-95.562,51
29.673,-95.506,51
25.734,-80.381,51
26.045,-80.236,51
29.847,-95.771,51
25.675,-80.421,50
30.007,-95.548,50
33.947,-118.014,50
26.25,-80.086,50
29.559,-95.364,50
25.854,-80.268,50
33.904,-118.237,50
32.773,-96.653,50
33.906,-118.329,50
32.845,-96.71,50
25.885,-80.347,50
25.943,-80.203,50
25.986,-80.12,50
33.894,-118.089,50
26.005,-80.167,50
29.83,-95.396,50
32.676,-97.086,50
40.632,-74.021,50
30.134,-95.547,50
25.755,-80.338,50
25.677,-80.298,50
29.88,-95.692,50
38.634,-90.242,50
29.93,-95.627,50
39.105,-77.01,50
32.653,-97.186,50
38.569,-90.382,50
29.945,-95.499,50
39.568,-105.108,50
38.669,-121.273,50
39.288,-84.401,50
27.295,-80.396,50
25.853,-80.183,50
29.735,-95.336,50
38.452,-121.424,50
29.924,-95.462,50
26.014,-80.174,50
30.025,-95.609,50
-12.041,-76.935,50
26.032,-80.238,50
33.833,-117.97,50
25.696,-80.361,50
25.729,-80.241,50
25.765,-80.195,50
25.788,-80.221,50
32.763,-97.227,50
25.582,-80.337,50
26.105,-80.198,50
29.834,-95.563,50
25.775,-80.336,50
32.926,-96.995,50
25.783,-80.236,50
25.846,-80.191,50
40.918,-73.821,50
42.929,-85.648,49
42.998,-85.667,49
43.237,-85.528,49
42.887,-85.787,49
41.965,-87.732,49
42.34,-71.539,49
26.75,-80.08,49
33.143,-96.851,49
29.747,-95.351,49
39.147,-76.912,49
32.748,-97.341,49
40.686,-80.102,49
26.014,-80.231,49
26.169,-80.101,49
38.994,-76.865,49
39.03,-84.66,49
29.821,-95.206,49
32.847,-96.558,49
33.838,-117.92,49
39.029,-77.048,49
25.716,-80.281,49
39.405,-76.541,49
39.0,-76.293,49
32.708,-97.4,49
26.62,-80.086,49
30.07,-95.6,49
25.806,-80.186,49
30.071,-96.007,49
33.887,-84.316,49
32.919,-96.769,49
26.671,-80.051,49
25.954,-80.277,49
36.818,-99.009,49
32.78,-96.798,49
25.764,-80.235,49
28.375,-81.349,49
29.712,-95.669,49
32.72,-96.622,49
25.945,-80.302,49
39.086,-76.938,49
29.714,-95.655,49
32.856,-97.011,49
40.71,-73.795,49
25.812,-80.366,49
39.211,-76.821,49
29.946,-95.655,49
32.902,-96.956,49
26.808,-80.08,49
25.699,-80.44,49
30.144,-95.526,49
25.682,-80.435,49
29.729,-95.48,49
26.019,-80.179,49
25.685,-80.318,49
29.756,-95.367,49
29.755,-95.392,49
28.251,-81.577,49
34.186,-118.396,49
29.736,-95.596,49
32.872,-97.348,49
29.75,-95.501,49
27.148,-80.203,48
29.977,-95.497,48
28.395,-81.381,48
30.005,-95.274,48
32.922,-97.091,48
25.841,-80.324,48
28.256,-81.315,48
33.1,-96.677,48
29.963,-95.508,48
34.165,-118.829,48
32.893,-96.89,48
32.733,-97.017,48
39.094,-77.194,48
40.744,-74.039,48
29.732,-95.467,48
29.863,-95.645,48
29.905,-95.334,48
32.855,-97.011,48
25.709,-80.283,48
32.648,-97.074,48
39.115,-76.707,48
28.271,-81.656,48
10.397,-75.487,48
28.275,-81.471,48
26.368,-80.099,48
25.797,-80.276,48
26.037,-80.221,48
29.723,-95.61,48
32.867,-96.98,48
26.057,-80.182,48
29.829,-95.362,48
28.335,-81.587,48
25.875,-80.353,48
39.738,-104.944,48
29.789,-95.713,48
29.686,-95.712,48
37.965,-122.513,48
29.594,-95.139,48
33.741,-118.3,48
32.912,-96.92,48
29.721,-95.442,48
34.225,-118.393,48
34.257,-118.597,48
33.168,-96.911,48
25.793,-80.251,48
26.717,-80.035,48
32.687,-96.219,48
32.885,-96.431,48
10.285,-61.236,48
25.738,-80.44,48
25.741,-80.324,48
26.713,-80.077,48
26.628,-80.061,48
27.93,-82.789,48
29.679,-95.366,48
32.88,-97.225,48
25.692,-80.4,48
32.832,-97.005,48
26.124,-80.139,48
39.646,-104.891,48
32.792,-97.181,48
30.074,-95.437,48
27.937,-82.451,48
25.555,-80.335,48
29.235,-81.101,48
30.176,-95.588,48
32.825,-97.086,48
38.581,-121.496,48
34.177,-118.54,48
26.654,-80.144,48
25.753,-80.421,48
29.693,-95.177,48
28.347,-81.317,48
30.042,-95.383,48
33.956,-84.552,48
25.976,-80.245,48
26.641,-80.132,48
41.754,-88.347,48
42.003,-88.031,48
42.992,-85.664,48
41.86,-88.0,48
42.02,-87.678,48
42.401,-83.434,47
41.85,-87.65,47
39.293,-84.301,47
30.082,-95.514,47
38.986,-76.998,47
29.67,-95.194,47
25.801,-80.191,47
26.172,-80.18,47
25.938,-80.295,47
34.054,-117.953,47
29.687,-95.465,47
30.051,-95.503,47
6.149,-75.37,47
40.68,-75.336,47
29.83,-95.72,47
29.699,-95.535,47
29.707,-95.289,47
25.697,-80.158,47
32.687,-97.095,47
29.702,-95.303,47
33.856,-117.881,47
25.684,-80.458,47
32.736,-97.107,47
25.806,-80.296,47
25.622,-80.396,47
29.997,-95.759,47
26.142,-80.157,47
40.755,-73.893,47
29.96,-95.652,47
25.765,-80.227,47
29.967,-95.162,47
26.067,-80.183,47
25.685,-80.415,47
26.06,-80.213,47
33.934,-118.182,47
32.964,-97.659,47
29.932,-95.411,47
29.645,-95.207,47
26.102,-80.189,47
38.744,-121.226,47
29.851,-95.408,47
38.886,-76.813,47
25.856,-80.12,47
28.935,-81.202,47
25.9,-80.26,47
28.243,-81.315,47
25.69,-80.362,47
26.151,-80.319,47
29.921,-95.51,47
25.944,-80.297,47
30.108,-95.505,47
33.714,-118.009,47
28.371,-81.507,47
26.031,-80.153,47
30.005,-95.291,46
40.668,-73.786,46
25.626,-80.331,46
27.965,-82.446,46
34.246,-118.411,46
32.818,-96.919,46
38.818,-77.106,46
25.748,-80.262,46
38.585,-121.415,46
32.768,-96.597,46
33.921,-118.274,46
34.007,-118.153,46
25.813,-80.192,46
34.103,-118.335,46
25.842,-80.129,46
29.676,-95.683,46
37.707,-89.893,46
29.56,-95.616,46
34.22,-118.398,46
29.786,-95.723,46
29.862,-95.79,46
40.57,-75.517,46
25.594,-80.411,46
28.416,-81.421,46
32.735,-97.295,46
34.108,-118.131,46
30.023,-95.48,46
29.87,-95.654,46
29.773,-95.38,46
26.818,-80.079,46
37.981,-85.695,46
34.244,-118.273,46
26.757,-80.101,46
33.228,-96.635,46
29.9,-95.6,46
29.743,-95.776,46
26.59,-80.147,46
28.497,-81.641,46
29.909,-95.385,46
32.476,-96.824,46
25.763,-80.19,46
30.665,-96.372,46
26.003,-80.178,46
25.935,-80.317,46
25.86,-80.327,46
30.239,-95.389,46
33.293,-96.57,46
10.925,-74.833,46
29.985,-95.693,46
32.831,-96.649,46
33.043,-80.088,46
39.956,-75.265,46
30.067,-95.17,46
32.751,-96.869,46
29.688,-95.814,46
39.59,-104.899,46
33.914,-118.331,46
25.732,-80.306,46
32.906,-96.7,46
26.052,-80.21,46
33.982,-118.409,46
29.887,-95.699,46
25.626,-80.41,46
44.485,-73.215,46
43.416,-84.073,46
41.864,-87.627,46
42.137,-71.135,46
42.489,-83.502,45
41.672,-86.894,45
43.944,-78.848,45
29.891,-95.437,45
28.398,-81.346,45
32.947,-97.022,45
40.799,-73.412,45
25.741,-80.434,45
25.974,-80.382,45
39.684,-105.096,45
40.708,-74.009,45
25.8,-80.188,45
32.963,-96.573,45
25.739,-80.241,45
29.814,-95.572,45
38.772,-121.273,45
25.668,-80.441,45
34.006,-118.281,45
25.777,-80.207,45
32.781,-96.808,45
39.74,-104.893,45
25.6,-80.419,45
32.803,-96.81,45
33.992,-83.759,45
38.798,-90.557,45
40.819,-74.99,45
25.783,-80.245,45
33.021,-96.932,45
30.14,-95.47,45
10.379,-75.489,45
26.132,-80.28,45
39.891,-75.359,45
25.927,-80.16,45
33.098,-96.813,45
29.888,-95.489,45
38.863,-77.265,45
34.188,-118.558,45
40.04,-75.04,45
29.681,-95.831,45
29.693,-95.296,45
25.781,-80.268,45
30.009,-95.622,45
34.293,-118.469,45
29.75,-95.47,45
29.902,-95.354,45
25.483,-80.435,45
28.638,-81.454,45
28.665,-81.513,45
25.772,-80.132,45
32.538,-96.777,45
32.553,-97.153,45
26.177,-80.16,45
25.828,-80.188,45
32.593,-96.858,45
29.724,-95.492,45
35.14,-80.876,45
29.4,-95.276,45
29.719,-95.847,45
25.872,-80.268,45
29.58,-95.651,45
26.22,-80.28,45
34.138,-117.757,45
39.058,-77.122,45
39.656,-105.033,45
25.779,-80.4,45
38.665,-90.192,45
32.675,-96.452,44
29.671,-95.563,44
28.481,-81.439,44
29.67,-95.251,44
34.262,-118.4,44
29.793,-95.714,44
33.057,-96.862,44
25.843,-80.207,44
29.654,-95.655,44
29.563,-95.263,44
29.969,-95.538,44
33.051,-96.787,44
29.783,-95.747,44
29.657,-95.569,44
33.226,-96.983,44
29.718,-95.802,44
28.397,-81.469,44
39.811,-104.926,44
32.79,-96.823,44
40.843,-73.929,44
39.096,-76.93,44
28.412,-81.408,44
37.967,-122.052,44
25.792,-80.321,44
28.539,-81.286,44
28.308,-81.459,44
29.774,-95.386,44
29.557,-95.374,44
32.808,-96.873,44
37.978,-122.32,44
30.02,-95.87,44
38.931,-76.972,44
29.688,-95.458,44
40.09,-74.942,44
26.734,-80.089,44
33.942,-118.339,44
32.871,-96.875,44
10.398,-75.493,44
34.291,-118.431,44
32.873,-97.287,44
29.897,-95.662,44
29.817,-95.421,44
32.838,-96.961,44
25.77,-80.35,44
39.14,-84.532,44
32.36,-96.794,44
29.817,-95.477,44
38.999,-76.89,44
29.915,-95.447,44
32.941,-97.029,44
32.927,-97.177,44
26.21,-80.196,44
26.218,-80.15,44
25.685,-80.262,44
28.597,-81.393,44
25.962,-80.218,44
26.616,-80.056,44
25.856,-80.126,44
33.847,-117.979,44
25.792,-80.187,44
34.463,-118.516,44
26.119,-80.141,44
25.819,-80.328,44
29.571,-95.527,44
32.883,-96.826,44
28.465,-81.39,44
36.307,-86.631,44
25.608,-80.425,44
25.788,-80.376,44
29.916,-95.481,44
39.177,-77.074,44
29.862,-95.775,44
25.803,-80.219,44
30.0,-95.153,44
38.572,-121.302,44
32.845,-96.689,44
33.825,-117.936,44
29.762,-95.332,44
32.751,-96.615,44
25.793,-80.337,44
43.039,-87.909,44
41.756,-88.281,44
41.801,-88.119,44
41.765,-88.058,44
42.036,-87.94,43
42.526,-83.516,43
41.977,-71.071,43
42.329,-83.277,43
25.904,-80.332,43
32.821,-96.786,43
29.617,-97.798,43
28.221,-81.181,43
33.802,-118.19,43
29.749,-95.467,43
29.902,-95.403,43
32.527,-97.308,43
25.643,-80.367,43
32.711,-97.034,43
32.824,-96.97,43
32.892,-96.692,43
29.896,-95.454,43
32.892,-96.458,43
29.734,-95.773,43
28.259,-81.366,43
28.395,-81.244,43
26.18,-80.284,43
25.786,-80.381,43
38.014,-122.275,43
26.38,-80.099,43
29.974,-95.399,43
29.73,-95.866,43
29.886,-95.681,43
26.139,-80.322,43
39.183,-76.668,43
32.833,-96.645,43
29.773,-95.738,43
26.807,-80.085,43
29.773,-95.378,43
26.185,-80.118,43
25.766,-80.193,43
25.813,-80.22,43
26.51,-80.124,43
29.782,-95.354,43
29.783,-95.756,43
28.52,-81.459,43
25.812,-80.382,43
33.7,-117.945,43
32.606,-97.396,43
29.875,-95.043,43
25.998,-80.204,43
25.451,-80.44,43
39.234,-77.239,43
27.847,-82.728,43
33.011,-96.972,43
29.681,-95.304,43
28.482,-81.407,43
29.71,-95.73,43
25.765,-80.393,43
34.003,-117.903,43
39.729,-105.012,43
25.959,-80.187,43
29.528,-95.34,43
29.807,-95.483,43
30.035,-95.495,43
25.806,-80.329,43
39.677,-105.018,43
39.703,-105.058,43
34.138,-118.232,43
34.045,-118.467,43
32.788,-97.265,43
38.616,-121.274,43
33.886,-118.15,43
38.62,-90.214,43
26.06,-80.26,43
32.848,-96.384,43
29.845,-95.444,43
34.022,-118.219,43
39.055,-77.048,43
25.773,-80.373,43
29.741,-95.502,43
28.151,-81.46,43
33.847,-118.307,43
29.854,-95.704,42
25.674,-80.425,42
26.263,-80.26,42
33.92,-118.13,42
30.092,-95.376,42
25.946,-80.128,42
29.884,-95.718,42
38.241,-122.011,42
32.82,-96.958,42
25.815,-80.272,42
25.861,-80.283,42
38.624,-90.266,42
29.864,-95.665,42
33.955,-118.138,42
39.083,-77.078,42
29.97,-95.391,42
32.813,-96.634,42
25.886,-80.16,42
25.75,-80.384,42
40.717,-73.732,42
29.8,-95.781,42
33.939,-118.264,42
25.779,-80.193,42
25.954,-80.278,42
33.082,-96.864,42
26.167,-80.217,42
39.174,-77.24,42
25.924,-80.123,42
26.062,-80.38,42
26.147,-80.268,42
39.66,-76.885,42
25.985,-80.233,42
39.654,-104.808,42
29.605,-95.191,42
40.005,-75.174,42
29.7,-95.518,42
29.682,-95.613,42
27.994,-82.727,42
39.364,-76.758,42
39.154,-77.064,42
26.743,-80.111,42
34.186,-118.457,42
26.219,-80.173,42
32.715,-97.3,42
33.79,-118.307,42
33.175,-87.449,42
32.595,-96.832,42
29.561,-95.126,42
32.947,-96.77,42
26.107,-80.149,42
30.152,-95.43,42
25.562,-80.392,42
29.832,-95.71,42
33.678,-117.744,42
25.933,-80.121,42
39.187,-77.269,42
25.623,-80.366,42
30.043,-95.534,42
32.671,-97.207,42
25.883,-80.166,42
25.812,-80.254,42
30.005,-95.528,42
25.895,-80.21,42
39.186,-78.136,42
25.912,-80.307,42
26.061,-80.258,42
39.053,-84.652,42
32.857,-96.755,42
25.78,-80.138,42
34.033,-117.602,42
39.12,-76.845,42
37.9,-122.061,42
32.368,-96.867,42
29.667,-95.68,42
25.731,-80.389,42
38.806,-76.371,42
32.616,-97.113,42
28.506,-81.378,42
29.695,-95.313,42
29.715,-95.882,42
32.774,-96.794,42
29.992,-95.564,42
29.788,-95.522,42
33.21,-96.753,42
29.667,-95.206,42
25.789,-80.133,42
25.836,-80.37,42
27.815,-82.642,42
33.817,-117.938,42
41.78,-88.301,42
41.734,-88.061,42
41.906,-87.63,42
42.426,-71.251,41
42.013,-87.837,41
42.178,-71.069,41
41.947,-87.718,41
33.213,-97.129,41
33.772,-117.947,41
29.653,-95.277,41
25.828,-80.273,41
33.289,-96.818,41
10.391,-75.484,41
29.638,-95.395,41
33.927,-118.265,41
29.636,-95.554,41
25.898,-80.157,41
29.628,-95.188,41
25.91,-80.186,41
29.752,-95.794,41
29.761,-95.382,41
29.762,-95.365,41
28.546,-81.241,41
29.776,-95.38,41
25.938,-80.207,41
25.813,-80.308,41
25.94,-80.342,41
39.791,-105.079,41
33.002,-96.894,41
25.949,-80.335,41
34.0,-118.281,41
34.002,-117.971,41
25.608,-80.311,41
28.451,-81.497,41
32.965,-96.827,41
29.819,-95.706,41
25.804,-80.195,41
32.949,-96.603,41
29.829,-95.8,41
33.837,-118.24,41
29.836,-95.55,41
34.031,-118.232,41
29.538,-95.11,41
34.032,-118.284,41
32.939,-97.135,41
28.38,-81.405,41
25.648,-80.414,41
29.847,-95.486,41
34.036,-117.931,41
28.369,-81.363,41
25.985,-80.153,41
34.043,-84.045,41
29.857,-95.745,41
25.991,-80.165,41
28.345,-81.625,41
25.992,-80.122,41
32.91,-96.914,41
26.003,-80.29,41
25.795,-80.199,41
29.678,-95.54,41
25.795,-80.388,41
34.076,-118.371,41
28.216,-81.315,41
32.874,-96.684,41
29.924,-95.406,41
29.927,-95.749,41
26.018,-80.235,41
25.695,-80.321,41
32.858,-96.994,41
39.091,-77.177,41
25.703,-80.415,41
25.788,-80.377,41
29.694,-95.872,41
32.849,-96.986,41
27.473,-82.54,41
26.052,-80.143,41
26.059,-80.255,41
34.179,-118.462,41
38.918,-94.834,41
34.191,-118.604,41
30.016,-95.446,41
30.019,-95.429,41
30.037,-95.477,41
26.652,-80.133,41
30.057,-95.499,41
30.062,-95.248,41
6.176,-75.647,41
32.781,-96.795,41
26.123,-80.137,41
33.793,-117.897,41
26.44,-80.092,41
30.202,-95.741,41
32.763,-97.108,41
30.218,-95.334,41
30.258,-95.699,41
32.754,-97.478,41
37.981,-122.267,41
25.773,-80.288,41
32.744,-96.833,41
26.308,-80.112,41
40.686,-73.842,41
32.737,-96.922,41
37.813,-122.263,41
32.629,-97.331,41
25.765,-80.246,41
37.65,-122.079,41
32.806,-96.79,40
33.86,-117.907,40
39.138,-84.605,40
25.847,-80.37,40
29.682,-95.583,40
25.48,-80.43,40
26.048,-80.155,40
26.015,-80.213,40
28.317,-81.352,40
34.06,-118.402,40
25.691,-80.442,40
32.691,-96.557,40
32.809,-96.85,40
29.884,-95.654,40
33.855,-117.967,40
32.838,-96.98,40
32.813,-96.61,40
26.007,-80.257,40
25.793,-80.187,40
29.772,-95.698,40
25.687,-80.446,40
29.773,-94.979,40
25.563,-80.429,40
29.728,-95.492,40
28.539,-81.488,40
29.724,-95.39,40
33.031,-97.252,40
35.134,-80.737,40
29.785,-95.62,40
29.745,-95.354,40
25.777,-80.36,40
25.777,-80.355,40
39.045,-77.06,40
25.451,-80.542,40
27.169,-80.336,40
25.595,-80.384,40
25.849,-80.242,40
26.2,-80.221,40
29.744,-95.373,40
26.371,-80.103,40
25.823,-80.329,40
26.597,-80.092,40
33.939,-118.027,40
33.841,-118.319,40
26.603,-80.126,40
33.087,-96.83,40
32.602,-97.385,40
26.613,-80.115,40
26.143,-80.297,40
26.239,-80.128,40
25.61,-80.416,40
38.588,-121.41,40
26.617,-80.193,40
32.973,-96.324,40
38.601,-90.287,40
20.626,-105.224,40
34.106,-117.852,40
29.814,-95.365,40
33.703,-117.75,40
26.627,-80.092,40
40.757,-73.202,40
34.106,-117.577,40
29.817,-95.763,40
25.805,-80.193,40
29.735,-95.585,40
29.946,-95.802,40
25.767,-80.196,40
25.778,-80.215,40
25.87,-80.333,40
25.845,-80.241,40
32.949,-96.909,40
25.975,-80.367,40
32.742,-96.654,40
28.399,-81.504,40
26.194,-80.18,40
25.641,-80.521,40
28.391,-81.398,40
32.753,-97.114,40
25.977,-80.149,40
29.732,-95.327,40
30.209,-95.431,40
29.846,-95.779,40
26.412,-80.101,40
26.274,-80.085,40
28.561,-81.483,40
39.608,-104.764,40
32.936,-96.638,40
29.674,-95.495,40
39.545,-104.917,40
40.665,-75.388,40
39.451,-77.408,40
26.272,-80.217,40
25.667,-80.434,40
39.313,-76.751,40
25.672,-80.416,40
25.797,-80.339,40
32.835,-97.007,40
25.796,-80.19,40
41.953,-87.778,40
42.843,-85.592,40
42.286,-83.179,40
42.426,-83.426,40
42.009,-87.664,40
41.859,-87.984,40
41.761,-88.273,40
42.485,-83.501,40
41.788,-88.277,39
42.018,-71.111,39
41.859,-88.003,39
42.929,-85.57,39
42.622,-71.361,39
39.112,-77.186,39
29.75,-95.426,39
33.874,-118.224,39
25.481,-80.43,39
25.772,-80.258,39
30.645,-97.689,39
32.826,-97.048,39
29.743,-95.373,39
26.329,-80.138,39
29.623,-95.726,39
33.191,-97.153,39
40.757,-73.757,39
25.898,-80.234,39
33.209,-97.148,39
26.312,-80.195,39
25.761,-80.192,39
25.897,-80.177,39
25.691,-80.321,39
39.138,-77.207,39
26.074,-80.226,39
26.725,-80.082,39
33.884,-118.401,39
34.077,-117.708,39
30.007,-95.457,39
25.787,-80.134,39
26.081,-80.236,39
36.126,-115.165,39
39.176,-77.2,39
26.27,-80.168,39
33.845,-117.954,39
26.258,-80.241,39
26.0,-80.343,39
25.797,-80.352,39
34.055,-118.314,39
28.338,-81.591,39
25.85,-80.193,39
29.702,-95.297,39
38.76,-90.066,39
34.049,-118.442,39
33.85,-84.359,39
32.928,-97.28,39
29.584,-95.648,39
29.584,-95.15,39
25.985,-80.3,39
29.849,-95.507,39
26.274,-80.166,39
33.762,-117.913,39
38.68,-90.472,39
39.645,-84.224,39
29.835,-95.653,39
27.025,-80.229,39
30.052,-95.646,39
40.633,-75.429,39
39.678,-104.946,39
33.9,-118.19,39
37.751,-97.822,39
26.629,-80.113,39
25.964,-80.223,39
32.968,-96.306,39
29.813,-95.819,39
26.617,-80.068,39
28.454,-81.476,39
34.011,-84.168,39
29.804,-95.356,39
32.98,-96.886,39
25.75,-80.386,39
28.478,-81.41,39
25.809,-80.187,39
26.966,-80.09,39
32.68,-96.822,39
28.498,-81.459,39
25.581,-80.356,39
33.018,-96.691,39
25.942,-80.301,39
29.725,-95.457,39
29.728,-95.774,39
29.224,-81.102,39
29.961,-95.211,39
32.709,-96.851,39
28.553,-81.777,39
29.77,-95.379,39
33.917,-118.367,39
25.77,-80.263,39
38.035,-122.266,39
30.217,-95.335,39
29.733,-95.618,39
25.924,-80.205,39
26.763,-80.11,39
29.757,-95.369,39
28.015,-82.594,39
33.118,-96.786,39
29.904,-95.593,38
28.222,-81.602,38
25.806,-80.187,38
32.971,-97.032,38
25.783,-80.282,38
40.621,-75.466,38
26.278,-80.14,38
38.007,-122.133,38
32.731,-97.116,38
29.631,-95.416,38
25.826,-80.362,38
40.733,-73.989,38
30.065,-95.812,38
39.703,-105.059,38
29.838,-95.75,38
29.948,-95.411,38
26.627,-80.097,38
29.738,-95.521,38
29.924,-95.297,38
29.927,-95.726,38
29.887,-95.698,38
28.432,-81.447,38
29.817,-95.422,38
25.761,-80.331,38
29.751,-95.742,38
32.869,-97.044,38
32.406,-81.771,38
29.617,-95.431,38
33.195,-96.878,38
34.147,-118.261,38
39.68,-105.062,38
28.412,-81.419,38
32.618,-96.269,38
29.867,-95.458,38
25.771,-80.189,38
25.928,-80.225,38
29.877,-95.623,38
33.408,-84.141,38
29.762,-95.887,38
29.993,-95.57,38
33.941,-118.343,38
26.038,-80.222,38
25.883,-80.122,38
39.843,-105.056,38
25.571,-80.384,38
34.054,-118.289,38
34.101,-118.342,38
32.866,-97.513,38
29.723,-95.346,38
25.669,-80.385,38
38.481,-90.763,38
29.861,-95.698,38
25.839,-80.18,38
28.162,-80.706,38
33.839,-117.902,38
33.89,-118.073,38
29.66,-95.591,38
40.711,-73.788,38
26.092,-80.363,38
33.029,-96.562,38
25.812,-80.136,38
26.538,-80.088,38
29.931,-95.561,38
29.891,-95.598,38
30.111,-95.196,38
25.684,-80.393,38
32.924,-96.965,38
32.798,-96.781,38
29.721,-95.339,38
26.303,-80.151,38
30.0,-95.267,38
26.009,-80.277,38
33.857,-118.013,38
29.736,-95.786,38
33.946,-118.183,38
25.777,-80.304,38
25.773,-80.332,38
34.104,-118.292,38
39.046,-76.952,38
25.657,-80.446,38
29.796,-95.472,38
34.137,-118.132,38
32.731,-96.853,38
29.798,-95.503,38
32.781,-96.796,38
29.958,-95.26,38
38.726,-9.147,38
26.612,-80.135,38
29.898,-95.46,38
32.986,-97.17,38
28.31,-81.415,38
29.738,-95.812,38
29.733,-95.515,38
29.629,-95.512,38
38.585,-90.275,38
38.693,-77.131,38
26.242,-80.249,38
32.607,-97.155,38
34.012,-117.589,38
29.982,-95.248,38
49.229,-123.004,38
42.875,-85.652,38
42.908,-85.542,38
41.661,-70.313,37
41.769,-88.148,37
41.783,-88.167,37
42.985,-85.659,37
42.809,-85.672,37
41.911,-87.743,37
25.786,-80.384,37
26.697,-80.054,37
25.769,-80.269,37
30.002,-95.148,37
29.762,-95.362,37
29.978,-95.451,37
26.03,-80.313,37
26.684,-80.055,37
26.343,-80.22,37
25.765,-80.242,37
26.016,-80.321,37
34.21,-118.398,37
34.089,-118.377,37
25.827,-80.361,37
33.955,-118.276,37
32.823,-96.789,37
29.684,-95.692,37
39.375,-76.691,37
32.656,-96.425,37
25.66,-80.433,37
29.736,-95.468,37
32.797,-96.624,37
26.241,-80.201,37
25.892,-80.175,37
38.714,-121.267,37
34.184,-118.295,37
33.794,-118.254,37
25.729,-80.324,37
29.707,-95.225,37
26.106,-80.366,37
34.033,-117.6,37
34.031,-117.611,37
29.836,-95.405,37
25.784,-80.408,37
25.893,-80.23,37
33.127,-96.666,37
29.829,-95.43,37
34.223,-118.586,37
29.486,-95.398,37
28.416,-81.442,37
33.722,-117.79,37
25.747,-80.35,37
32.786,-96.787,37
32.745,-96.884,37
25.845,-80.262,37
25.614,-80.415,37
29.757,-95.811,37
34.01,-84.578,37
32.842,-97.382,37
29.757,-95.812,37
30.072,-95.765,37
29.665,-95.088,37
30.718,-95.585,37
29.699,-95.651,37
29.743,-95.485,37
39.034,-76.949,37
30.079,-95.554,37
10.994,-74.793,37
29.737,-95.596,37
26.208,-80.266,37
29.681,-95.647,37
33.986,-118.068,37
33.986,-118.245,37
25.593,-80.375,37
28.496,-81.428,37
29.94,-95.335,37
40.673,-73.833,37
33.013,-96.948,37
37.782,-121.229,37
26.788,-80.056,37
33.014,-96.994,37
30.121,-95.673,37
33.104,-96.796,37
33.874,-117.882,37
32.749,-96.825,37
25.776,-80.194,37
25.91,-80.21,37
38.467,-121.376,37
29.775,-95.221,37
33.966,-84.176,37
25.814,-80.328,37
33.936,-118.214,37
26.02,-80.179,37
29.73,-95.481,37
26.417,-80.076,37
33.921,-118.4,37
34.081,-118.145,37
26.01,-80.142,37
30.008,-95.271,37
29.899,-95.355,37
32.878,-96.999,37
39.177,-76.81,37
32.701,-97.013,37
32.877,-97.326,37
32.897,-97.037,37
26.73,-80.111,37
33.881,-118.314,37
39.678,-104.98,36
25.768,-80.306,36
26.041,-80.214,36
37.396,-122.098,36
39.726,-105.088,36
39.728,-105.056,36
30.075,-95.559,36
26.008,-80.146,36
29.753,-95.57,36
29.999,-95.56,36
33.878,-118.288,36
26.12,-80.128,36
29.796,-95.555,36
29.757,-95.886,36
26.272,-80.213,36
25.769,-80.344,36
25.692,-80.165,36
33.993,-118.157,36
29.765,-95.282,36
28.253,-81.226,36
25.947,-80.339,36
28.487,-81.284,36
28.488,-81.415,36
29.94,-95.299,36
29.893,-95.308,36
33.989,-118.165,36
29.79,-95.665,36
29.663,-95.558,36
26.217,-80.241,36
32.568,-96.766,36
29.966,-95.43,36
34.088,-117.868,36
30.103,-95.534,36
10.375,-75.48,36
25.944,-80.266,36
32.778,-96.787,36
26.307,-80.102,36
32.652,-96.972,36
26.566,-80.178,36
40.579,-75.331,36
37.967,-122.502,36
28.605,-81.392,36
38.532,-77.32,36
29.755,-94.979,36
32.856,-96.736,36
30.012,-95.093,36
26.342,-80.088,36
29.761,-95.741,36
33.103,-96.651,36
28.517,-81.479,36
26.53,-80.144,36
25.99,-80.145,36
25.839,-80.269,36
25.798,-80.276,36
30.131,-95.284,36
40.746,-73.88,36
38.788,-121.205,36
38.961,-94.5,36
25.883,-80.124,36
29.747,-95.531,36
25.67,-80.448,36
39.824,-104.764,36
33.968,-118.426,36
29.962,-95.478,36
25.831,-80.371,36
33.039,-96.67,36
26.005,-80.288,36
29.862,-95.372,36
33.965,-118.235,36
25.506,-80.43,36
25.755,-80.391,36
25.814,-80.327,36
10.4,-75.487,36
28.34,-81.388,36
29.754,-95.625,36
33.048,-96.94,36
29.748,-94.947,36
25.933,-80.353,36
33.055,-97.028,36
33.819,-118.275,36
26.196,-80.159,36
34.208,-118.379,36
29.754,-95.753,36
29.769,-95.385,36
25.773,-80.204,36
39.076,-77.078,36
26.062,-80.166,36
32.855,-96.754,36
32.697,-97.027,36
25.689,-80.388,36
32.725,-97.113,36
26.762,-80.093,36
33.317,-96.927,36
32.86,-97.004,36
25.783,-80.198,36
39.989,-105.091,36
26.317,-80.076,36
25.914,-80.152,36
34.024,-118.391,36
25.969,-80.362,36
34.228,-118.451,36
25.977,-80.2,36
26.113,-80.328,36
29.714,-95.584,36
25.742,-80.237,36
37.723,-122.148,36
33.206,-96.933,36
28.389,-81.371,36
25.806,-80.313,36
36.928,-76.291,36
34.073,-118.398,36
25.802,-80.198,36
29.757,-95.407,36
38.833,-77.118,36
34.017,-118.175,36
39.635,-104.91,36
25.683,-80.343,36
29.708,-95.782,36
34.014,-118.081,36
32.971,-96.9,36
25.718,-80.306,36
39.718,-104.666,36
43.013,-85.585,36
42.172,-71.063,36
42.019,-87.675,36
40.901,-74.034,36
42.439,-83.349,36
43.748,-111.049,36
43.271,-85.391,36
42.962,-85.659,36
41.945,-71.134,36
42.919,-85.575,35
43.176,-85.555,35
42.197,-71.2,35
42.485,-83.496,35
42.032,-88.244,35
42.152,-71.076,35
41.967,-71.26,35
41.981,-87.823,35
33.948,-118.346,35
32.937,-96.9,35
29.847,-95.64,35
40.608,-73.992,35
25.773,-80.346,35
38.941,-77.078,35
25.653,-80.416,35
29.809,-95.37,35
25.69,-80.18,35
32.805,-96.955,35
39.234,-76.643,35
25.669,-80.375,35
29.898,-95.601,35
26.015,-80.149,35
29.759,-95.253,35
33.833,-117.995,35
40.635,-73.766,35
39.0,-76.91,35
29.904,-95.321,35
25.956,-80.177,35
38.583,-121.248,35
29.766,-95.638,35
28.31,-81.22,35
32.878,-96.757,35
40.705,-73.799,35
37.959,-122.363,35
34.034,-117.048,35
29.964,-95.685,35
25.605,-80.313,35
25.605,-80.376,35
25.695,-80.442,35
25.853,-80.368,35
25.952,-80.139,35
29.642,-95.03,35
40.757,-73.806,35
32.681,-97.297,35
35.378,-97.496,35
39.737,-104.95,35
30.334,-95.098,35
25.729,-80.305,35
26.12,-80.138,35
25.603,-80.425,35
30.053,-95.432,35
39.675,-104.91,35
26.713,-80.118,35
39.522,-104.777,35
30.026,-95.481,35
29.678,-95.263,35
29.897,-95.59,35
25.726,-80.286,35
38.563,-121.468,35
29.618,-95.581,35
33.687,-117.732,35
25.774,-80.2,35
11.009,-74.837,35
29.61,-95.431,35
25.694,-80.307,35
25.779,-80.179,35
28.328,-81.541,35
25.929,-80.152,35
37.739,-122.468,35
25.04,-80.497,35
29.882,-95.476,35
33.007,-96.77,35
29.741,-95.604,35
32.749,-96.7,35
25.74,-80.338,35
30.0,-95.584,35
25.681,-80.449,35
33.008,-96.827,35
39.166,-77.226,35
28.653,-81.384,35
28.259,-81.544,35
25.9,-80.308,35
24.845,-80.747,35
27.312,-80.407,35
29.789,-95.721,35
30.096,-95.246,35
25.973,-80.128,35
29.203,-81.064,35
33.982,-118.273,35
29.946,-95.498,35
33.82,-117.52,35
34.045,-118.193,35
28.391,-81.248,35
25.503,-80.404,35
29.89,-95.689,35
25.7,-80.159,35
25.715,-80.384,35
29.828,-95.508,35
38.629,-121.434,35
39.684,-105.024,35
29.823,-95.77,35
29.957,-95.373,35
29.661,-95.264,35
32.822,-96.763,35
32.971,-97.289,35
40.625,-74.216,35
25.628,-80.398,35
39.169,-77.172,35
25.788,-80.337,35
29.618,-95.222,35
33.788,-117.986,35
26.76,-80.097,35
40.764,-73.816,35
33.977,-118.101,35
29.753,-95.802,35
28.387,-81.372,35
33.787,-117.885,35
29.907,-95.334,35
25.753,-80.259,35
25.853,-80.182,35
30.012,-95.025,35
30.0,-95.566,35
29.746,-95.356,35
34.186,-118.456,35
30.015,-95.461,35
28.213,-81.676,35
26.403,-80.117,35
25.597,-80.357,34
26.037,-80.184,34
29.988,-95.345,34
29.988,-94.031,34
27.64,-80.452,34
34.172,-118.306,34
26.062,-80.183,34
38.957,-77.007,34
40.713,-74.007,34
39.104,-77.157,34
26.807,-80.134,34
32.832,-97.287,34
32.866,-97.069,34
34.18,-118.441,34
25.694,-80.322,34
29.926,-95.361,34
29.916,-95.615,34
32.888,-96.891,34
30.008,-95.164,34
30.009,-95.415,34
32.812,-96.991,34
25.684,-80.421,34
29.884,-95.716,34
28.293,-81.455,34
30.017,-95.432,34
34.061,-117.274,34
25.676,-80.426,34
26.686,-80.073,34
26.686,-80.089,34
25.996,-80.304,34
29.683,-95.201,34
32.911,-96.726,34
29.865,-95.45,34
26.1,-80.13,34
32.924,-96.817,34
32.929,-97.344,34
32.931,-96.761,34
39.631,-105.035,34
34.033,-117.759,34
28.398,-81.42,34
39.674,-104.787,34
29.832,-95.656,34
28.416,-81.221,34
25.627,-80.383,34
28.436,-81.315,34
28.446,-81.468,34
25.747,-80.321,34
25.61,-80.367,34
39.725,-104.803,34
25.749,-80.234,34
25.843,-80.274,34
32.78,-96.776,34
39.742,-104.841,34
25.947,-80.185,34
38.555,-121.791,34
39.757,-105.008,34
30.103,-95.387,34
26.125,-80.246,34
29.785,-95.648,34
33.97,-118.231,34
33.968,-118.019,34
29.775,-95.426,34
29.773,-95.393,34
28.557,-81.593,34
25.776,-80.377,34
33.076,-96.839,34
39.974,-75.155,34
25.527,-80.423,34
25.524,-80.427,34
25.757,-80.191,34
33.948,-118.287,34
28.597,-81.307,34
25.916,-80.146,34
29.749,-95.464,34
33.938,-118.292,34
29.745,-95.349,34
28.666,-81.513,34
29.745,-95.818,34
34.483,-118.295,34
33.177,-96.915,34
29.633,-95.109,34
34.584,-117.964,34
29.634,-95.539,34
29.619,-95.285,34
29.637,-95.493,34
33.818,-118.286,34
25.772,-80.298,34
29.736,-95.579,34
29.644,-95.455,34
33.249,-97.101,34
32.666,-97.054,34
29.649,-95.17,34
25.766,-80.201,34
33.63,-117.673,34
25.88,-80.201,34
40.757,-73.984,34
26.278,-80.138,34
29.668,-95.541,34
25.871,-80.324,34
33.745,-117.928,34
25.766,-80.213,34
32.725,-97.365,34
29.51,-95.289,34
29.68,-95.344,34
32.713,-97.056,34
33.858,-118.266,34
25.848,-80.274,34
26.055,-80.204,34
34.168,-118.314,34
25.784,-80.19,34
25.783,-80.192,34
26.051,-80.212,34
27.309,-80.333,34
42.609,-71.162,34
42.971,-85.967,34
41.786,-87.868,34
41.707,-86.896,34
42.277,-71.697,33
42.031,-87.778,33
42.335,-83.079,33
42.947,-85.621,33
42.5,-83.299,33
42.903,-85.59,33
41.901,-87.625,33
41.888,-71.112,33
42.081,-71.038,33
43.01,-85.692,33
42.841,-85.679,33
42.066,-88.04,33
25.826,-80.193,33
32.759,-97.344,33
39.044,-94.57,33
25.69,-80.391,33
39.958,-75.213,33
26.144,-80.324,33
29.761,-95.011,33
32.766,-96.823,33
29.732,-95.521,33
25.691,-80.31,33
39.949,-104.984,33
32.676,-97.085,33
25.93,-80.351,33
39.125,-77.167,33
39.934,-75.146,33
33.959,-118.176,33
25.556,-80.37,33
32.774,-96.83,33
33.481,-112.122,33
26.437,-80.071,33
29.558,-95.262,33
30.167,-95.15,33
29.685,-95.565,33
26.035,-80.258,33
38.419,-121.472,33
26.46,-80.095,33
29.691,-95.72,33
29.726,-95.488,33
25.813,-80.186,33
26.184,-80.2,33
39.82,-104.771,33
34.252,-118.601,33
33.97,-118.288,33
25.883,-80.24,33
32.848,-97.211,33
29.78,-95.929,33
33.835,-118.215,33
25.776,-80.188,33
32.871,-97.104,33
25.812,-80.224,33
25.812,-80.385,33
29.787,-95.783,33
28.506,-81.377,33
39.761,-104.832,33
26.123,-80.136,33
28.479,-81.418,33
32.847,-97.164,33
29.797,-95.563,33
33.809,-117.997,33
32.983,-96.877,33
25.844,-80.37,33
38.593,-90.325,33
34.095,-118.313,33
28.451,-81.438,33
39.708,-104.865,33
32.787,-96.663,33
25.835,-80.211,33
34.021,-117.99,33
29.987,-95.481,33
25.626,-80.393,33
40.646,-74.017,33
32.682,-96.558,33
39.681,-105.087,33
32.79,-96.487,33
26.637,-80.113,33
29.587,-95.594,33
33.901,-118.327,33
34.222,-118.433,33
34.026,-118.231,33
32.864,-97.195,33
28.407,-81.449,33
33.76,-117.876,33
28.397,-81.336,33
28.393,-81.475,33
28.379,-81.241,33
29.846,-95.648,33
39.611,-105.144,33
26.652,-80.141,33
29.706,-95.296,33
38.711,-121.363,33
38.953,-76.83,33
25.785,-80.227,33
39.102,-76.854,33
25.434,-80.488,33
25.985,-80.217,33
28.369,-81.429,33
25.657,-80.445,33
35.591,-82.561,33
29.859,-95.506,33
26.988,-82.029,33
29.52,-95.459,33
30.03,-95.379,33
34.051,-118.044,33
29.86,-95.386,33
29.7,-95.371,33
29.683,-95.2,33
29.866,-95.581,33
29.947,-95.253,33
30.023,-95.869,33
29.687,-95.64,33
25.796,-80.188,33
25.677,-80.42,33
29.878,-95.639,33
29.994,-95.487,33
34.066,-117.575,33
34.137,-118.652,33
32.897,-97.036,33
32.722,-97.081,33
29.889,-95.445,33
25.732,-80.308,33
30.011,-95.562,33
39.163,-76.698,33
26.217,-80.279,33
26.199,-80.222,33
30.01,-95.867,33
32.889,-96.436,33
37.909,-122.305,33
18.499,-77.917,33
29.74,-95.344,33
33.93,-84.203,33
25.761,-80.441,33
26.166,-80.262,33
29.743,-94.985,33
25.896,-80.298,33
25.471,-80.458,33
29.745,-95.804,33
33.142,-96.867,33
33.135,-96.778,33
32.884,-97.259,33
25.769,-80.195,33
32.739,-97.096,33
30.373,-95.074,33
26.344,-80.19,33
32.884,-97.39,33
25.851,-80.368,33
25.459,-80.466,33
28.617,-81.463,33
25.499,-80.478,33
33.941,-118.401,33
29.756,-95.376,33
29.757,-95.831,33
30.236,-95.144,33
32.738,-97.492,33
29.757,-95.353,33
28.589,-81.414,32
25.852,-80.368,32
29.703,-95.303,32
29.709,-95.817,32
29.716,-95.812,32
29.72,-95.403,32
29.661,-95.154,32
29.722,-95.658,32
29.65,-95.163,32
28.945,-81.18,32
28.865,-81.912,32
29.736,-95.307,32
29.737,-95.561,32
29.62,-95.22,32
29.742,-95.481,32
28.69,-81.562,32
29.751,-95.371,32
40.615,-74.067,32
28.594,-81.283,32
28.579,-81.417,32
29.765,-95.34,32
39.93,-75.216,32
25.454,-80.434,32
28.538,-81.456,32
29.781,-95.911,32
29.692,-95.517,32
25.59,-80.379,32
29.791,-95.341,32
39.743,-104.842,32
29.795,-95.58,32
25.603,-80.436,32
29.803,-95.761,32
29.823,-95.684,32
25.63,-80.379,32
39.678,-104.898,32
29.831,-95.55,32
28.409,-81.499,32
29.834,-95.549,32
39.667,-105.02,32
39.661,-105.0,32
29.836,-94.922,32
29.841,-95.557,32
25.654,-80.404,32
25.667,-80.404,32
25.682,-80.441,32
28.289,-81.358,32
29.884,-95.495,32
28.275,-81.594,32
25.685,-80.399,32
29.919,-95.439,32
28.07,-81.547,32
29.938,-95.73,32
25.696,-80.456,32
39.109,-76.839,32
39.102,-76.874,32
39.095,-76.949,32
39.084,-76.941,32
29.694,-95.571,32
29.984,-95.502,32
29.985,-95.731,32
29.986,-95.732,32
26.766,-80.057,32
29.998,-95.406,32
26.754,-80.093,32
30.004,-95.557,32
26.692,-80.12,32
25.734,-80.278,32
30.023,-95.426,32
30.028,-95.428,32
26.643,-80.118,32
38.641,-90.34,32
38.543,-121.736,32
40.762,-73.778,32
30.205,-95.07,32
30.226,-95.702,32
25.759,-80.189,32
31.756,-106.292,32
32.561,-97.062,32
25.763,-80.304,32
25.764,-80.364,32
37.695,-122.081,32
25.767,-80.293,32
32.682,-97.031,32
32.692,-97.254,32
25.768,-80.212,32
25.769,-80.2,32
32.713,-96.667,32
25.77,-80.22,32
26.198,-80.251,32
35.198,-80.746,32
26.177,-80.134,32
32.741,-96.752,32
32.745,-96.595,32
32.75,-97.404,32
32.751,-97.066,32
34.305,-118.441,32
25.775,-80.331,32
26.142,-80.24,32
26.131,-80.144,32
26.13,-80.104,32
32.777,-97.083,32
40.703,-74.231,32
32.778,-96.789,32
32.78,-96.8,32
25.778,-80.239,32
26.109,-80.146,32
32.794,-96.779,32
34.201,-118.545,32
25.78,-80.191,32
34.148,-118.256,32
32.847,-97.308,32
25.787,-80.222,32
26.028,-80.167,32
26.026,-80.259,32
34.098,-118.323,32
32.873,-96.52,32
40.747,-73.997,32
25.792,-80.279,32
25.792,-80.193,32
34.068,-118.353,32
34.068,-118.4,32
26.006,-80.261,32
26.006,-80.348,32
40.722,-73.987,32
32.917,-96.948,32
25.799,-80.355,32
32.928,-96.997,32
25.985,-80.279,32
34.032,-117.597,32
25.803,-80.187,32
32.964,-96.747,32
32.973,-96.902,32
33.004,-96.853,32
25.932,-80.353,32
33.081,-96.659,32
25.923,-80.243,32
33.099,-96.658,32
33.257,-96.937,32
10.39,-75.468,32
25.828,-80.272,32
33.638,-117.677,32
25.878,-80.323,32
25.834,-80.12,32
25.87,-80.27,32
25.87,-80.307,32
33.798,-117.91,32
43.002,-85.679,32
42.341,-83.196,32
41.915,-87.635,32
41.979,-87.911,32
42.067,-87.859,32
42.317,-71.068,32
42.682,-71.348,32
42.517,-83.459,32
42.05,-87.834,31
42.348,-71.135,31
43.717,-85.372,31
41.993,-87.697,31
41.948,-88.075,31
43.0,-75.5,31
42.173,-70.973,31
42.365,-71.239,31
41.965,-87.882,31
42.013,-87.833,31
42.788,-86.119,31
42.063,-87.683,31
42.457,-71.451,31
42.491,-83.515,31
42.904,-85.666,31
42.851,-85.673,31
42.846,-85.653,31
41.718,-87.82,31
29.832,-95.774,31
39.008,-77.04,31
39.121,-77.172,31
25.765,-80.196,31
25.814,-80.258,31
33.181,-96.888,31
25.948,-80.151,31
32.647,-97.367,31
29.866,-95.694,31
39.679,-104.964,31
32.852,-96.969,31
25.746,-80.26,31
29.74,-95.512,31
39.634,-105.032,31
38.959,-76.979,31
34.234,-118.472,31
25.772,-80.194,31
29.74,-95.588,31
32.899,-96.935,31
29.83,-95.724,31
29.924,-95.425,31
33.882,-118.231,31
40.773,-74.179,31
29.835,-95.323,31
25.81,-80.317,31
30.305,-95.443,31
26.355,-80.085,31
32.997,-96.982,31
32.639,-96.486,31
26.119,-80.139,31
25.995,-80.224,31
29.873,-95.638,31
30.259,-95.053,31
29.793,-95.259,31
33.909,-118.296,31
32.782,-96.564,31
29.737,-95.882,31
33.921,-84.264,31
30.021,-95.443,31
28.892,-81.238,31
26.072,-80.364,31
25.954,-80.12,31
39.23,-76.816,31
30.08,-95.556,31
29.991,-95.562,31
39.188,-77.201,31
25.75,-80.201,31
29.911,-95.63,31
25.626,-80.414,31
37.825,-121.284,31
26.095,-80.369,31
34.061,-117.803,31
32.939,-97.289,31
25.494,-80.419,31
25.769,-80.245,31
25.925,-80.173,31
25.763,-80.205,31
32.966,-96.821,31
32.804,-96.807,31
25.852,-80.187,31
29.869,-95.715,31
40.751,-73.979,31
40.753,-73.966,31
25.753,-80.208,31
39.926,-75.166,31
29.537,-95.488,31
33.878,-118.218,31
38.485,-121.426,31
29.728,-95.897,31
40.781,-73.821,31
28.39,-81.362,31
29.731,-95.457,31
26.13,-80.15,31
26.13,-80.143,31
25.822,-80.367,31
32.861,-98.464,31
29.826,-95.707,31
25.568,-80.397,31
33.538,-112.046,31
28.454,-81.464,31
25.776,-80.275,31
32.769,-97.102,31
35.215,-80.834,31
25.64,-80.442,31
29.819,-95.163,31
26.0,-80.291,31
29.884,-95.364,31
32.915,-96.638,31
25.78,-80.221,31
33.009,-96.894,31
20.99,-86.827,31
25.677,-80.324,31
39.071,-77.125,31
33.895,-117.894,31
25.798,-80.326,31
33.953,-118.204,31
32.826,-96.835,31
29.749,-95.744,31
25.78,-80.266,31
25.803,-80.189,31
29.789,-95.712,31
25.799,-80.211,31
37.748,-122.205,31
25.781,-80.252,31
39.12,-77.233,31
34.021,-118.243,31
32.736,-96.287,31
39.208,-76.914,31
33.151,-96.712,31
25.987,-80.118,31
25.712,-80.45,31
40.813,-111.949,31
34.037,-117.488,31
29.672,-95.584,31
34.061,-118.296,31
29.931,-95.684,31
34.595,-120.142,31
39.75,-104.926,31
29.879,-95.482,31
25.918,-80.191,31
25.97,-80.3,31
25.78,-80.272,31
33.889,-118.133,31
39.519,-104.818,31
33.811,-96.629,31
32.737,-96.795,31
26.259,-80.213,31
26.275,-80.13,31
26.018,-80.264,31
29.852,-95.666,31
29.688,-95.533,31
25.563,-80.372,31
32.794,-96.813,31
32.794,-97.183,31
26.017,-80.234,31
40.747,-73.976,31
25.624,-80.392,31
29.743,-95.488,31
29.984,-95.296,31
26.642,-80.105,31
39.654,-104.888,31
30.011,-95.488,31
29.93,-95.476,31
40.722,-73.768,30
25.789,-80.194,30
25.766,-80.194,30
26.336,-80.175,30
25.928,-80.17,30
25.595,-80.382,30
33.06,-96.872,30
29.991,-95.49,30
25.815,-80.206,30
25.702,-80.364,30
29.679,-95.303,30
27.019,-82.051,30
32.59,-96.929,30
32.386,-96.848,30
39.916,-75.266,30
28.493,-81.247,30
25.794,-80.189,30
34.168,-118.304,30
28.553,-81.408,30
27.775,-82.635,30
28.497,-81.419,30
29.704,-95.881,30
29.76,-95.475,30
28.426,-81.477,30
37.878,-122.068,30
25.566,-80.425,30
25.811,-80.203,30
34.163,-118.374,30
39.865,-105.027,30
28.507,-81.353,30
29.774,-95.602,30
37.835,-122.265,30
34.159,-118.397,30
32.925,-96.38,30
25.785,-80.236,30
37.928,-122.023,30
26.202,-80.268,30
39.669,-104.801,30
25.839,-80.206,30
29.775,-95.617,30
25.771,-80.187,30
25.569,-80.368,30
32.845,-97.13,30
29.701,-95.674,30
29.973,-95.406,30
27.315,-80.407,30
29.785,-95.725,30
33.968,-118.038,30
27.43,-80.332,30
29.779,-95.783,30
29.781,-95.778,30
32.847,-96.834,30
26.299,-80.277,30
32.847,-96.599,30
33.018,-96.713,30
29.784,-95.301,30
25.8,-80.193,30
29.815,-95.717,30
33.861,-118.167,30
29.667,-97.327,30
29.875,-95.606,30
29.719,-95.839,30
25.879,-80.211,30
25.759,-80.344,30
30.308,-95.399,30
29.721,-95.5,30
26.268,-80.18,30
25.774,-80.321,30
28.253,-81.367,30
25.881,-80.162,30
25.882,-80.385,30
25.757,-80.228,30
28.444,-81.419,30
32.644,-96.883,30
29.724,-95.798,30
29.659,-95.713,30
26.384,-80.186,30
33.625,-117.911,30
29.879,-95.689,30
26.009,-80.207,30
32.908,-96.736,30
29.813,-95.564,30
29.729,-95.463,30
37.94,-122.35,30
26.17,-80.098,30
34.259,-118.403,30
25.761,-80.334,30
35.708,-81.265,30
28.238,-81.492,30
29.688,-95.578,30
38.335,-121.954,30
33.87,-117.888,30
28.453,-81.577,30
30.146,-95.549,30
32.882,-96.696,30
39.68,-104.81,30
25.852,-80.275,30
25.776,-80.192,30
39.146,-77.166,30
25.827,-80.213,30
28.206,-81.243,30
29.648,-95.573,30
29.732,-95.395,30
34.249,-118.523,30
26.203,-80.205,30
33.282,-96.733,30
26.563,-81.988,30
33.266,-96.788,30
29.733,-95.516,30
29.643,-95.387,30
25.769,-80.19,30
29.735,-95.581,30
29.802,-95.411,30
30.077,-95.11,30
28.471,-81.298,30
25.797,-80.249,30
26.617,-80.08,30
26.617,-80.076,30
29.74,-95.424,30
25.85,-80.285,30
29.881,-95.699,30
29.74,-95.411,30
29.62,-95.495,30
33.0,-96.669,30
34.091,-118.386,30
25.745,-80.424,30
38.64,-121.4,30
28.34,-81.421,30
38.647,-121.263,30
29.796,-95.497,30
30.67,-88.129,30
30.046,-95.587,30
29.674,-95.566,30
33.154,-96.835,30
26.002,-80.21,30
32.728,-97.0,30
32.868,-96.774,30
33.149,-96.684,30
28.645,-81.352,30
25.481,-80.491,30
32.905,-97.55,30
29.795,-95.768,30
25.81,-80.337,30
26.095,-80.295,30
25.458,-80.438,30
29.794,-95.695,30
32.866,-96.91,30
39.306,-76.576,30
25.798,-80.206,30
40.056,-75.036,30
29.698,-95.808,30
29.861,-95.689,30
30.015,-95.321,30
32.939,-96.755,30
37.752,-122.427,30
29.86,-95.351,30
32.704,-97.443,30
28.377,-81.419,30
29.755,-95.361,30
29.86,-95.626,30
30.011,-95.818,30
30.01,-95.496,30
38.88,-94.705,30
32.917,-96.672,30
25.697,-80.437,30
25.819,-80.311,30
40.005,-75.178,30
32.597,-96.899,30
29.56,-95.295,30
25.781,-80.192,30
25.84,-80.337,30
29.758,-95.408,30
26.073,-80.182,30
25.698,-80.451,30
32.594,-97.343,30
32.922,-97.105,30
42.877,-85.58,30
42.164,-71.076,30
42.916,-85.722,30
43.611,-85.305,30
42.493,-83.371,30
43.087,-85.508,30
41.767,-88.302,30
42.066,-87.913,30
42.889,-85.61,30
42.998,-85.645,30
42.595,-71.474,30
41.598,-87.326,30
41.913,-87.662,30
42.347,-83.411,30
42.989,-85.642,29
41.974,-87.871,29
42.752,-84.444,29
48.985,2.432,29
42.157,-71.053,29
42.984,-85.665,29
41.782,-88.335,29
41.682,-88.176,29
42.03,-87.811,29
41.033,-73.624,29
41.713,-71.132,29
41.983,-87.696,29
42.316,-83.311,29
42.966,-85.683,29
29.888,-95.709,29
25.825,-80.377,29
34.312,-118.403,29
25.773,-80.186,29
29.76,-95.367,29
29.769,-95.779,29
29.844,-95.724,29
26.165,-80.263,29
33.998,-118.421,29
28.485,-81.404,29
29.721,-95.515,29
25.802,-80.188,29
29.741,-95.87,29
34.055,-118.429,29
32.699,-97.032,29
26.345,-80.14,29
25.628,-80.363,29
29.794,-95.776,29
38.631,-77.31,29
26.344,-80.165,29
29.718,-95.487,29
28.475,-81.368,29
39.933,-75.17,29
33.688,-117.966,29
34.093,-118.335,29
26.637,-80.084,29
25.84,-80.178,29
29.848,-95.769,29
25.869,-80.329,29
26.275,-80.204,29
33.06,-96.915,29
29.942,-95.25,29
32.678,-97.122,29
33.904,-118.333,29
25.842,-80.216,29
25.795,-80.277,29
39.438,-76.794,29
37.93,-122.365,29
28.365,-81.389,29
25.601,-80.425,29
32.743,-96.757,29
29.744,-95.353,29
29.713,-95.48,29
25.732,-80.242,29
29.854,-95.506,29
29.885,-95.68,29
26.647,-80.139,29
39.391,-76.537,29
33.021,-97.021,29
26.65,-80.206,29
29.78,-95.154,29
30.046,-95.437,29
29.78,-95.581,29
29.768,-95.769,29
34.05,-84.202,29
29.949,-95.345,29
25.729,-80.242,29
28.478,-81.471,29
25.94,-80.306,29
25.943,-80.333,29
33.969,-118.233,29
39.187,-77.246,29
28.347,-81.423,29
28.592,-81.284,29
30.041,-95.602,29
29.943,-95.496,29
26.034,-80.131,29
30.033,-94.958,29
25.848,-80.178,29
27.623,-82.658,29
30.031,-95.447,29
29.957,-95.187,29
28.344,-81.475,29
29.584,-95.605,29
28.51,-81.464,29
33.981,-118.32,29
29.568,-95.692,29
25.694,-80.158,29
32.8,-96.299,29
26.674,-80.063,29
32.86,-96.674,29
29.749,-95.456,29
29.749,-95.339,29
29.604,-95.409,29
32.701,-96.816,29
26.134,-80.139,29
28.451,-81.291,29
33.461,-112.455,29
33.785,-84.489,29
30.024,-95.455,29
25.814,-80.363,29
40.808,-73.941,29
25.913,-80.153,29
26.228,-98.141,29
30.164,-95.463,29
33.066,-96.768,29
25.663,-80.426,29
33.914,-118.177,29
29.811,-95.43,29
39.152,-77.19,29
34.265,-118.869,29
30.152,-95.46,29
34.056,-118.042,29
25.889,-80.163,29
34.161,-118.458,29
29.652,-95.277,29
29.75,-95.303,29
29.88,-95.682,29
39.198,-77.246,29
25.705,-80.367,29
30.134,-95.387,29
30.21,-95.427,29
25.649,-80.391,29
38.801,-90.506,29
35.068,-80.933,29
32.644,-97.273,29
28.243,-81.301,29
32.762,-97.088,29
25.655,-80.395,29
26.536,-80.078,29
25.495,-80.413,29
32.601,-96.704,29
40.878,-73.846,29
32.489,-94.358,29
25.565,-80.339,29
32.82,-97.21,29
28.293,-81.208,29
25.757,-80.373,29
25.944,-80.166,29
29.943,-95.468,29
29.733,-95.581,29
30.215,-95.386,29
39.731,-104.821,29
36.134,-115.168,29
33.091,-96.8,29
29.734,-95.462,29
38.907,-94.671,29
30.095,-95.541,29
33.633,-96.644,29
29.734,-95.33,29
25.757,-80.276,29
38.997,-77.06,29
29.814,-95.433,29
29.985,-95.332,29
29.871,-95.649,29
33.642,-112.006,29
25.758,-80.379,29
28.466,-81.261,29
26.601,-80.059,29
29.681,-95.599,29
30.248,-81.538,29
32.95,-96.818,29
29.941,-95.499,29
34.05,-117.787,29
10.385,-75.492,29
29.616,-95.56,29
25.606,-80.434,29
39.141,-76.648,29
32.995,-97.258,29
32.754,-97.21,29
34.29,-118.45,29
26.015,-80.172,29
29.83,-95.767,29
29.769,-95.311,29
39.706,-104.819,29
25.749,-80.303,29
32.742,-96.616,29
29.874,-95.654,29
25.782,-80.129,29
39.209,-77.162,29
34.185,-118.332,29
19.386,-99.293,29
26.15,-80.28,29
25.747,-80.264,29
29.69,-95.572,28
29.833,-95.749,28
29.835,-95.705,28
29.876,-95.727,28
31.83,-96.208,28
25.675,-80.388,28
39.238,-76.648,28
29.87,-95.328,28
29.869,-95.695,28
25.996,-80.17,28
39.248,-84.567,28
31.378,-96.163,28
25.836,-80.205,28
29.869,-95.728,28
31.087,-97.303,28
29.864,-95.645,28
25.979,-80.349,28
32.914,-97.102,28
39.29,-76.654,28
29.84,-95.67,28
28.386,-81.536,28
29.841,-95.693,28
28.381,-81.405,28
25.856,-80.278,28
40.685,-75.437,28
34.049,-118.243,28
32.934,-97.259,28
29.857,-95.509,28
25.662,-80.325,28
28.358,-81.369,28
29.851,-95.859,28
29.456,-95.665,28
26.15,-80.261,28
29.721,-95.456,28
29.66,-95.449,28
33.908,-118.202,28
25.767,-80.214,28
29.391,-94.998,28
25.757,-80.246,28
29.723,-95.479,28
29.726,-95.651,28
33.62,-111.931,28
30.196,-95.454,28
25.885,-80.129,28
26.403,-80.19,28
25.77,-80.192,28
25.828,-80.192,28
25.755,-80.238,28
25.889,-80.239,28
25.827,-80.192,28
34.252,-118.413,28
38.472,-90.321,28
30.105,-95.383,28
33.865,-118.344,28
30.09,-95.633,28
25.896,-80.224,28
30.073,-95.2,28
25.749,-80.386,28
32.786,-97.37,28
33.928,-118.077,28
26.273,-80.26,28
33.929,-118.278,28
29.741,-95.521,28
25.746,-80.362,28
38.632,-90.215,28
32.791,-96.951,28
26.641,-80.096,28
33.177,-96.85,28
25.743,-80.31,28
25.764,-80.19,28
26.194,-80.22,28
32.795,-96.785,28
25.91,-80.317,28
36.388,-86.458,28
28.655,-81.328,28
33.142,-96.798,28
32.701,-97.106,28
33.938,-118.271,28
25.738,-80.355,28
30.026,-95.494,28
32.803,-96.489,28
33.118,-96.653,28
29.753,-95.399,28
29.754,-95.457,28
38.829,-77.092,28
25.82,-80.283,28
25.92,-80.176,28
35.159,-103.702,28
26.706,-80.063,28
26.706,-80.062,28
26.086,-80.246,28
26.706,-80.041,28
25.78,-80.2,28
25.732,-80.256,28
33.103,-96.796,28
25.78,-80.133,28
30.01,-95.817,28
29.757,-95.627,28
33.948,-118.154,28
30.003,-95.674,28
32.821,-96.678,28
26.754,-80.103,28
40.665,-75.379,28
33.821,-118.253,28
25.864,-80.303,28
32.83,-96.603,28
29.761,-95.383,28
25.726,-80.415,28
33.059,-97.024,28
39.925,-105.131,28
28.559,-81.172,28
38.995,-77.158,28
29.771,-95.214,28
25.72,-80.342,28
29.982,-95.428,28
25.565,-80.361,28
32.589,-96.952,28
40.744,-74.178,28
29.774,-95.562,28
25.715,-80.423,28
33.966,-118.266,28
25.569,-80.397,28
32.579,-96.931,28
25.938,-80.212,28
25.573,-80.373,28
32.737,-97.341,28
33.973,-118.076,28
29.677,-95.371,28
29.785,-95.771,28
26.035,-80.271,28
39.06,-77.105,28
28.514,-81.368,28
27.541,-82.48,28
29.786,-95.824,28
26.034,-80.296,28
26.03,-80.145,28
27.809,-82.697,28
40.687,-75.437,28
37.889,-122.275,28
29.79,-95.403,28
27.893,-82.771,28
29.791,-95.164,28
26.026,-80.184,28
25.846,-80.146,28
-12.073,-77.108,28
26.025,-80.221,28
27.918,-82.749,28
33.855,-118.155,28
34.105,-117.947,28
25.947,-80.166,28
29.794,-95.769,28
29.94,-95.454,28
25.948,-80.147,28
34.1,-118.065,28
29.936,-95.26,28
25.695,-80.319,28
25.762,-80.333,28
32.868,-96.767,28
32.868,-96.651,28
32.87,-96.677,28
32.658,-97.05,28
29.796,-95.035,28
29.922,-95.513,28
25.691,-80.313,28
28.471,-81.412,28
25.953,-80.309,28
10.411,-75.515,28
34.087,-117.653,28
25.956,-80.284,28
32.984,-97.323,28
28.22,-81.187,28
25.613,-80.326,28
29.81,-95.485,28
39.151,-77.191,28
25.688,-80.364,28
29.81,-95.478,28
40.777,-73.913,28
25.687,-80.159,28
28.24,-81.239,28
36.308,-86.631,28
26.01,-80.253,28
26.01,-80.331,28
32.969,-97.26,28
33.887,-118.409,28
39.17,-77.183,28
29.889,-95.397,28
29.815,-95.721,28
25.869,-80.253,28
25.843,-80.301,28
25.856,-80.129,28
32.964,-96.817,28
28.285,-81.209,28
26.006,-80.318,28
42.839,-85.561,28
42.041,-87.696,28
42.841,-85.588,28
42.474,-83.416,28
42.02,-87.666,28
42.986,-85.68,28
42.549,-82.974,28
42.919,-85.576,28
42.157,-71.062,28
42.024,-88.044,28
47.601,-117.555,28
42.095,-71.039,28
42.065,-87.836,28
42.805,-86.068,28
42.012,-87.68,28
42.641,-83.293,28
42.484,-83.37,28
42.533,-83.388,28
42.355,-87.845,28
41.999,-87.962,28
42.886,-85.705,28
40.919,-73.831,28
40.931,-73.899,28
42.971,-85.684,27
42.911,-85.723,27
42.019,-87.735,27
41.801,-88.162,27
43.001,-85.766,27
41.87,-87.748,27
42.881,-85.617,27
42.855,-85.601,27
42.127,-87.956,27
44.737,-85.58,27
42.001,-88.001,27
41.999,-87.695,27
41.967,-87.809,27
32.754,-96.832,27
25.867,-80.306,27
30.258,-95.051,27
26.199,-80.112,27
25.535,-80.377,27
25.843,-80.234,27
27.919,-82.749,27
25.761,-80.393,27
26.252,-80.202,27
40.75,-73.995,27
26.768,-80.095,27
29.87,-95.287,27
34.057,-118.252,27
26.024,-80.388,27
26.764,-80.284,27
29.998,-95.409,27
25.729,-80.339,27
29.558,-95.763,27
26.076,-80.282,27
40.68,-73.849,27
32.865,-96.875,27
30.003,-95.439,27
25.513,-80.399,27
33.794,-118.255,27
25.863,-80.314,27
28.481,-81.249,27
38.865,-121.133,27
25.774,-80.357,27
39.115,-94.646,27
32.895,-96.896,27
25.732,-80.232,27
26.222,-80.245,27
29.667,-95.638,27
29.711,-95.623,27
29.753,-95.896,27
38.793,-77.03,27
32.614,-97.336,27
25.79,-80.221,27
40.754,-73.994,27
25.779,-80.264,27
32.748,-96.864,27
25.846,-80.308,27
29.667,-95.194,27
28.655,-81.389,27
32.705,-97.081,27
40.765,-73.787,27
33.16,-96.658,27
38.676,-90.366,27
33.842,-118.362,27
38.672,-121.73,27
28.673,-81.256,27
25.907,-80.233,27
26.639,-80.094,27
33.883,-118.264,27
25.76,-80.392,27
33.181,-117.347,27
29.742,-95.49,27
36.119,-86.411,27
33.189,-97.16,27
29.694,-95.4,27
39.126,-77.154,27
32.998,-96.984,27
25.8,-80.2,27
32.871,-96.613,27
33.928,-118.258,27
25.805,-80.125,27
28.787,-81.293,27
39.384,-76.732,27
30.073,-95.503,27
29.921,-95.4,27
29.638,-95.58,27
29.832,-95.658,27
40.645,-73.904,27
39.564,-105.111,27
29.616,-95.284,27
28.135,-82.756,27
28.354,-81.542,27
30.075,-95.558,27
28.823,-81.636,27
29.85,-95.773,27
25.795,-80.189,27
25.75,-80.262,27
32.78,-96.791,27
25.772,-80.231,27
26.123,-80.335,27
29.612,-95.214,27
29.611,-95.013,27
30.104,-95.238,27
29.733,-95.638,27
25.983,-80.356,27
25.956,-80.281,27
25.871,-80.328,27
29.646,-95.51,27
29.649,-95.754,27
34.008,-118.23,27
30.127,-95.446,27
33.844,-117.572,27
26.012,-80.215,27
25.808,-80.384,27
25.807,-80.123,27
28.463,-81.552,27
29.71,-95.393,27
29.808,-95.332,27
29.879,-95.673,27
39.337,-77.211,27
25.847,-80.31,27
25.776,-80.214,27
28.429,-81.448,27
32.746,-96.3,27
26.011,-80.175,27
25.889,-80.304,27
32.776,-96.789,27
39.702,-104.703,27
29.711,-95.396,27
29.711,-95.4,27
25.772,-80.209,27
29.649,-95.55,27
25.828,-80.202,27
28.436,-81.472,27
29.863,-95.611,27
30.175,-95.047,27
30.192,-95.565,27
25.58,-80.405,27
27.374,-80.378,27
25.797,-80.226,27
29.526,-95.846,27
29.537,-95.723,27
33.882,-118.245,27
29.782,-95.646,27
25.865,-80.348,27
33.034,-96.932,27
32.846,-96.913,27
29.549,-98.363,27
29.708,-95.494,27
34.015,-118.122,27
32.846,-97.285,27
36.161,-86.776,27
36.17,-86.608,27
27.315,-80.394,27
29.676,-95.583,27
29.838,-95.379,27
32.845,-97.248,27
26.005,-80.213,27
29.974,-95.179,27
26.032,-80.154,27
26.047,-80.259,27
29.775,-95.85,27
33.013,-96.992,27
29.975,-95.589,27
32.84,-97.199,27
25.935,-80.345,27
27.273,-80.342,27
27.264,-82.551,27
26.291,-80.129,27
29.982,-95.437,27
28.497,-81.31,27
29.774,-95.861,27
33.047,-96.748,27
25.719,-80.348,27
32.835,-96.686,27
29.771,-95.806,27
33.985,-118.169,27
33.596,-117.733,27
33.96,-118.362,27
32.691,-96.647,27
33.783,-84.412,27
29.949,-95.283,27
25.551,-80.408,27
29.988,-95.401,27
25.93,-80.307,27
29.949,-95.314,27
38.958,-77.42,27
25.83,-80.195,27
32.856,-96.761,27
25.811,-80.371,27
26.809,-80.136,27
39.093,-76.817,27
29.546,-98.312,27
33.638,-112.293,27
25.928,-80.152,27
25.762,-80.264,27
28.43,-81.308,27
38.02,-122.139,27
29.995,-95.393,27
33.071,-96.796,27
25.622,-80.397,27
39.164,-77.224,27
32.863,-97.013,26
32.655,-96.716,26
32.719,-96.647,26
32.648,-97.033,26
25.764,-80.196,26
32.735,-96.671,26
25.763,-80.199,26
4.61,-74.082,26
25.772,-80.225,26
25.762,-80.373,26
26.171,-80.123,26
26.17,-80.12,26
26.32,-80.153,26
30.439,-95.476,26
40.758,-73.805,26
26.158,-80.315,26
34.402,-117.258,26
33.846,-118.166,26
30.305,-95.416,26
30.267,-95.46,26
30.252,-95.821,26
30.22,-95.52,26
34.272,-118.426,26
25.757,-80.409,26
26.392,-80.21,26
32.766,-96.806,26
32.768,-96.899,26
32.774,-97.201,26
30.168,-97.788,26
26.133,-80.332,26
38.377,-121.946,26
30.104,-95.384,26
30.071,-95.456,26
25.747,-80.368,26
25.746,-80.333,26
33.795,-118.126,26
30.053,-95.586,26
30.051,-95.66,26
38.672,-121.273,26
26.648,-80.139,26
29.547,-95.235,26
29.568,-95.63,26
32.798,-96.802,26
32.799,-97.184,26
32.8,-96.681,26
30.026,-95.448,26
25.737,-80.359,26
30.025,-95.526,26
30.019,-95.575,26
30.014,-95.726,26
40.75,-73.883,26
26.706,-80.051,26
26.711,-80.076,26
32.819,-96.976,26
25.731,-80.305,26
32.821,-96.608,26
40.771,-75.274,26
30.0,-95.422,26
26.07,-80.375,26
26.761,-80.093,26
29.997,-95.486,26
29.997,-95.758,26
32.833,-97.02,26
29.988,-95.507,26
38.982,-76.939,26
34.17,-118.416,26
26.055,-80.314,26
39.015,-76.938,26
29.695,-95.686,26
39.024,-77.023,26
39.031,-77.036,26
25.785,-80.221,26
39.035,-77.091,26
29.974,-95.239,26
39.041,-121.078,26
34.149,-118.08,26
33.802,-117.96,26
39.05,-77.117,26
27.365,-80.396,26
34.147,-118.838,26
25.787,-80.243,26
26.037,-80.236,26
27.426,-82.5,26
27.609,-80.383,26
25.788,-80.286,26
29.679,-95.302,26
39.09,-77.064,26
25.851,-80.121,26
25.7,-80.392,26
32.861,-96.953,26
29.944,-95.654,26
29.94,-95.724,26
39.12,-77.234,26
26.019,-80.24,26
39.127,-76.757,26
29.914,-95.607,26
25.846,-80.202,26
26.014,-80.306,26
40.719,-75.283,26
39.155,-84.572,26
25.687,-80.36,26
32.888,-96.97,26
34.072,-118.128,26
29.897,-95.289,26
25.793,-80.19,26
25.685,-80.417,26
34.068,-118.269,26
25.685,-80.45,26
29.887,-95.329,26
32.895,-96.667,26
39.179,-76.786,26
34.067,-118.397,26
40.641,-74.003,26
25.795,-80.326,26
29.883,-95.725,26
32.898,-96.949,26
25.795,-80.21,26
25.677,-80.456,26
39.215,-76.689,26
34.057,-118.294,26
32.908,-96.386,26
39.242,-77.264,26
39.258,-84.382,26
39.263,-84.402,26
25.846,-80.37,26
28.337,-81.428,26
25.671,-80.458,26
39.289,-84.47,26
25.67,-80.44,26
32.915,-96.51,26
39.332,-76.767,26
28.352,-81.441,26
29.693,-95.363,26
29.859,-95.694,26
29.857,-95.524,26
28.364,-81.241,26
29.85,-95.667,26
29.693,-95.652,26
40.725,-73.995,26
29.84,-95.868,26
32.944,-96.894,26
25.803,-80.201,26
28.406,-81.527,26
40.8,-74.481,26
32.951,-96.656,26
32.952,-97.087,26
25.969,-80.132,26
39.708,-105.137,26
25.806,-80.195,26
29.81,-82.058,26
32.972,-96.724,26
25.807,-80.25,26
32.976,-96.267,26
32.98,-96.658,26
28.464,-81.561,26
25.609,-80.367,26
29.803,-95.114,26
29.803,-95.841,26
25.954,-80.151,26
39.734,-104.896,26
25.809,-80.327,26
33.0,-96.91,26
29.796,-95.405,26
29.79,-95.69,26
33.984,-83.99,26
33.984,-117.842,26
33.01,-96.908,26
28.508,-81.466,26
33.019,-96.895,26
28.522,-81.138,26
29.782,-95.541,26
29.781,-95.538,26
29.78,-95.627,26
25.939,-80.134,26
33.035,-97.386,26
25.814,-80.379,26
29.685,-95.558,26
29.771,-95.384,26
25.928,-80.157,26
10.403,-75.483,26
33.075,-96.86,26
39.981,-75.164,26
33.948,-118.29,26
28.602,-81.186,26
25.501,-80.407,26
40.175,-105.056,26
29.751,-95.349,26
40.41,-104.691,26
29.699,-95.641,26
29.743,-95.353,26
25.9,-80.335,26
28.769,-81.609,26
29.61,-95.225,26
29.732,-95.393,26
33.918,-83.903,26
25.888,-80.19,26
29.175,-82.137,26
33.635,-111.914,26
33.646,-112.064,26
25.88,-80.307,26
29.719,-95.338,26
29.718,-95.338,26
29.593,-95.199,26
29.592,-95.203,26
29.714,-95.511,26
33.706,-112.415,26
33.902,-118.3,26
29.709,-95.324,26
33.759,-84.392,26
25.865,-80.274,26
25.863,-80.128,26
29.677,-95.206,26
33.858,-118.328,26
10.377,-75.5,26
26.217,-80.202,26
26.235,-80.195,26
25.767,-80.34,26
32.676,-97.125,26
35.311,-80.719,26
32.665,-96.886,26
32.711,-96.982,26
32.665,-97.206,26
42.157,-71.079,26
42.502,-83.29,26
43.092,-85.638,26
41.751,-87.762,26
42.348,-83.331,26
41.884,-87.631,26
45.622,-61.991,26
41.912,-87.917,26
42.402,-71.097,26
42.011,-71.069,26
43.799,-79.376,26
41.897,-71.124,26
43.024,-85.587,26
42.666,-85.662,25
42.927,-85.658,25
42.929,-85.701,25
48.436,-123.424,25
40.953,-73.736,25
43.149,-85.174,25
41.944,-71.278,25
42.769,-86.117,25
42.404,-71.155,25
43.621,-79.526,25
42.332,-83.22,25
42.56,-83.375,25
28.524,-81.308,25
39.25,-77.201,25
26.132,-80.237,25
29.605,-95.613,25
40.753,-73.988,25
29.85,-95.644,25
25.754,-80.229,25
29.971,-95.508,25
25.958,-80.143,25
39.047,-77.182,25
32.941,-96.885,25
30.136,-95.444,25
25.889,-80.132,25
33.834,-118.187,25
38.527,-121.428,25
32.715,-96.458,25
25.777,-80.351,25
25.61,-80.347,25
40.762,-73.529,25
39.809,-104.754,25
29.703,-95.754,25
26.285,-80.293,25
29.778,-95.93,25
26.573,-80.164,25
32.846,-96.948,25
25.976,-80.151,25
34.151,-118.804,25
33.233,-97.127,25
38.568,-90.509,25
38.579,-90.308,25
32.952,-96.807,25
32.783,-96.819,25
29.737,-95.444,25
25.785,-80.207,25
32.842,-96.824,25
25.764,-80.383,25
29.739,-95.773,25
34.084,-117.911,25
32.984,-96.889,25
29.976,-95.462,25
32.68,-97.106,25
25.778,-80.323,25
28.357,-81.239,25
30.063,-95.767,25
27.268,-80.374,25
32.79,-96.806,25
40.713,-74.006,25
26.11,-80.161,25
25.824,-80.378,25
29.982,-95.424,25
34.165,-118.379,25
27.227,-80.366,25
33.171,-96.732,25
25.609,-80.417,25
40.597,-73.755,25
34.217,-118.38,25
26.059,-80.132,25
25.557,-80.345,25
32.706,-96.62,25
38.742,-121.313,25
32.643,-97.088,25
38.99,-76.938,25
29.747,-95.008,25
40.407,-105.044,25
27.109,-80.332,25
25.735,-80.246,25
29.986,-95.439,25
38.807,-94.513,25
26.06,-80.187,25
25.735,-80.349,25
26.689,-80.054,25
25.93,-80.121,25
34.02,-118.451,25
29.695,-95.722,25
39.547,-104.883,25
29.854,-95.707,25
25.734,-80.244,25
40.041,-75.074,25
29.768,-94.972,25
34.172,-118.415,25
33.876,-118.169,25
25.863,-80.326,25
29.756,-95.562,25
25.783,-80.303,25
29.863,-95.55,25
28.438,-81.559,25
28.565,-81.178,25
29.889,-95.709,25
25.455,-80.444,25
29.913,-95.412,25
34.042,-117.753,25
40.024,-105.259,25
28.425,-81.223,25
29.765,-95.39,25
38.893,-76.742,25
35.707,-80.484,25
29.757,-95.59,25
25.727,-80.272,25
32.698,-96.554,25
38.911,-77.043,25
32.915,-97.346,25
32.822,-96.867,25
29.762,-95.416,25
26.073,-80.144,25
29.76,-95.365,25
33.088,-96.847,25
38.936,-94.604,25
25.791,-80.136,25
33.867,-118.354,25
25.926,-80.205,25
38.948,-76.972,25
32.941,-96.982,25
25.866,-80.331,25
32.539,-97.271,25
32.5,-96.799,25
29.542,-95.466,25
25.64,-80.418,25
26.008,-80.166,25
28.115,-81.654,25
25.809,-80.337,25
29.675,-95.73,25
32.995,-96.857,25
33.895,-118.327,25
32.661,-96.874,25
29.922,-95.444,25
28.344,-81.401,25
25.669,-80.442,25
29.706,-95.668,25
32.717,-96.679,25
29.796,-95.269,25
32.968,-97.042,25
33.998,-84.595,25
26.017,-80.304,25
25.768,-80.191,25
29.707,-95.528,25
25.868,-80.215,25
25.635,-80.342,25
25.809,-80.237,25
26.17,-80.259,25
39.121,-94.731,25
25.681,-80.454,25
33.745,-117.836,25
34.031,-118.272,25
39.304,-76.715,25
33.002,-97.071,25
32.868,-96.913,25
33.898,-117.492,25
29.709,-95.79,25
29.813,-95.681,25
39.118,-76.703,25
33.866,-118.102,25
25.772,-80.189,25
29.709,-95.667,25
32.939,-96.735,25
27.976,-82.015,25
27.973,-81.637,25
29.709,-95.513,25
26.32,-80.165,25
37.938,-122.06,25
29.589,-95.468,25
25.856,-80.184,25
25.698,-80.378,25
29.901,-95.636,25
30.434,-97.609,25
25.76,-80.395,25
26.01,-80.189,25
39.62,-86.473,25
27.885,-82.541,25
29.715,-95.534,25
39.66,-104.885,25
28.347,-81.42,25
26.189,-80.158,25
28.428,-81.314,25
29.79,-95.694,25
29.79,-95.709,25
29.951,-95.671,25
34.128,-118.363,25
25.835,-80.315,25
29.7,-95.44,25
28.496,-81.453,25
29.666,-95.278,25
26.011,-80.374,25
26.002,-80.156,25
33.984,-118.225,25
37.97,-100.828,25
29.952,-95.332,25
29.664,-95.827,25
29.528,-95.132,25
26.301,-80.185,25
25.833,-80.366,25
26.032,-80.187,25
28.349,-81.433,25
33.839,-118.33,25
26.363,-80.132,25
25.705,-80.381,25
29.849,-95.705,25
29.85,-95.774,25
29.699,-95.869,25
39.149,-77.307,25
27.663,-80.445,25
29.786,-95.732,25
33.653,-111.997,25
29.785,-95.41,25
34.027,-118.133,25
32.946,-96.698,25
25.812,-80.368,25
33.978,-118.043,25
34.029,-118.174,25
29.723,-95.503,25
26.037,-80.246,25
29.966,-95.422,25
26.367,-80.078,25
26.21,-80.242,25
29.699,-95.518,25
37.792,-121.834,25
25.629,-80.392,25
30.212,-95.43,25
32.767,-96.841,25
25.83,-80.283,25
29.199,-81.056,25
34.064,-118.158,25
33.491,-97.154,25
25.787,-80.382,25
26.192,-80.136,25
30.178,-95.821,25
26.038,-80.178,25
30.169,-95.472,25
33.401,-83.81,25
29.834,-95.372,25
32.72,-96.694,24
25.635,-80.405,24
28.313,-81.436,24
28.312,-81.358,24
29.828,-95.199,24
29.879,-95.461,24
25.627,-80.356,24
28.304,-81.211,24
25.627,-80.368,24
26.003,-80.143,24
25.681,-80.322,24
29.88,-95.407,24
34.063,-117.735,24
29.817,-95.778,24
25.846,-80.365,24
25.684,-80.418,24
32.895,-96.474,24
34.067,-117.448,24
32.965,-96.693,24
25.686,-80.336,24
39.158,-77.169,24
25.619,-80.324,24
39.156,-76.831,24
29.811,-95.487,24
25.687,-80.316,24
29.902,-95.461,24
32.593,-96.68,24
25.807,-80.333,24
25.807,-80.234,24
32.88,-96.683,24
32.974,-96.718,24
32.974,-96.703,24
29.905,-95.5,24
25.689,-80.315,24
29.906,-95.654,24
25.959,-80.194,24
29.804,-94.984,24
39.723,-105.183,24
39.146,-77.175,24
25.857,-80.301,24
32.731,-96.807,24
32.986,-97.138,24
39.731,-105.166,24
28.189,-81.152,24
26.015,-80.236,24
29.802,-95.41,24
39.733,-104.983,24
32.994,-97.003,24
25.846,-80.186,24
39.738,-105.118,24
29.923,-95.3,24
29.925,-95.571,24
32.999,-96.775,24
33.996,-117.702,24
29.931,-95.726,24
25.694,-80.345,24
25.449,-80.476,24
33.003,-96.823,24
29.937,-95.547,24
25.81,-80.219,24
25.699,-80.448,24
25.947,-80.346,24
26.027,-80.237,24
29.948,-95.562,24
25.788,-80.138,24
39.092,-76.966,24
29.789,-95.707,24
32.731,-97.262,24
35.993,-86.798,24
25.788,-80.241,24
27.772,-82.698,24
28.499,-81.444,24
33.011,-96.798,24
26.225,-80.203,24
29.957,-95.77,24
39.079,-76.873,24
25.811,-80.136,24
39.064,-77.051,24
28.514,-81.292,24
25.707,-80.291,24
29.784,-95.48,24
40.693,-73.585,24
32.73,-97.11,24
25.786,-80.144,24
29.576,-95.411,24
25.577,-80.407,24
25.786,-80.164,24
25.786,-80.206,24
29.779,-95.785,24
29.778,-95.406,24
26.041,-80.136,24
25.572,-80.359,24
26.271,-80.173,24
37.669,-121.869,24
29.976,-95.568,24
26.049,-80.308,24
26.051,-80.134,24
25.784,-80.321,24
38.972,-76.956,24
26.933,-80.136,24
38.964,-77.092,24
29.768,-95.339,24
40.847,-73.867,24
38.958,-77.092,24
38.955,-76.981,24
28.567,-81.299,24
25.545,-80.373,24
33.956,-118.276,24
28.574,-81.375,24
26.228,-80.123,24
29.76,-95.366,24
28.591,-81.286,24
32.723,-97.079,24
33.813,-118.372,24
30.005,-95.757,24
25.515,-80.413,24
33.868,-118.114,24
33.101,-96.115,24
26.713,-80.034,24
33.103,-96.799,24
29.756,-95.622,24
21.077,-101.671,24
40.035,-105.067,24
28.601,-81.324,24
26.088,-80.152,24
26.701,-80.052,24
38.84,-77.108,24
29.754,-95.371,24
34.2,-118.545,24
38.81,-77.1,24
32.69,-97.108,24
33.132,-96.648,24
26.683,-80.116,24
29.75,-95.366,24
25.736,-80.228,24
32.803,-97.046,24
26.1,-80.245,24
30.028,-95.409,24
38.759,-77.005,24
29.747,-95.354,24
28.661,-81.376,24
32.797,-96.786,24
33.152,-97.061,24
38.735,-122.143,24
30.043,-95.532,24
30.05,-95.665,24
38.669,-121.154,24
29.624,-95.209,24
35.462,-97.393,24
33.931,-118.204,24
30.052,-95.611,24
28.69,-81.564,24
33.93,-118.111,24
29.62,-95.224,24
25.746,-80.261,24
29.74,-95.331,24
26.112,-80.137,24
25.824,-80.21,24
26.239,-80.253,24
25.747,-80.36,24
32.786,-96.482,24
29.739,-95.147,24
38.603,-121.388,24
26.119,-80.169,24
25.825,-80.187,24
30.085,-95.446,24
38.551,-121.742,24
26.124,-80.202,24
32.778,-96.79,24
29.038,-95.442,24
29.732,-95.57,24
30.118,-95.555,24
25.776,-80.217,24
25.851,-80.318,24
29.151,-81.027,24
33.917,-118.366,24
25.86,-80.29,24
33.35,-117.411,24
25.888,-80.294,24
29.73,-95.591,24
25.77,-80.324,24
26.138,-80.119,24
25.757,-80.349,24
29.725,-95.485,24
29.6,-95.238,24
29.724,-95.474,24
25.85,-80.219,24
29.546,-95.41,24
34.061,-118.281,24
25.882,-80.229,24
26.147,-80.258,24
25.881,-80.284,24
34.29,-118.517,24
30.291,-95.466,24
33.907,-118.15,24
29.722,-95.384,24
33.676,-117.784,24
26.15,-80.333,24
32.752,-97.09,24
30.322,-95.454,24
29.721,-95.546,24
25.769,-80.192,24
30.388,-95.521,24
30.395,-95.63,24
33.693,-117.953,24
29.716,-95.526,24
40.741,-74.003,24
29.666,-95.113,24
25.769,-80.189,24
29.668,-95.072,24
32.747,-97.152,24
33.903,-118.333,24
33.826,-118.294,24
33.744,-118.293,24
29.672,-95.63,24
33.745,-117.818,24
32.653,-97.111,24
25.761,-80.2,24
37.9,-122.304,24
29.674,-95.13,24
29.705,-95.686,24
29.704,-95.314,24
25.8,-80.213,24
29.854,-95.567,24
29.853,-95.649,24
29.852,-95.64,24
28.369,-81.52,24
28.369,-81.25,24
29.856,-95.47,24
34.045,-118.189,24
29.858,-95.537,24
32.923,-96.629,24
39.591,-106.097,24
25.801,-80.199,24
25.982,-80.142,24
28.376,-81.5,24
29.86,-95.614,24
28.347,-81.671,24
28.346,-81.361,24
39.641,-105.029,24
25.67,-80.441,24
25.856,-80.307,24
29.839,-95.766,24
28.328,-81.298,24
32.907,-97.311,24
39.211,-76.836,24
28.316,-81.406,24
39.671,-104.87,24
29.876,-95.606,24
29.877,-95.802,24
42.965,-85.647,24
41.907,-88.157,24
58.297,-134.401,24
42.213,-83.355,24
41.753,-88.316,24
43.082,-83.874,24
41.667,-70.208,24
46.103,-122.882,24
42.526,-71.424,24
41.766,-88.194,24
42.875,-85.66,24
42.84,-85.993,24
42.185,-71.084,24
42.925,-78.875,23
42.865,-85.683,23
42.437,-83.381,23
43.072,-85.685,23
41.991,-87.697,23
41.872,-71.412,23
42.295,-71.146,23
42.336,-83.174,23
41.737,-88.039,23
42.271,-87.904,23
42.905,-85.585,23
42.948,-85.642,23
41.932,-87.917,23
41.86,-88.001,23
42.05,-87.972,23
42.978,-85.63,23
42.554,-83.453,23
41.79,-88.285,23
41.97,-87.711,23
42.621,-82.944,23
42.531,-83.573,23
38.583,-121.408,23
29.975,-95.701,23
32.843,-96.775,23
28.541,-81.456,23
29.694,-95.32,23
30.077,-95.626,23
29.737,-95.769,23
25.606,-80.36,23
26.607,-80.098,23
39.044,-94.354,23
38.566,-121.472,23
33.921,-117.966,23
30.082,-95.533,23
25.826,-80.329,23
32.711,-96.992,23
29.641,-95.823,23
30.086,-95.521,23
34.043,-117.818,23
28.54,-81.239,23
32.709,-97.169,23
32.941,-96.62,23
30.099,-95.497,23
33.97,-118.318,23
26.567,-80.113,23
33.839,-84.211,23
29.972,-95.416,23
25.86,-80.336,23
33.033,-96.793,23
32.93,-96.921,23
29.91,-95.691,23
26.269,-80.172,23
29.779,-95.625,23
30.112,-95.227,23
25.776,-80.136,23
32.902,-97.321,23
33.304,-96.986,23
25.813,-80.333,23
28.365,-81.237,23
38.507,-121.433,23
33.789,-117.906,23
29.781,-95.619,23
25.802,-80.127,23
35.402,-80.857,23
29.869,-95.719,23
29.855,-95.468,23
29.693,-95.61,23
26.273,-80.108,23
38.41,-121.958,23
25.684,-80.471,23
29.908,-95.767,23
25.941,-80.31,23
34.257,-118.288,23
29.781,-95.328,23
33.023,-96.844,23
25.812,-80.21,23
34.26,-118.423,23
29.171,-81.121,23
26.202,-80.296,23
29.837,-94.979,23
25.941,-80.151,23
26.301,-80.122,23
33.483,-112.072,23
29.782,-95.399,23
29.822,-95.774,23
29.681,-95.67,23
29.783,-95.555,23
30.194,-95.482,23
32.663,-96.892,23
25.886,-80.35,23
25.83,-80.29,23
29.968,-95.367,23
34.267,-118.661,23
27.387,-80.331,23
30.211,-95.163,23
33.976,-118.196,23
30.215,-97.839,23
33.863,-118.099,23
29.726,-95.279,23
25.958,-80.142,23
25.865,-80.215,23
25.799,-80.195,23
32.761,-97.008,23
25.763,-80.299,23
25.757,-80.321,23
28.353,-81.335,23
25.795,-80.201,23
36.366,-86.539,23
29.967,-95.662,23
32.759,-97.105,23
32.756,-97.334,23
26.373,-80.101,23
38.014,-122.105,23
40.886,-73.833,23
33.977,-118.324,23
28.456,-81.382,23
28.515,-81.291,23
29.964,-95.556,23
39.068,-77.061,23
29.723,-95.536,23
33.867,-118.255,23
39.764,-104.986,23
39.349,-76.591,23
29.66,-95.539,23
39.684,-104.847,23
33.854,-118.136,23
29.903,-95.633,23
32.72,-96.976,23
37.877,-122.309,23
25.68,-80.434,23
25.759,-80.397,23
29.789,-96.235,23
28.452,-81.353,23
32.558,-97.008,23
26.01,-80.145,23
33.906,-118.313,23
34.134,-117.908,23
32.673,-97.199,23
35.159,-80.727,23
29.86,-95.402,23
25.759,-80.193,23
33.681,-112.283,23
32.67,-97.093,23
33.828,-118.295,23
29.844,-82.693,23
32.906,-96.872,23
29.811,-95.379,23
29.716,-95.315,23
40.633,-73.944,23
26.262,-80.099,23
29.877,-95.704,23
25.703,-80.411,23
32.854,-96.836,23
32.59,-92.066,23
25.773,-80.216,23
33.007,-96.703,23
29.715,-95.777,23
29.547,-95.11,23
25.536,-80.403,23
26.781,-81.735,23
32.828,-96.648,23
33.073,-97.024,23
25.533,-80.377,23
29.998,-95.757,23
34.183,-83.904,23
25.533,-80.397,23
39.968,-75.135,23
25.76,-80.415,23
33.951,-118.185,23
29.843,-95.643,23
29.758,-95.346,23
33.087,-96.675,23
25.728,-80.372,23
33.09,-96.801,23
25.782,-80.395,23
29.945,-95.498,23
34.176,-118.44,23
29.758,-95.362,23
30.002,-95.586,23
25.927,-80.142,23
28.573,-81.437,23
29.995,-95.509,23
25.73,-80.26,23
32.71,-96.998,23
32.696,-96.833,23
32.834,-97.165,23
25.773,-80.262,23
26.024,-80.116,23
25.929,-80.17,23
29.991,-95.441,23
29.713,-95.513,23
25.922,-80.292,23
32.969,-96.993,23
33.102,-96.758,23
29.712,-95.508,23
33.005,-96.956,23
33.958,-117.403,23
26.18,-80.176,23
29.825,-95.705,23
33.059,-96.687,23
33.903,-118.364,23
38.848,-77.069,23
35.327,-106.565,23
29.755,-95.732,23
25.862,-80.221,23
37.962,-121.794,23
25.76,-80.219,23
31.27,-95.987,23
29.943,-95.181,23
29.754,-95.48,23
29.689,-95.834,23
25.815,-80.226,23
25.77,-80.204,23
34.171,-118.554,23
33.827,-84.366,23
28.613,-81.438,23
11.031,-74.859,23
29.9,-95.71,23
35.217,-80.687,23
25.815,-80.358,23
25.815,-80.371,23
40.838,-73.864,23
25.789,-80.132,23
29.898,-95.688,23
25.766,-80.192,23
27.135,-80.204,23
40.751,-73.94,23
25.913,-80.31,23
33.004,-96.881,23
28.259,-81.364,23
32.665,-96.995,23
26.099,-80.365,23
39.115,-94.631,23
38.774,-77.21,23
37.921,-122.067,23
25.779,-80.215,23
39.743,-105.025,23
28.65,-81.418,23
29.748,-95.784,23
33.055,-96.852,23
30.035,-95.578,23
25.598,-80.376,23
25.478,-80.504,23
26.654,-80.126,23
25.814,-80.135,23
28.481,-81.49,23
28.478,-81.592,23
34.018,-118.164,23
37.917,-122.31,23
29.928,-95.677,23
25.855,-80.12,23
29.985,-95.309,23
25.779,-80.345,23
29.672,-95.208,23
34.167,-118.517,23
25.693,-80.316,23
26.645,-80.118,23
32.946,-96.7,23
25.769,-80.337,23
29.744,-95.846,23
33.78,-117.959,23
32.703,-97.015,23
25.85,-80.363,23
25.804,-80.201,23
28.691,-81.402,23
25.778,-80.19,23
29.742,-95.291,23
30.054,-95.262,23
38.632,-90.204,23
25.814,-80.269,23
28.548,-81.352,23
29.982,-95.714,23
32.739,-96.634,23
25.746,-80.319,23
29.551,-95.367,23
28.472,-81.422,23
33.767,-117.94,23
39.179,-77.261,23
29.978,-95.49,23
30.064,-95.358,23
28.074,-81.494,23
28.335,-81.608,23
26.051,-80.162,23
32.601,-96.689,23
32.787,-96.792,23
39.18,-77.187,23
26.626,-80.128,23
29.916,-95.728,23
29.915,-95.586,23
29.739,-95.352,23
25.825,-80.294,23
28.768,-81.369,23
32.841,-97.068,23
33.209,-96.799,23
26.048,-80.188,23
29.703,-95.278,23
29.972,-95.488,22
29.558,-95.139,22
29.686,-95.461,22
29.578,-95.224,22
29.578,-95.104,22
29.67,-95.242,22
29.661,-95.723,22
29.652,-95.577,22
29.651,-95.655,22
29.65,-95.65,22
29.616,-95.558,22
25.473,-80.47,22
25.49,-80.466,22
40.191,-105.094,22
40.154,-75.328,22
25.503,-80.436,22
25.504,-80.424,22
25.515,-80.43,22
40.834,-83.964,22
39.887,-104.991,22
39.886,-104.791,22
39.875,-104.983,22
39.849,-104.994,22
25.57,-80.327,22
39.769,-86.157,22
39.756,-104.985,22
25.603,-80.43,22
39.679,-105.003,22
25.635,-80.48,22
25.649,-80.333,22
25.655,-80.38,22
25.662,-80.411,22
25.664,-80.41,22
39.355,-76.723,22
39.311,-76.952,22
39.259,-77.21,22
39.162,-77.165,22
39.103,-77.131,22
39.092,-76.864,22
25.706,-80.38,22
39.069,-77.11,22
39.059,-76.985,22
39.008,-76.975,22
38.955,-77.404,22
38.944,-76.868,22
38.913,-94.636,22
40.769,-73.916,22
38.856,-76.988,22
25.736,-80.422,22
38.78,-77.185,22
25.74,-80.245,22
38.738,-121.214,22
38.638,-77.318,22
38.617,-94.349,22
38.573,-121.433,22
25.75,-80.246,22
25.751,-80.257,22
25.756,-80.372,22
37.996,-122.335,22
37.971,-122.074,22
37.69,-122.118,22
25.769,-80.274,22
34.294,-118.445,22
25.774,-80.191,22
25.775,-80.332,22
34.272,-118.677,22
25.777,-80.241,22
34.231,-118.533,22
25.782,-80.192,22
25.783,-80.256,22
25.784,-80.131,22
25.788,-80.235,22
25.788,-80.196,22
34.125,-118.145,22
25.791,-80.358,22
25.791,-80.15,22
34.075,-117.881,22
34.053,-118.191,22
40.745,-73.953,22
34.041,-118.265,22
25.803,-80.325,22
25.804,-80.317,22
34.008,-117.737,22
25.809,-80.331,22
33.975,-118.181,22
25.812,-80.14,22
33.933,-118.25,22
25.825,-80.121,22
33.91,-118.387,22
33.901,-84.353,22
25.842,-80.37,22
25.843,-80.188,22
25.848,-80.209,22
33.85,-117.591,22
25.854,-80.377,22
25.856,-80.302,22
33.801,-84.388,22
25.858,-80.227,22
25.859,-80.324,22
33.792,-118.185,22
25.862,-80.121,22
25.865,-80.347,22
33.754,-84.392,22
33.721,-118.039,22
33.655,-117.86,22
33.478,-112.069,22
33.348,-84.115,22
25.889,-80.122,22
25.899,-80.247,22
33.188,-96.127,22
33.082,-96.877,22
33.08,-96.821,22
25.928,-80.169,22
33.066,-96.821,22
25.93,-80.31,22
33.056,-96.852,22
33.05,-96.872,22
33.046,-96.994,22
25.942,-80.325,22
25.945,-80.138,22
33.0,-96.697,22
25.95,-80.262,22
25.954,-80.351,22
32.989,-96.833,22
25.959,-80.239,22
25.97,-80.356,22
32.938,-96.897,22
25.986,-80.304,22
32.925,-96.878,22
25.991,-80.282,22
32.915,-97.419,22
32.898,-94.554,22
26.008,-80.355,22
32.883,-97.411,22
26.016,-80.161,22
32.858,-97.081,22
32.852,-97.303,22
26.033,-80.154,22
26.043,-80.254,22
26.05,-80.252,22
32.829,-96.85,22
32.829,-97.216,22
32.812,-97.209,22
26.093,-80.252,22
26.101,-80.14,22
32.796,-96.805,22
32.788,-96.791,22
32.788,-96.799,22
32.781,-97.29,22
26.122,-80.136,22
32.769,-97.18,22
26.147,-80.202,22
32.746,-96.735,22
32.745,-96.828,22
32.744,-97.105,22
32.743,-97.238,22
26.172,-80.266,22
32.741,-97.467,22
32.734,-97.105,22
32.732,-96.906,22
26.191,-80.105,22
40.693,-73.981,22
26.241,-80.189,22
26.242,-80.101,22
32.669,-97.216,22
32.666,-97.287,22
32.646,-97.06,22
26.272,-80.172,22
32.547,-97.11,22
32.523,-96.815,22
30.495,-86.549,22
30.373,-81.758,22
26.363,-80.177,22
30.116,-95.671,22
30.073,-95.589,22
26.616,-80.145,22
26.638,-80.085,22
26.653,-80.076,22
26.669,-80.641,22
26.681,-80.236,22
26.691,-80.181,22
40.665,-73.952,22
30.009,-95.323,22
26.724,-80.101,22
26.726,-80.146,22
26.756,-80.935,22
29.995,-95.546,22
29.99,-95.737,22
27.234,-80.267,22
27.268,-80.34,22
29.965,-95.369,22
29.958,-95.466,22
27.7,-99.745,22
29.953,-95.589,22
29.945,-95.467,22
27.943,-82.334,22
29.933,-95.516,22
29.932,-95.408,22
28.02,-82.139,22
29.917,-95.685,22
28.15,-81.639,22
29.905,-95.551,22
28.241,-81.607,22
29.893,-95.64,22
29.893,-95.687,22
28.306,-81.435,22
29.879,-95.201,22
28.328,-81.465,22
29.865,-95.646,22
29.865,-95.737,22
29.857,-95.82,22
28.363,-81.364,22
28.366,-81.263,22
29.845,-95.506,22
29.845,-95.721,22
29.84,-95.403,22
28.409,-81.478,22
29.828,-95.196,22
29.825,-95.4,22
28.432,-81.239,22
28.442,-81.213,22
28.458,-81.377,22
28.492,-80.583,22
28.513,-81.477,22
28.524,-81.47,22
28.533,-81.183,22
28.54,-81.385,22
28.542,-81.55,22
29.774,-95.233,22
25.454,-80.467,22
29.774,-95.809,22
29.772,-95.918,22
28.554,-81.287,22
28.564,-81.364,22
28.566,-81.373,22
29.765,-95.622,22
28.58,-81.479,22
29.75,-95.349,22
29.746,-95.532,22
28.668,-81.356,22
29.744,-95.378,22
28.7,-81.412,22
25.462,-80.491,22
29.737,-95.581,22
29.02,-82.231,22
29.732,-95.523,22
29.729,-95.454,22
29.725,-95.333,22
29.474,-95.253,22
29.71,-95.399,22
29.705,-95.289,22
42.012,-87.829,22
42.349,-71.816,22
41.586,-87.911,22
42.293,-71.079,22
41.854,-88.301,22
42.204,-83.248,22
42.611,-85.66,22
42.18,-71.062,22
42.178,-87.997,22
42.117,-87.851,22
42.08,-71.065,22
42.056,-88.05,22
42.052,-87.826,22
42.051,-87.854,22
42.047,-87.732,22
42.046,-88.144,22
41.903,-71.106,22
42.994,-85.649,22
45.398,-75.711,22
43.12,-85.56,22
41.779,-88.359,21
42.116,-87.928,21
42.026,-87.731,21
42.314,-83.199,21
42.595,-83.444,21
41.918,-87.733,21
41.885,-87.753,21
41.765,-87.7,21
41.792,-88.285,21
42.367,-83.314,21
41.904,-87.727,21
42.867,-85.866,21
41.999,-87.687,21
41.876,-87.624,21
42.585,-83.357,21
42.08,-71.028,21
26.571,-80.057,21
32.797,-96.809,21
39.701,-104.777,21
32.909,-96.857,21
33.834,-118.162,21
39.774,-104.804,21
28.361,-81.376,21
30.011,-95.561,21
28.339,-81.421,21
29.835,-95.196,21
25.781,-80.191,21
26.112,-80.171,21
33.963,-118.286,21
28.673,-81.48,21
28.482,-81.329,21
34.056,-118.262,21
32.937,-96.536,21
28.357,-81.24,21
25.857,-80.121,21
25.877,-80.197,21
25.78,-80.328,21
25.663,-80.396,21
25.848,-80.301,21
39.658,-105.03,21
34.139,-118.232,21
26.809,-80.077,21
26.07,-80.143,21
29.844,-95.881,21
25.763,-80.218,21
29.733,-95.518,21
28.479,-81.444,21
28.353,-81.317,21
25.942,-80.121,21
25.763,-80.24,21
32.947,-96.91,21
34.057,-117.821,21
28.478,-81.452,21
34.433,-118.568,21
39.082,-77.246,21
33.083,-96.826,21
34.088,-118.26,21
29.956,-95.646,21
27.74,-82.643,21
32.839,-96.775,21
32.978,-96.716,21
33.891,-118.296,21
26.356,-80.085,21
29.813,-95.51,21
29.606,-95.497,21
39.309,-76.44,21
28.511,-81.396,21
26.118,-80.145,21
25.807,-80.124,21
26.144,-80.256,21
32.748,-97.097,21
32.903,-96.963,21
29.831,-95.652,21
33.896,-118.22,21
26.036,-80.216,21
33.764,-112.336,21
29.86,-95.675,21
25.759,-80.248,21
33.264,-96.949,21
33.265,-96.941,21
32.734,-97.294,21
30.047,-95.611,21
32.751,-97.369,21
26.261,-80.15,21
29.728,-95.419,21
25.74,-80.302,21
37.881,-122.518,21
25.716,-80.275,21
29.787,-95.784,21
25.924,-80.347,21
25.857,-80.178,21
26.52,-80.168,21
39.14,-76.58,21
32.822,-96.878,21
25.792,-80.24,21
33.675,-117.909,21
39.735,-104.875,21
39.075,-77.039,21
28.508,-81.469,21
29.842,-95.3,21
30.069,-95.416,21
29.799,-95.135,21
30.171,-95.442,21
32.533,-97.089,21
37.57,-122.335,21
30.054,-95.583,21
30.131,-95.435,21
26.667,-80.113,21
25.777,-80.322,21
33.916,-117.886,21
33.444,-117.643,21
25.794,-80.267,21
25.882,-80.331,21
39.169,-77.215,21
25.717,-80.297,21
29.835,-95.704,21
36.231,-86.789,21
32.643,-96.953,21
29.689,-95.556,21
26.271,-80.177,21
32.843,-97.165,21
26.314,-80.246,21
25.761,-80.244,21
39.231,-76.702,21
29.672,-95.281,21
33.803,-118.345,21
28.455,-81.383,21
25.731,-80.235,21
29.585,-95.214,21
29.754,-95.364,21
29.803,-94.997,21
29.722,-95.645,21
26.406,-80.12,21
40.63,-73.772,21
32.342,-97.422,21
39.968,-75.208,21
29.852,-95.738,21
25.831,-80.365,21
25.929,-80.121,21
32.793,-97.213,21
33.063,-96.907,21
26.149,-80.321,21
33.875,-117.588,21
25.765,-80.258,21
25.882,-80.235,21
29.666,-95.499,21
26.701,-80.062,21
39.09,-77.063,21
40.644,-73.978,21
32.852,-96.626,21
29.938,-95.416,21
29.622,-95.599,21
39.148,-77.181,21
25.848,-80.145,21
38.92,-94.656,21
28.722,-81.528,21
29.752,-95.36,21
29.633,-95.478,21
32.771,-96.777,21
26.191,-80.2,21
28.555,-81.415,21
25.945,-80.141,21
29.788,-95.77,21
25.766,-80.188,21
33.833,-118.349,21
29.761,-95.345,21
32.823,-97.161,21
30.156,-95.598,21
40.756,-73.972,21
29.696,-95.097,21
32.863,-96.958,21
25.82,-80.206,21
25.918,-80.371,21
28.754,-81.335,21
32.989,-96.793,21
29.863,-95.357,21
29.789,-95.722,21
30.46,-95.541,21
25.916,-80.367,21
29.679,-95.455,21
34.031,-118.29,21
32.85,-96.626,21
32.927,-96.666,21
26.191,-80.215,21
26.615,-80.101,21
32.691,-96.621,21
34.249,-118.266,21
28.601,-81.289,21
25.809,-80.341,21
25.857,-80.124,21
29.768,-95.559,21
25.966,-80.205,21
26.029,-80.297,21
32.997,-96.896,21
29.789,-95.156,21
26.338,-80.192,21
26.191,-80.253,21
29.638,-95.579,21
32.998,-96.704,21
26.807,-80.088,21
30.134,-95.286,21
29.766,-95.36,21
26.804,-80.034,21
25.649,-80.339,21
28.376,-81.43,21
40.614,-74.108,21
29.82,-95.017,21
30.163,-95.416,21
40.763,-73.966,21
25.513,-80.387,21
25.864,-80.246,21
14.644,-90.458,21
34.031,-117.601,21
25.963,-80.142,21
33.069,-96.822,21
29.88,-95.706,21
29.967,-95.978,21
39.75,-105.017,21
25.702,-80.361,21
28.516,-81.46,21
29.79,-95.158,21
25.971,-80.14,21
30.123,-95.463,21
25.502,-80.452,21
28.516,-81.487,21
38.813,-94.912,21
26.338,-80.194,21
39.16,-77.269,21
29.526,-95.049,21
39.054,-77.062,21
28.489,-81.261,21
40.625,-73.94,21
38.75,-77.452,21
30.207,-95.539,21
25.771,-80.265,21
25.596,-80.397,21
32.795,-96.807,21
25.992,-80.199,21
28.197,-81.437,21
25.759,-80.376,21
30.107,-95.625,21
29.853,-95.252,21
25.78,-80.193,21
39.484,-104.763,21
25.58,-80.37,21
28.342,-81.405,21
33.817,-117.918,21
29.786,-95.743,21
27.83,-82.699,21
10.395,-75.498,21
26.112,-80.322,21
39.189,-76.797,21
25.755,-80.372,21
26.607,-80.093,21
29.897,-95.746,21
33.931,-118.16,21
26.087,-80.188,21
33.953,-118.084,21
33.953,-118.184,21
33.176,-96.632,21
29.786,-95.727,21
25.522,-80.413,21
26.168,-80.3,21
32.6,-97.102,21
26.393,-80.103,21
39.659,-105.037,21
39.164,-77.211,21
26.832,-80.117,21
29.836,-95.37,21
25.565,-80.365,21
28.362,-81.425,21
25.597,-80.425,21
25.824,-80.377,21
29.744,-95.572,21
38.05,-122.224,21
32.974,-96.598,21
40.736,-74.041,20
29.823,-95.691,20
26.073,-80.268,20
29.918,-95.412,20
28.369,-81.282,20
32.721,-97.24,20
39.09,-77.021,20
29.69,-95.597,20
28.604,-81.541,20
27.892,-82.699,20
26.248,-80.288,20
25.883,-80.339,20
28.367,-81.337,20
32.67,-96.86,20
32.719,-97.146,20
25.509,-80.445,20
29.775,-95.382,20
30.016,-95.388,20
28.545,-81.374,20
25.806,-80.192,20
25.868,-80.243,20
29.756,-95.372,20
25.961,-80.141,20
26.403,-80.191,20
33.865,-118.318,20
25.73,-80.381,20
25.96,-80.175,20
38.512,-121.427,20
29.758,-95.367,20
39.689,-104.867,20
29.942,-95.463,20
28.59,-81.261,20
39.69,-104.883,20
25.559,-80.398,20
35.415,-81.216,20
32.773,-96.787,20
32.687,-97.118,20
32.772,-96.714,20
34.103,-118.083,20
26.523,-80.075,20
29.925,-95.414,20
33.009,-96.837,20
36.172,-86.769,20
34.006,-118.153,20
26.234,-80.213,20
32.771,-97.405,20
25.769,-80.278,20
26.079,-80.231,20
28.578,-81.338,20
28.577,-81.338,20
25.81,-80.215,20
25.781,-80.226,20
25.549,-80.403,20
32.997,-97.307,20
33.836,-118.309,20
33.003,-96.748,20
29.717,-95.573,20
29.764,-95.389,20
25.809,-80.186,20
26.231,-80.12,20
25.79,-80.389,20
29.933,-95.297,20
39.942,-75.144,20
27.995,-81.738,20
28.568,-81.299,20
29.934,-95.498,20
38.495,-90.441,20
32.698,-96.899,20
29.852,-95.373,20
32.795,-97.35,20
28.328,-81.496,20
26.106,-80.25,20
34.217,-118.37,20
29.862,-95.456,20
34.188,-118.545,20
32.814,-96.956,20
34.099,-84.585,20
39.659,-105.03,20
29.998,-95.485,20
34.216,-118.382,20
26.137,-80.111,20
26.089,-80.246,20
25.836,-80.129,20
32.809,-96.635,20
25.775,-80.178,20
32.808,-96.807,20
29.856,-95.563,20
26.091,-80.225,20
39.186,-77.234,20
25.79,-80.136,20
26.018,-80.268,20
26.14,-80.286,20
29.815,-95.718,20
26.14,-80.232,20
29.858,-95.393,20
39.707,-104.93,20
40.708,-73.818,20
32.874,-97.361,20
34.242,-118.73,20
29.523,-95.163,20
29.707,-95.527,20
28.35,-81.431,20
32.875,-96.732,20
26.014,-80.176,20
29.813,-95.708,20
33.897,-118.208,20
26.013,-80.399,20
25.743,-80.23,20
25.76,-80.802,20
30.052,-95.432,20
37.948,-122.332,20
38.647,-121.522,20
25.744,-80.416,20
29.664,-95.355,20
30.054,-95.614,20
25.883,-80.321,20
38.988,-76.944,20
30.056,-95.915,20
29.538,-95.77,20
32.838,-96.971,20
32.78,-96.762,20
27.151,-80.28,20
32.887,-96.98,20
25.786,-80.139,20
29.871,-95.352,20
25.778,-80.344,20
38.956,-76.937,20
26.009,-80.143,20
30.254,-95.313,20
33.913,-118.188,20
33.86,-118.093,20
25.885,-80.289,20
25.774,-80.355,20
29.804,-95.829,20
25.885,-80.131,20
25.761,-80.269,20
26.054,-80.207,20
26.151,-80.321,20
33.52,-117.761,20
33.504,-112.23,20
39.73,-105.177,20
33.495,-112.016,20
26.054,-80.145,20
25.887,-80.366,20
25.761,-80.191,20
25.887,-80.314,20
25.606,-80.345,20
39.011,-76.851,20
34.237,-118.422,20
30.173,-95.074,20
25.888,-80.17,20
29.725,-95.502,20
33.907,-118.3,20
40.752,-73.856,20
25.841,-80.13,20
26.006,-80.27,20
29.58,-95.398,20
33.779,-118.183,20
33.911,-118.181,20
39.015,-94.676,20
39.798,-104.887,20
26.058,-80.265,20
10.391,-75.469,20
26.005,-80.309,20
33.281,-111.824,20
29.994,-95.667,20
25.832,-80.266,20
25.76,-80.39,20
25.795,-80.222,20
33.907,-118.349,20
28.473,-81.278,20
25.892,-80.332,20
29.729,-95.316,20
34.416,-118.456,20
28.261,-81.613,20
40.605,-74.091,20
38.0,-121.318,20
29.875,-95.323,20
32.563,-97.347,20
25.826,-80.238,20
39.263,-94.626,20
39.74,-104.966,20
32.568,-97.322,20
27.288,-80.294,20
10.973,-74.776,20
34.169,-118.45,20
25.796,-80.374,20
30.362,-94.957,20
33.922,-118.306,20
33.225,-96.796,20
28.478,-81.444,20
29.732,-95.403,20
32.748,-97.359,20
25.825,-80.203,20
32.747,-96.693,20
32.747,-96.827,20
39.277,-84.367,20
30.048,-95.358,20
33.218,-96.641,20
29.608,-95.429,20
25.713,-80.459,20
29.831,-95.854,20
33.21,-96.964,20
38.942,-94.687,20
29.011,-82.036,20
29.794,-95.377,20
26.647,-80.122,20
39.742,-105.009,20
25.9,-80.21,20
29.735,-95.588,20
25.783,-80.29,20
25.9,-80.165,20
29.793,-95.359,20
34.249,-118.438,20
30.001,-95.59,20
32.911,-96.752,20
29.735,-95.331,20
25.764,-80.342,20
25.783,-80.327,20
25.823,-80.219,20
33.931,-118.381,20
32.913,-96.874,20
32.914,-97.256,20
25.993,-80.226,20
29.672,-95.684,20
26.679,-80.125,20
29.968,-95.495,20
26.647,-80.132,20
29.736,-95.463,20
25.467,-80.431,20
25.764,-80.267,20
28.49,-81.444,20
25.764,-80.265,20
25.798,-80.127,20
26.034,-80.27,20
33.873,-118.29,20
33.151,-96.869,20
26.276,-80.192,20
32.742,-97.016,20
26.275,-80.192,20
32.921,-96.713,20
32.742,-97.327,20
29.738,-95.775,20
25.708,-80.287,20
29.83,-95.766,20
32.922,-96.729,20
25.822,-80.355,20
32.741,-97.179,20
33.14,-96.708,20
39.159,-77.283,20
32.624,-96.892,20
29.738,-95.364,20
32.74,-97.302,20
32.79,-96.82,20
25.772,-80.261,20
28.496,-81.493,20
32.927,-96.817,20
25.778,-80.41,20
29.83,-95.806,20
28.395,-81.482,20
25.772,-80.417,20
25.8,-80.222,20
39.277,-76.825,20
32.632,-97.159,20
28.236,-81.555,20
29.74,-95.822,20
30.024,-95.519,20
39.149,-77.065,20
28.497,-81.294,20
29.904,-95.369,20
32.634,-96.745,20
33.941,-118.354,20
25.689,-80.393,20
29.962,-95.277,20
40.841,-73.786,20
26.182,-80.253,20
38.86,-94.81,20
26.032,-80.211,20
33.944,-83.431,20
38.56,-90.246,20
26.272,-80.233,20
25.921,-80.295,20
33.946,-118.116,20
29.622,-95.402,20
29.63,-95.045,20
29.698,-95.51,20
29.905,-95.552,20
25.788,-80.22,20
28.682,-81.389,20
25.782,-80.199,20
33.092,-96.805,20
40.822,-73.935,20
25.982,-80.121,20
29.625,-95.506,20
32.936,-96.812,20
25.765,-80.219,20
32.646,-96.904,20
28.674,-81.471,20
28.338,-81.49,20
33.08,-96.792,20
25.582,-80.488,20
26.031,-80.26,20
29.785,-95.612,20
32.939,-96.717,20
39.778,-104.84,20
26.046,-80.237,20
28.662,-81.389,20
25.882,-80.214,20
37.306,-119.597,20
26.264,-80.295,20
25.816,-80.234,20
25.803,-80.321,20
30.138,-95.472,20
32.945,-96.927,20
28.518,-81.328,20
28.309,-81.418,20
25.847,-80.372,20
25.754,-80.235,20
35.177,-80.88,20
25.93,-80.169,20
28.522,-81.62,20
25.93,-80.123,20
29.58,-95.519,20
25.756,-80.285,20
25.815,-80.37,20
39.785,-104.767,20
29.75,-95.331,20
39.278,-76.604,20
28.522,-81.233,20
29.669,-95.556,20
38.846,-94.515,20
33.703,-117.709,20
26.496,-80.063,20
38.541,-121.723,20
28.528,-81.536,20
25.933,-80.245,20
42.909,-85.556,20
42.037,-88.276,20
43.069,-83.912,20
43.134,-85.644,20
41.764,-88.07,20
41.995,-87.861,20
42.232,-87.831,20
42.287,-83.169,20
42.541,-83.515,20
42.577,-71.111,20
42.921,-85.578,20
42.087,-71.003,20
42.909,-85.712,20
42.091,-71.027,20
42.849,-85.633,20
43.241,-85.552,20
41.852,-71.068,20
41.88,-87.635,20
42.873,-85.781,20
41.783,-87.723,20
41.827,-87.763,20
42.403,-83.28,20
42.978,-85.629,20
41.925,-87.664,19
42.422,-83.27,19
42.699,-82.992,19
42.15,-88.024,19
41.949,-88.16,19
41.024,-74.769,19
42.205,-70.955,19
42.329,-83.06,19
42.974,-85.843,19
42.476,-83.4,19
41.799,-88.456,19
41.922,-87.746,19
42.033,-87.964,19
41.907,-91.754,19
44.39,-71.182,19
41.99,-87.801,19
42.562,-83.409,19
42.919,-85.578,19
41.558,-88.22,19
42.165,-71.103,19
41.976,-87.702,19
41.774,-88.194,19
33.928,-117.252,19
34.27,-118.651,19
37.797,-121.301,19
29.894,-95.465,19
33.797,-118.312,19
40.598,-75.488,19
32.849,-97.322,19
39.043,-77.052,19
28.056,-81.72,19
26.139,-80.422,19
34.02,-117.958,19
32.869,-96.938,19
38.446,-121.364,19
38.409,-121.378,19
25.996,-80.306,19
32.808,-96.799,19
34.194,-118.322,19
32.745,-96.835,19
25.926,-80.237,19
25.647,-80.413,19
-34.56,-58.717,19
29.993,-95.581,19
29.836,-95.568,19
32.744,-96.816,19
34.055,-118.236,19
32.713,-97.343,19
26.062,-80.185,19
26.118,-80.143,19
34.098,-118.342,19
25.942,-80.342,19
34.055,-118.248,19
26.104,-80.191,19
38.96,-76.883,19
40.1,-75.411,19
30.234,-95.467,19
38.656,-90.299,19
25.778,-80.203,19
25.864,-80.185,19
29.855,-95.706,19
25.931,-80.172,19
28.394,-81.36,19
26.03,-80.241,19
32.812,-96.754,19
33.175,-96.924,19
32.849,-96.967,19
38.797,-77.515,19
33.859,-118.285,19
36.429,-86.327,19
25.441,-80.453,19
25.679,-80.36,19
29.698,-95.812,19
26.086,-80.183,19
33.171,-96.64,19
29.614,-95.454,19
37.369,-122.036,19
29.614,-95.45,19
26.02,-80.226,19
32.867,-96.99,19
29.828,-95.507,19
34.236,-118.41,19
40.008,-75.203,19
29.923,-95.492,19
38.942,-77.078,19
39.678,-104.875,19
28.059,-82.627,19
29.853,-95.501,19
29.615,-95.292,19
29.897,-95.605,19
39.489,-104.923,19
33.024,-96.997,19
29.737,-95.805,19
26.171,-80.146,19
29.817,-95.462,19
30.163,-95.187,19
25.778,-80.25,19
29.853,-95.732,19
29.953,-95.425,19
28.126,-82.391,19
33.16,-96.841,19
29.638,-95.518,19
40.576,-73.982,19
32.715,-96.845,19
25.979,-80.402,19
29.686,-95.601,19
34.187,-118.427,19
32.818,-96.849,19
25.677,-80.419,19
32.919,-96.74,19
34.255,-118.616,19
29.991,-95.326,19
37.959,-122.355,19
25.546,-80.542,19
25.931,-80.133,19
29.756,-95.404,19
33.83,-117.977,19
28.811,-81.341,19
26.227,-80.252,19
33.678,-84.417,19
29.774,-95.373,19
25.764,-80.191,19
29.765,-95.624,19
29.554,-95.504,19
25.97,-80.378,19
32.842,-97.3,19
40.633,-75.43,19
34.05,-118.437,19
33.067,-97.022,19
40.753,-73.971,19
30.132,-95.559,19
33.995,-117.907,19
32.695,-97.037,19
28.369,-81.281,19
10.997,-74.815,19
40.559,-75.413,19
32.943,-96.666,19
30.327,-95.443,19
38.139,-121.274,19
25.77,-80.238,19
25.629,-80.382,19
39.135,-76.729,19
32.701,-96.998,19
30.119,-95.401,19
26.033,-80.166,19
29.79,-95.767,19
37.961,-122.095,19
28.791,-81.353,19
29.755,-95.453,19
25.799,-80.191,19
25.939,-80.122,19
40.527,-75.508,19
30.163,-95.464,19
25.8,-80.328,19
29.715,-95.315,19
25.694,-80.308,19
40.625,-74.026,19
32.664,-96.906,19
29.91,-95.355,19
29.931,-95.541,19
33.971,-118.216,19
28.392,-81.5,19
25.987,-80.255,19
29.783,-95.305,19
26.106,-80.166,19
25.479,-80.488,19
30.301,-95.878,19
25.551,-80.398,19
32.63,-97.079,19
25.929,-80.156,19
39.265,-106.291,19
40.639,-75.436,19
29.776,-95.78,19
27.841,-82.232,19
26.22,-80.188,19
38.793,-77.063,19
34.041,-118.247,19
32.851,-96.777,19
25.954,-80.188,19
34.005,-118.317,19
25.938,-80.312,19
25.806,-80.334,19
29.788,-95.555,19
29.635,-95.195,19
29.748,-95.369,19
25.708,-80.415,19
32.705,-96.617,19
33.957,-118.128,19
29.776,-95.426,19
29.741,-96.334,19
38.862,-76.729,19
33.11,-96.736,19
25.693,-80.164,19
29.951,-95.682,19
26.728,-80.101,19
26.715,-80.092,19
25.774,-80.24,19
27.82,-82.664,19
29.672,-95.08,19
10.405,-75.489,19
29.809,-95.321,19
34.301,-118.462,19
33.592,-101.936,19
26.027,-80.314,19
25.728,-80.26,19
32.847,-96.764,19
38.996,-77.027,19
30.179,-95.475,19
29.662,-95.638,19
29.721,-95.342,19
29.927,-95.405,19
29.661,-95.06,19
39.124,-77.237,19
33.888,-118.083,19
25.831,-80.326,19
28.269,-81.331,19
30.228,-95.528,19
32.886,-96.767,19
26.117,-80.146,19
25.831,-80.265,19
26.192,-80.248,19
26.706,-80.115,19
26.038,-80.131,19
29.81,-95.465,19
33.06,-97.032,19
25.76,-80.367,19
25.574,-80.376,19
33.508,-112.094,19
33.966,-118.274,19
32.787,-97.039,19
29.713,-95.848,19
30.059,-95.395,19
25.717,-80.277,19
29.781,-95.62,19
25.784,-80.207,19
25.811,-80.331,19
34.038,-118.368,19
33.481,-112.081,19
25.538,-80.382,19
32.984,-96.711,19
25.761,-80.384,19
29.986,-95.432,19
25.685,-80.408,19
25.747,-80.389,19
29.723,-95.275,19
40.812,-96.789,19
39.01,-76.98,19
25.693,-80.4,19
25.707,-80.285,19
30.054,-95.351,19
29.658,-95.715,19
30.096,-95.232,19
29.702,-95.626,19
29.913,-95.387,19
30.03,-95.435,19
29.586,-95.517,19
33.674,-117.748,19
30.065,-95.778,19
29.866,-95.37,19
25.691,-80.315,19
39.967,-75.23,19
26.153,-81.74,19
32.736,-97.291,19
25.615,-80.316,19
29.8,-95.441,19
29.913,-95.334,19
33.662,-117.938,19
26.153,-80.319,19
29.655,-95.128,19
33.891,-118.155,19
32.933,-96.988,19
34.39,-118.543,19
29.875,-95.709,19
32.898,-97.253,19
39.206,-94.46,19
25.762,-80.262,19
30.003,-95.405,19
29.886,-93.965,19
32.88,-96.839,19
38.712,-90.358,19
29.993,-95.442,19
30.07,-95.961,19
26.325,-80.168,19
29.799,-95.515,19
33.919,-118.082,19
26.126,-80.249,19
33.099,-96.812,19
29.832,-95.582,19
39.246,-76.842,19
33.859,-117.568,19
29.653,-95.115,19
26.005,-80.178,19
26.005,-80.195,19
37.091,-97.04,19
34.277,-118.402,19
25.848,-80.326,19
38.937,-76.948,19
39.889,-104.885,19
38.788,-121.256,19
34.399,-118.823,19
26.666,-80.061,19
30.105,-95.499,19
29.885,-95.3,19
25.767,-80.191,19
25.753,-80.437,19
33.92,-118.344,19
29.86,-95.717,19
32.751,-117.207,19
25.827,-80.362,19
30.023,-95.322,19
29.836,-95.646,19
25.836,-80.185,19
29.787,-95.658,19
29.85,-90.098,19
26.336,-80.088,19
32.822,-97.383,19
25.937,-80.205,19
33.266,-96.8,19
34.276,-118.442,19
29.623,-95.539,19
29.797,-95.759,19
25.785,-80.193,19
33.903,-117.786,19
33.013,-96.998,19
25.639,-80.335,19
32.658,-96.653,19
26.16,-80.257,19
32.902,-97.415,19
39.071,-94.646,19
29.85,-95.533,19
26.1,-80.365,19
29.73,-95.472,19
40.607,-75.507,19
30.089,-95.888,19
25.683,-80.394,19
39.168,-77.074,19
33.682,-117.702,19
25.689,-80.313,19
26.27,-80.219,19
25.958,-80.402,19
26.519,-80.065,19
26.356,-80.087,19
32.71,-97.414,19
40.184,-74.913,19
26.099,-80.256,19
29.988,-95.403,19
29.95,-95.402,19
25.858,-80.127,19
26.013,-80.158,19
38.157,-122.257,19
28.477,-81.584,19
26.002,-80.222,19
29.796,-95.706,19
28.539,-81.647,19
28.327,-81.54,19
29.877,-95.636,19
32.838,-96.93,19
26.34,-80.136,19
29.831,-95.727,19
25.779,-80.265,19
26.296,-80.204,19
28.352,-81.484,19
33.952,-118.401,19
32.71,-97.036,19
29.777,-95.166,19
27.947,-82.457,19
29.942,-95.252,19
33.965,-84.167,19
33.017,-96.812,19
29.732,-95.341,19
32.734,-97.297,19
25.999,-80.117,19
25.767,-80.23,19
32.805,-97.194,19
39.217,-77.192,19
25.775,-80.221,19
25.775,-80.218,19
34.09,-84.017,19
25.767,-80.283,19
29.815,-95.734,19
25.878,-80.23,19
29.02,-95.436,19
29.774,-95.865,19
28.479,-81.31,19
25.853,-80.381,19
34.13,-117.849,19
28.344,-81.485,19
39.828,-105.026,19
29.702,-95.401,19
25.796,-80.191,19
33.081,-96.864,19
26.209,-80.143,19
26.035,-80.273,19
29.883,-95.698,19
28.356,-81.233,19
29.734,-95.406,19
33.199,-96.618,19
29.794,-95.73,19
33.711,-117.783,19
25.797,-80.354,19
29.642,-95.206,19
28.437,-81.397,19
32.746,-96.998,19
25.78,-80.315,19
32.912,-96.445,18
39.665,-77.696,18
25.741,-80.335,18
25.838,-80.274,18
32.785,-97.469,18
29.868,-95.47,18
34.163,-118.444,18
25.784,-80.193,18
32.785,-96.61,18
32.787,-96.809,18
26.611,-80.129,18
25.784,-80.236,18
29.866,-95.395,18
25.783,-80.132,18
26.061,-80.232,18
32.834,-96.798,18
25.838,-80.287,18
26.111,-80.255,18
25.778,-80.22,18
25.653,-80.333,18
29.849,-95.668,18
25.778,-80.214,18
25.883,-80.341,18
29.864,-95.385,18
25.782,-80.385,18
26.073,-80.136,18
32.823,-96.912,18
34.219,-118.393,18
34.185,-118.369,18
32.82,-97.071,18
29.677,-95.68,18
32.816,-96.925,18
33.753,-84.4,18
34.191,-118.376,18
29.854,-95.212,18
25.67,-80.437,18
29.855,-95.391,18
32.81,-96.953,18
29.518,-95.098,18
29.715,-95.854,18
29.859,-95.669,18
39.307,-84.568,18
34.208,-118.341,18
32.803,-96.821,18
25.667,-80.313,18
38.981,-76.942,18
40.758,-73.998,18
25.743,-80.229,18
25.761,-80.434,18
26.635,-80.102,18
38.629,-121.115,18
30.056,-95.401,18
31.953,-97.113,18
32.079,-102.082,18
29.429,-98.746,18
33.622,-117.737,18
29.985,-95.433,18
40.762,-73.987,18
39.001,-76.513,18
32.398,-97.383,18
33.913,-117.875,18
33.531,-112.14,18
29.723,-95.491,18
33.916,-118.305,18
40.742,-73.881,18
29.725,-95.546,18
33.422,-97.749,18
29.557,-95.301,18
29.329,-94.732,18
32.51,-90.108,18
25.762,-80.198,18
29.278,-81.084,18
29.271,-94.819,18
37.888,-122.244,18
33.294,-96.701,18
39.027,-77.453,18
33.817,-117.984,18
25.891,-80.276,18
33.799,-117.891,18
33.279,-96.539,18
27.281,-80.47,18
33.238,-96.782,18
37.866,-122.25,18
25.893,-80.168,18
33.23,-97.176,18
27.292,-90.968,18
26.297,-80.275,18
29.647,-95.652,18
29.607,-95.622,18
26.71,-80.054,18
26.71,-80.057,18
32.592,-96.779,18
33.204,-96.598,18
25.899,-80.365,18
32.593,-97.143,18
29.713,-95.471,18
29.641,-95.18,18
29.64,-95.397,18
29.64,-95.625,18
33.187,-96.776,18
29.972,-95.393,18
27.317,-80.372,18
32.599,-96.69,18
32.6,-97.392,18
33.179,-96.907,18
29.736,-95.788,18
29.639,-95.461,18
29.736,-95.622,18
29.639,-95.492,18
39.054,-77.065,18
26.279,-80.241,18
26.449,-80.1,18
32.613,-96.95,18
29.668,-95.556,18
33.152,-96.691,18
33.934,-118.361,18
28.809,-81.332,18
33.146,-96.811,18
40.729,-74.24,18
33.938,-118.267,18
33.938,-118.24,18
38.918,-77.22,18
33.938,-117.501,18
32.629,-97.32,18
33.129,-96.653,18
33.681,-117.713,18
26.781,-80.089,18
37.706,-121.931,18
33.124,-97.027,18
25.917,-80.356,18
25.821,-80.374,18
25.82,-80.255,18
28.713,-81.46,18
29.742,-95.412,18
28.695,-81.472,18
33.884,-118.193,18
25.922,-80.198,18
33.949,-118.321,18
33.096,-96.786,18
32.645,-97.036,18
33.093,-96.857,18
29.744,-95.624,18
33.951,-118.191,18
26.267,-80.232,18
25.861,-80.323,18
29.996,-95.455,18
30.14,-95.452,18
33.076,-97.009,18
33.074,-96.859,18
32.649,-96.96,18
32.65,-96.943,18
30.293,-95.582,18
29.7,-95.749,18
25.476,-80.428,18
32.654,-96.754,18
25.93,-80.309,18
-34.577,-58.47,18
25.853,-80.275,18
33.959,-117.683,18
26.26,-80.25,18
33.056,-96.845,18
29.996,-95.492,18
25.493,-80.419,18
25.496,-80.506,18
10.404,-75.519,18
29.578,-95.558,18
25.933,-80.295,18
36.444,-86.802,18
30.133,-95.448,18
33.965,-118.353,18
25.5,-80.442,18
29.753,-95.462,18
25.756,-80.225,18
29.754,-95.329,18
29.946,-95.466,18
32.668,-96.714,18
33.033,-96.379,18
28.602,-81.391,18
33.971,-118.02,18
25.813,-80.365,18
29.945,-95.782,18
28.598,-81.417,18
29.944,-95.448,18
33.975,-117.326,18
33.02,-96.983,18
39.11,-76.793,18
25.943,-80.299,18
33.979,-118.227,18
33.868,-118.165,18
25.697,-80.445,18
30.131,-95.558,18
29.939,-95.204,18
26.523,-81.764,18
39.961,-75.188,18
32.688,-96.654,18
33.807,-117.959,18
33.789,-117.96,18
25.539,-80.385,18
27.982,-82.57,18
40.83,-73.898,18
25.81,-80.187,18
33.992,-118.28,18
25.947,-80.268,18
26.232,-80.119,18
28.574,-81.405,18
27.983,-82.825,18
25.695,-80.312,18
29.936,-95.362,18
25.949,-80.199,18
27.988,-82.433,18
29.683,-95.202,18
25.768,-80.21,18
29.767,-95.417,18
26.223,-80.179,18
32.996,-96.854,18
29.768,-95.396,18
29.77,-95.779,18
25.955,-80.303,18
28.556,-81.377,18
29.771,-95.399,18
25.735,-80.298,18
39.902,-105.039,18
29.771,-95.283,18
33.701,-117.889,18
39.129,-77.203,18
30.334,-95.427,18
28.551,-81.237,18
39.129,-76.729,18
39.868,-104.944,18
25.77,-80.339,18
30.123,-95.448,18
25.875,-80.189,18
25.454,-80.479,18
34.018,-118.351,18
30.121,-95.388,18
32.717,-96.322,18
33.904,-118.145,18
26.204,-80.202,18
25.966,-80.147,18
29.777,-95.186,18
29.665,-95.529,18
28.538,-81.608,18
39.138,-94.762,18
29.685,-95.411,18
29.92,-95.583,18
29.779,-95.442,18
25.805,-80.236,18
28.529,-81.479,18
38.146,-122.251,18
29.916,-95.493,18
29.684,-95.396,18
39.79,-104.778,18
29.781,-95.56,18
25.882,-80.338,18
39.144,-77.226,18
39.787,-104.844,18
34.026,-118.221,18
25.975,-80.245,18
34.027,-118.429,18
29.783,-95.72,18
29.91,-95.456,18
28.516,-81.471,18
32.94,-97.101,18
25.727,-80.44,18
29.908,-95.639,18
30.202,-95.474,18
25.802,-80.271,18
34.033,-117.601,18
25.69,-80.444,18
-12.091,-76.883,18
28.512,-81.458,18
32.937,-96.824,18
32.937,-96.982,18
39.146,-84.608,18
25.583,-80.371,18
39.147,-77.173,18
25.689,-80.37,18
25.983,-80.161,18
39.764,-104.985,18
25.801,-80.234,18
28.498,-81.443,18
39.758,-104.89,18
32.931,-96.894,18
25.986,-80.16,18
40.816,-73.851,18
25.771,-80.14,18
39.753,-105.0,18
26.402,-80.183,18
32.739,-96.719,18
32.74,-97.324,18
26.174,-80.28,18
25.593,-80.378,18
29.697,-95.644,18
39.752,-104.888,18
29.79,-95.707,18
25.989,-80.168,18
25.799,-80.273,18
29.679,-95.658,18
25.798,-80.143,18
28.488,-81.46,18
29.792,-98.751,18
28.487,-81.428,18
34.053,-117.45,18
29.896,-95.489,18
29.792,-95.58,18
25.85,-80.191,18
37.973,-122.029,18
40.839,-73.818,18
25.797,-80.26,18
34.055,-83.926,18
28.253,-81.324,18
26.166,-80.155,18
34.444,-118.38,18
25.873,-80.358,18
25.796,-80.27,18
29.893,-95.744,18
30.197,-95.638,18
25.796,-80.343,18
32.903,-96.364,18
29.796,-95.577,18
25.773,-80.244,18
33.714,-117.907,18
28.26,-81.506,18
37.971,-122.064,18
32.898,-96.436,18
25.865,-80.316,18
32.751,-97.091,18
26.154,-80.256,18
33.876,-118.266,18
25.794,-80.186,18
26.152,-80.32,18
29.801,-95.736,18
25.738,-80.312,18
32.894,-96.89,18
29.804,-95.447,18
38.775,-90.316,18
29.805,-95.546,18
40.767,-111.888,18
26.149,-80.205,18
32.889,-97.289,18
33.892,-118.16,18
30.388,-95.703,18
25.774,-80.211,18
30.03,-95.485,18
26.011,-80.307,18
29.81,-95.414,18
33.776,-118.396,18
34.274,-118.545,18
25.792,-80.374,18
25.775,-80.289,18
26.014,-80.165,18
32.876,-96.939,18
25.775,-80.236,18
32.761,-79.837,18
25.791,-80.212,18
32.873,-96.936,18
25.791,-80.24,18
32.871,-96.993,18
29.815,-95.772,18
26.37,-80.076,18
30.034,-95.607,18
25.682,-80.434,18
32.868,-97.1,18
34.099,-118.151,18
32.866,-97.207,18
26.023,-80.311,18
29.82,-95.757,18
39.689,-104.897,18
25.776,-80.366,18
32.862,-96.872,18
29.879,-95.668,18
29.822,-95.764,18
29.879,-95.67,18
39.193,-76.821,18
32.775,-97.099,18
25.751,-80.316,18
34.257,-118.495,18
25.68,-80.423,18
34.255,-118.486,18
32.856,-97.142,18
34.126,-118.187,18
29.828,-95.47,18
39.201,-76.748,18
25.678,-80.47,18
29.553,-95.805,18
25.677,-80.467,18
26.127,-80.26,18
28.317,-81.408,18
25.777,-80.369,18
34.247,-118.411,18
25.674,-80.318,18
34.148,-118.434,18
25.756,-80.305,18
25.637,-80.445,18
25.756,-80.31,18
33.743,-118.025,18
42.018,-87.689,18
41.784,-88.173,18
42.088,-71.004,18
42.841,-85.576,18
42.961,-86.083,18
42.852,-85.636,18
41.98,-87.88,18
41.853,-87.772,18
43.096,-85.506,18
41.975,-87.803,18
40.941,-73.862,18
42.068,-88.055,18
42.708,-71.458,18
45.529,-94.181,18
42.353,-71.128,18
40.996,-74.11,18
42.272,-83.587,18
42.923,-85.699,18
42.931,-85.707,18
42.379,-87.947,18
41.927,-87.668,18
42.04,-87.838,18
42.021,-87.666,18
42.54,-83.34,18
42.04,-88.043,18
42.477,-83.25,18
41.782,-88.169,18
42.181,-87.863,18
42.633,-83.249,18
41.848,-88.026,17
42.344,-83.174,17
42.885,-85.588,17
42.009,-87.691,17
43.039,-85.67,17
43.037,-85.601,17
42.172,-71.17,17
41.869,-87.621,17
41.891,-87.84,17
41.523,-88.043,17
42.92,-85.729,17
41.897,-87.629,17
42.323,-71.083,17
40.975,-73.834,17
42.102,-71.019,17
42.056,-71.331,17
41.975,-87.89,17
42.046,-87.923,17
41.961,-87.757,17
41.868,-87.621,17
41.734,-87.644,17
41.522,-88.043,17
41.048,-73.517,17
42.509,-83.378,17
42.362,-83.078,17
41.985,-88.23,17
41.563,-88.144,17
41.879,-83.423,17
41.732,-70.589,17
42.108,-70.971,17
42.326,-83.292,17
42.914,-85.499,17
41.891,-87.612,17
42.452,-70.963,17
49.276,10.688,17
43.483,-89.746,17
41.797,-87.689,17
30.039,-95.464,17
32.775,-96.797,17
32.959,-97.256,17
40.769,-73.88,17
28.613,-81.456,17
25.766,-80.222,17
25.933,-80.292,17
29.918,-95.614,17
28.37,-81.431,17
30.337,-95.423,17
28.528,-81.402,17
34.241,-118.432,17
32.954,-96.813,17
28.392,-81.685,17
29.878,-95.539,17
33.962,-118.174,17
38.022,-121.953,17
28.328,-81.484,17
32.952,-96.82,17
25.577,-80.401,17
27.833,-82.73,17
32.723,-97.243,17
26.07,-80.179,17
25.804,-80.194,17
33.819,-118.34,17
29.915,-95.481,17
38.946,-76.888,17
25.69,-80.372,17
32.948,-96.807,17
28.522,-81.456,17
25.931,-80.212,17
26.656,-80.161,17
29.783,-95.738,17
38.93,-77.245,17
40.423,-74.523,17
33.059,-96.915,17
40.738,-74.035,17
32.727,-96.904,17
29.749,-95.36,17
25.815,-80.237,17
33.958,-84.353,17
32.945,-96.763,17
29.783,-95.553,17
25.766,-80.349,17
29.748,-95.482,17
25.733,-80.331,17
33.884,-117.995,17
25.766,-80.375,17
28.658,-81.377,17
39.782,-104.891,17
25.741,-80.299,17
28.193,-82.547,17
29.91,-95.692,17
33.071,-96.889,17
30.015,-95.589,17
25.74,-80.415,17
29.785,-95.716,17
33.794,-118.285,17
29.785,-95.677,17
25.777,-80.194,17
26.03,-80.31,17
28.668,-81.41,17
30.293,-97.825,17
25.926,-80.279,17
26.599,-80.202,17
32.733,-97.215,17
29.907,-95.597,17
33.082,-96.82,17
33.083,-96.82,17
29.865,-95.703,17
29.694,-95.37,17
33.878,-117.334,17
32.734,-97.295,17
32.854,-96.639,17
30.15,-95.206,17
25.583,-80.378,17
33.088,-96.843,17
29.626,-95.435,17
29.787,-95.751,17
33.806,-117.868,17
29.626,-95.327,17
26.031,-80.271,17
33.097,-97.239,17
25.733,-80.354,17
26.36,-80.084,17
35.118,-81.0,17
39.066,-77.099,17
25.819,-80.243,17
29.96,-95.517,17
29.788,-95.96,17
25.689,-80.392,17
29.877,-95.55,17
37.691,-122.129,17
25.461,-80.459,17
25.755,-80.39,17
25.801,-80.371,17
33.116,-96.798,17
29.536,-81.25,17
29.636,-95.939,17
29.903,-95.56,17
33.94,-118.288,17
33.708,-117.921,17
32.828,-96.85,17
35.066,-80.837,17
26.11,-80.18,17
25.8,-80.211,17
29.618,-95.342,17
25.987,-80.16,17
33.823,-118.305,17
29.849,-95.56,17
29.674,-95.312,17
30.042,-95.396,17
29.829,-95.754,17
40.65,-74.024,17
28.808,-81.564,17
25.725,-80.408,17
26.569,-80.066,17
29.737,-95.529,17
26.57,-80.129,17
29.687,-95.399,17
33.934,-118.309,17
25.879,-80.294,17
29.737,-95.59,17
25.909,-80.21,17
39.16,-77.265,17
29.791,-95.555,17
30.074,-95.482,17
25.764,-80.276,17
33.163,-96.683,17
29.791,-95.202,17
25.772,-80.198,17
32.831,-96.943,17
25.992,-80.296,17
32.832,-97.405,17
25.686,-80.31,17
30.011,-95.512,17
32.605,-96.868,17
34.226,-118.43,17
25.782,-80.19,17
25.859,-80.244,17
32.604,-96.937,17
29.542,-95.39,17
29.846,-95.646,17
32.602,-97.371,17
29.793,-95.774,17
30.011,-95.551,17
40.626,-75.358,17
25.633,-80.439,17
33.179,-96.512,17
34.175,-118.539,17
26.167,-80.139,17
25.764,-80.373,17
32.789,-96.758,17
33.93,-117.956,17
26.044,-80.238,17
26.285,-80.088,17
25.9,-80.156,17
25.996,-80.161,17
30.164,-95.185,17
33.198,-96.76,17
29.591,-95.671,17
33.199,-96.851,17
29.734,-95.416,17
29.701,-95.527,17
29.894,-95.691,17
39.167,-77.282,17
25.634,-80.426,17
33.222,-96.895,17
33.225,-96.769,17
29.976,-95.573,17
29.586,-95.237,17
26.711,-80.051,17
25.857,-80.126,17
29.844,-95.488,17
29.731,-95.246,17
29.648,-95.382,17
25.672,-80.432,17
29.977,-95.572,17
28.381,-81.247,17
28.476,-81.449,17
28.411,-81.42,17
30.01,-95.559,17
32.75,-97.025,17
34.063,-118.446,17
25.755,-80.229,17
29.652,-95.278,17
29.729,-95.58,17
26.005,-80.315,17
33.288,-96.82,17
29.714,-95.811,17
30.102,-95.563,17
26.005,-80.204,17
38.885,-77.011,17
29.799,-95.802,17
25.89,-80.334,17
38.911,-77.017,17
33.919,-118.355,17
29.726,-95.501,17
25.758,-80.377,17
29.726,-95.567,17
33.86,-118.05,17
27.273,-80.376,17
25.795,-80.375,17
26.153,-80.258,17
25.828,-80.271,17
28.382,-81.245,17
32.897,-96.728,17
30.097,-95.507,17
29.978,-95.165,17
32.897,-96.96,17
29.8,-95.741,17
25.762,-80.304,17
33.395,-111.983,17
28.262,-81.371,17
28.466,-81.38,17
29.723,-95.345,17
32.836,-96.809,17
10.367,-75.362,17
29.721,-95.341,17
6.291,-75.557,17
32.891,-96.635,17
25.61,-80.43,17
25.865,-80.251,17
32.891,-96.775,17
26.317,-80.118,17
39.001,-76.52,17
29.715,-95.767,17
32.891,-96.949,17
15.106,-88.489,17
32.89,-97.036,17
34.069,-117.972,17
29.806,-95.541,17
32.889,-96.418,17
30.075,-95.518,17
28.459,-81.379,17
39.716,-104.952,17
29.464,-95.711,17
33.618,-117.879,17
28.457,-81.598,17
39.712,-104.842,17
38.268,-122.017,17
29.431,-95.765,17
37.937,-121.697,17
39.711,-104.913,17
40.746,-73.821,17
26.629,-80.061,17
26.038,-80.294,17
29.831,-95.188,17
30.054,-95.77,17
29.886,-95.661,17
38.602,-90.207,17
26.619,-80.114,17
38.601,-90.301,17
30.949,-95.376,17
25.76,-80.19,17
29.812,-95.569,17
32.756,-97.074,17
29.86,-95.647,17
39.329,-76.614,17
34.164,-118.338,17
25.779,-80.16,17
39.182,-76.77,17
29.866,-95.369,17
39.708,-104.863,17
30.071,-95.868,17
29.86,-95.879,17
26.096,-80.137,17
26.039,-80.182,17
25.749,-80.366,17
32.761,-96.571,17
25.672,-80.371,17
33.744,-117.886,17
32.805,-97.006,17
39.675,-104.826,17
30.033,-95.427,17
34.271,-118.68,17
25.868,-80.169,17
26.093,-80.371,17
25.775,-80.21,17
26.643,-80.145,17
29.558,-95.264,17
11.016,-74.825,17
29.88,-95.364,17
25.749,-80.336,17
29.88,-95.684,17
39.391,-76.489,17
26.089,-80.19,17
29.817,-95.804,17
29.817,-95.751,17
28.362,-81.418,17
25.682,-80.474,17
38.975,-77.015,17
29.862,-95.557,17
29.692,-95.699,17
32.867,-97.202,17
26.02,-80.15,17
28.433,-81.57,17
29.853,-95.706,17
32.817,-96.928,17
25.674,-80.32,17
25.657,-80.425,17
32.821,-96.872,17
33.755,-118.256,17
25.786,-80.22,17
26.077,-80.184,17
26.135,-80.261,17
32.823,-97.202,17
26.107,-80.252,17
26.052,-80.212,17
25.781,-80.142,17
39.262,-84.402,17
25.778,-80.134,17
29.551,-95.34,17
25.846,-80.301,17
39.118,-77.185,17
29.764,-95.753,17
25.789,-80.213,17
37.975,-122.323,17
33.838,-117.958,17
26.024,-80.149,17
25.809,-80.294,17
34.163,-118.445,17
27.983,-82.572,17
29.763,-95.218,17
39.689,-105.026,17
29.932,-95.39,17
29.692,-95.513,17
28.575,-81.205,17
25.81,-80.221,17
33.005,-96.832,17
39.949,-75.161,17
29.996,-95.756,17
26.808,-80.135,17
29.762,-95.372,17
32.991,-97.243,17
25.551,-80.367,17
40.838,-73.92,17
26.529,-80.103,17
30.231,-95.087,17
29.77,-95.781,17
29.762,-95.462,17
26.217,-80.156,17
32.861,-96.889,17
29.771,-95.862,17
35.667,139.737,17
25.54,-80.42,17
30.038,-94.892,17
25.945,-80.147,17
25.956,-80.341,17
26.025,-80.202,17
39.114,-76.804,17
26.793,-80.085,17
33.011,-96.9,17
25.956,-80.144,17
39.128,-76.825,17
28.553,-81.357,17
38.954,-77.027,17
25.767,-80.189,17
26.212,-80.235,17
29.467,-98.697,17
29.821,-95.294,17
39.111,-77.215,17
32.678,-96.458,17
25.769,-80.134,17
25.789,-80.251,17
33.015,-96.649,17
29.758,-95.359,17
25.96,-80.244,17
27.942,-82.455,17
32.977,-96.525,17
38.895,-77.069,17
25.942,-80.304,17
29.823,-95.502,17
40.016,-105.261,17
29.774,-95.75,17
28.597,-81.202,17
29.774,-95.643,17
25.962,-80.19,17
25.962,-80.175,17
25.861,-80.125,17
28.547,-81.412,17
30.02,-95.324,17
28.547,-81.727,17
26.543,-80.104,17
34.017,-118.492,17
29.922,-95.362,17
25.963,-80.146,17
33.028,-96.853,17
37.982,-122.041,17
32.846,-97.017,17
25.569,-80.37,17
25.753,-80.367,17
34.114,-117.923,17
25.813,-80.359,17
28.074,-82.36,17
26.347,-80.153,17
40.046,-75.154,17
25.751,-80.308,17
39.097,-77.158,17
25.813,-80.134,17
33.041,-97.022,17
32.841,-97.327,17
25.638,-80.423,17
26.071,-80.138,17
28.609,-81.371,17
25.968,-80.188,17
32.959,-96.815,17
30.085,-95.625,16
26.035,-80.243,16
29.652,-95.244,16
26.155,-80.144,16
34.108,-118.249,16
25.78,-80.197,16
34.154,-118.431,16
33.288,-96.632,16
30.019,-95.907,16
25.691,-80.319,16
38.83,-77.112,16
29.706,-95.446,16
28.304,-81.208,16
29.726,-95.447,16
30.072,-96.01,16
25.75,-80.289,16
32.819,-97.221,16
32.788,-96.783,16
29.712,-95.518,16
29.863,-95.442,16
29.852,-95.531,16
28.546,-81.379,16
33.695,-117.825,16
33.755,-118.293,16
25.627,-80.39,16
32.821,-96.832,16
29.869,-95.393,16
29.774,-95.409,16
26.203,-80.281,16
29.824,-94.83,16
34.185,-118.383,16
30.015,-95.318,16
29.921,-95.565,16
25.845,-80.148,16
29.98,-95.469,16
26.212,-80.267,16
33.854,-118.092,16
29.698,-95.815,16
33.436,-111.994,16
29.359,-81.136,16
25.888,-80.33,16
26.312,-80.212,16
21.793,-72.191,16
34.185,-118.643,16
26.059,-80.426,16
25.502,-80.445,16
40.656,-73.869,16
29.78,-95.628,16
29.575,-95.172,16
28.617,-81.404,16
33.87,-118.339,16
32.402,-97.328,16
25.77,-80.217,16
32.664,-97.115,16
29.391,-98.553,16
30.374,-95.45,16
29.598,-95.556,16
32.662,-97.127,16
32.794,-96.814,16
37.93,-121.271,16
25.885,-80.165,16
15.406,-88.124,16
39.143,-76.649,16
25.494,-80.43,16
28.464,-81.305,16
25.971,-80.181,16
25.793,-80.194,16
26.029,-80.347,16
25.813,-80.378,16
33.051,-97.005,16
29.751,-95.364,16
25.51,-80.41,16
30.127,-95.642,16
28.568,-81.209,16
39.943,-75.359,16
35.22,-80.948,16
29.843,-95.719,16
29.834,-95.55,16
30.123,-95.389,16
34.01,-118.112,16
29.834,-95.264,16
25.731,-80.367,16
25.931,-80.127,16
29.782,-95.554,16
29.914,-95.223,16
25.56,-80.374,16
29.914,-95.621,16
39.198,-77.258,16
40.622,-74.02,16
36.711,-94.966,16
28.572,-81.184,16
39.17,-77.153,16
25.83,-80.221,16
29.828,-95.694,16
25.863,-80.278,16
38.465,-121.493,16
25.884,-80.242,16
25.611,-80.345,16
29.689,-95.59,16
26.009,-80.274,16
39.817,-105.139,16
35.189,-80.876,16
29.822,-95.29,16
28.422,-81.214,16
29.874,-95.477,16
36.095,-95.922,16
25.847,-80.373,16
29.889,-95.618,16
29.749,-95.482,16
35.175,-103.491,16
28.459,-81.49,16
28.643,-81.14,16
33.608,-117.664,16
29.783,-95.47,16
29.913,-95.487,16
25.56,-80.335,16
39.222,-77.248,16
29.924,-95.648,16
29.933,-95.559,16
32.654,-96.751,16
39.144,-76.897,16
40.644,-74.01,16
30.015,-95.521,16
25.861,-80.312,16
29.546,-95.143,16
33.904,-118.064,16
25.476,-80.435,16
39.782,-104.886,16
29.837,-95.706,16
29.996,-95.483,16
25.469,-80.427,16
25.977,-80.118,16
33.864,-118.261,16
40.601,-75.49,16
29.712,-95.505,16
32.942,-97.13,16
33.833,-118.188,16
29.746,-95.748,16
29.72,-95.848,16
29.808,-95.168,16
38.02,-122.282,16
34.073,-118.218,16
29.91,-95.726,16
25.778,-80.194,16
30.133,-95.553,16
29.745,-95.449,16
25.883,-80.132,16
33.892,-118.005,16
25.802,-80.242,16
29.745,-95.465,16
27.772,-82.699,16
35.155,-80.974,16
39.194,-76.737,16
25.979,-80.131,16
39.682,-104.945,16
39.948,-75.166,16
25.98,-80.31,16
33.018,-96.588,16
25.778,-80.333,16
34.022,-118.221,16
29.692,-95.544,16
26.038,-80.407,16
26.148,-80.247,16
26.331,-80.17,16
25.817,-80.26,16
29.872,-95.362,16
25.817,-80.206,16
33.771,-84.045,16
28.512,-81.375,16
34.253,-118.598,16
40.832,-73.855,16
29.757,-95.284,16
29.879,-95.33,16
26.042,-80.217,16
26.715,-80.053,16
28.512,-81.471,16
29.774,-95.817,16
25.685,-80.398,16
31.288,-97.255,16
25.776,-80.216,16
32.937,-96.985,16
3.781,-76.311,16
37.5,-121.961,16
29.744,-95.617,16
33.088,-98.586,16
26.147,-80.257,16
26.011,-80.15,16
30.009,-95.555,16
25.836,-80.365,16
38.639,-90.261,16
30.09,-95.461,16
26.419,-81.903,16
33.884,-118.098,16
32.881,-97.17,16
33.643,-117.827,16
32.854,-96.764,16
29.905,-95.501,16
34.08,-118.385,16
30.657,-95.206,16
29.787,-95.687,16
34.08,-118.009,16
39.998,-105.285,16
32.664,-97.134,16
29.99,-95.186,16
26.22,-80.154,16
29.812,-95.779,16
29.743,-95.531,16
39.93,-105.149,16
27.935,-82.377,16
25.755,-80.407,16
32.736,-97.118,16
28.561,-81.453,16
29.788,-95.813,16
29.674,-95.6,16
29.742,-95.509,16
40.648,-74.009,16
28.579,-81.446,16
32.931,-96.46,16
33.021,-96.849,16
25.779,-80.22,16
28.752,-81.294,16
25.801,-80.355,16
39.76,-104.98,16
32.758,-97.398,16
39.149,-77.175,16
26.031,-80.2,16
25.679,-80.393,16
25.85,-80.142,16
25.655,-80.401,16
26.272,-80.136,16
32.8,-96.715,16
25.986,-80.308,16
34.083,-118.344,16
25.866,-80.294,16
33.119,-96.099,16
33.12,-96.871,16
39.333,-76.672,16
39.332,-76.69,16
25.986,-80.19,16
34.152,-118.343,16
32.736,-96.574,16
26.068,-80.405,16
29.675,-95.221,16
24.116,-110.433,16
27.446,-80.398,16
32.99,-96.614,16
28.372,-81.682,16
32.704,-96.275,16
34.043,-118.031,16
25.869,-80.341,16
37.994,-122.344,16
29.944,-95.21,16
33.126,-96.813,16
29.902,-95.708,16
33.13,-97.029,16
25.821,-80.315,16
32.877,-97.003,16
29.964,-95.566,16
25.772,-80.271,16
30.049,-95.474,16
29.638,-95.591,16
29.739,-95.831,16
27.437,-80.373,16
25.687,-80.364,16
38.954,-77.018,16
26.745,-80.059,16
37.719,-122.038,16
25.518,-80.414,16
25.853,-80.196,16
28.495,-81.43,16
29.789,-95.334,16
28.792,-81.613,16
28.559,-81.226,16
32.838,-97.134,16
29.713,-95.49,16
25.799,-80.21,16
25.913,-80.357,16
28.447,-81.557,16
29.829,-95.766,16
39.751,-104.904,16
33.141,-117.243,16
29.898,-95.417,16
32.858,-96.769,16
25.822,-80.326,16
29.813,-95.543,16
32.851,-96.669,16
25.772,-80.254,16
29.703,-95.532,16
25.811,-80.384,16
25.708,-80.276,16
29.832,-95.736,16
25.724,-80.35,16
25.911,-80.186,16
33.937,-118.197,16
34.798,-92.256,16
25.822,-80.251,16
26.233,-80.116,16
28.811,-81.332,16
32.875,-97.317,16
26.643,-80.261,16
38.901,-77.06,16
35.78,-78.665,16
28.49,-81.325,16
28.846,-81.143,16
29.861,-95.608,16
25.671,-80.327,16
25.556,-80.478,16
29.814,-95.746,16
39.206,-76.853,16
29.867,-95.573,16
32.917,-96.927,16
40.645,-73.903,16
39.238,-77.255,16
30.011,-95.462,16
25.864,-80.224,16
28.855,-81.192,16
32.873,-97.248,16
34.212,-118.43,16
25.709,-80.419,16
37.967,-121.742,16
30.032,-95.615,16
26.016,-80.227,16
29.897,-95.646,16
25.908,-80.333,16
25.839,-80.23,16
25.94,-80.315,16
29.699,-95.819,16
30.086,-97.808,16
26.04,-80.313,16
26.169,-80.271,16
25.993,-80.311,16
40.634,-73.946,16
29.698,-95.192,16
27.362,-80.397,16
38.957,-76.876,16
29.685,-95.296,16
29.895,-95.487,16
29.736,-95.763,16
30.049,-95.686,16
33.827,-118.325,16
25.623,-80.371,16
25.994,-80.191,16
29.845,-95.128,16
35.774,-81.38,16
28.388,-81.357,16
28.905,-81.227,16
33.179,-96.918,16
29.718,-95.404,16
26.208,-80.233,16
32.797,-96.762,16
25.465,-80.473,16
26.961,-80.131,16
30.021,-95.3,16
28.357,-81.308,16
33.989,-117.937,16
29.735,-95.543,16
34.494,-118.619,16
25.624,-80.411,16
29.7,-95.581,16
25.9,-80.149,16
29.991,-95.487,16
32.766,-96.841,16
34.095,-118.386,16
26.103,-80.144,16
40.749,-73.862,16
25.797,-80.326,16
32.789,-96.799,16
28.358,-81.54,16
32.594,-97.115,16
29.735,-95.8,16
40.753,-73.907,16
-17.812,-63.185,16
28.535,-81.538,16
29.697,-95.551,16
29.93,-95.481,16
29.762,-95.814,16
39.041,-94.571,16
28.36,-81.484,16
32.908,-96.994,16
40.812,-96.7,16
25.825,-80.381,16
38.871,-77.007,16
26.103,-80.108,16
29.509,-95.387,16
32.721,-97.002,16
39.741,-104.853,16
29.734,-95.618,16
26.165,-80.261,16
26.29,-80.104,16
25.714,-80.439,16
39.627,-105.182,16
25.729,-80.433,16
29.876,-95.653,16
38.546,-121.762,16
30.01,-95.541,16
33.22,-96.619,16
26.091,-80.226,16
33.923,-118.119,16
40.757,-73.861,16
26.001,-80.389,16
27.292,-80.214,16
29.929,-95.519,16
29.606,-95.368,16
32.905,-96.639,16
29.856,-95.734,16
29.678,-95.426,16
29.879,-95.742,16
39.74,-104.86,16
26.573,-80.126,16
25.634,-80.42,16
39.256,-76.484,16
40.029,-105.253,16
29.711,-95.281,16
39.193,-77.194,16
40.631,-74.022,16
29.865,-95.342,16
29.754,-95.501,16
25.945,-80.176,16
25.465,-80.46,16
33.906,-117.891,16
25.499,-80.418,16
29.689,-95.569,16
29.674,-95.673,16
39.74,-105.06,16
29.731,-95.899,16
29.997,-95.557,16
29.868,-95.516,16
29.796,-95.388,16
29.476,-95.502,16
39.395,-76.86,16
25.7,-80.415,16
38.912,-77.036,16
27.981,-82.551,16
25.839,-80.322,16
26.3,-80.246,16
29.843,-95.555,16
33.972,-84.147,16
39.03,-76.964,16
29.892,-95.513,16
29.977,-95.418,16
25.858,-80.131,16
28.473,-81.33,16
33.275,-96.539,16
29.892,-95.52,16
34.099,-118.331,16
29.652,-95.254,16
28.473,-81.466,16
32.842,-97.068,16
42.078,-87.863,16
42.059,-88.089,16
41.921,-88.081,16
41.951,-88.322,16
41.175,-75.273,16
41.701,-74.4,16
42.779,-86.136,16
43.172,-86.223,16
42.446,-83.119,16
42.829,-85.65,16
42.334,-71.058,16
42.11,-87.891,16
42.279,-82.788,16
42.199,-88.41,16
42.513,-83.429,16
42.026,-87.797,16
42.858,-85.524,16
43.028,-85.631,16
43.019,-85.688,16
41.981,-87.769,15
42.059,-87.866,15
41.642,-70.994,15
41.985,-88.34,15
42.651,-73.755,15
42.003,-87.669,15
43.651,-79.383,15
42.677,-83.134,15
41.862,-87.617,15
41.729,-87.818,15
45.392,-75.754,15
41.838,-88.084,15
41.958,-87.714,15
42.423,-83.249,15
41.907,-87.753,15
41.958,-87.97,15
42.119,-70.91,15
42.999,-85.64,15
41.936,-87.835,15
42.448,-83.46,15
42.02,-87.764,15
42.328,-71.622,15
42.032,-88.168,15
48.139,11.566,15
41.948,-87.801,15
42.285,-88.04,15
42.963,-85.669,15
42.036,-87.823,15
41.947,-87.761,15
42.039,-87.964,15
42.941,-85.678,15
43.322,-85.808,15
42.88,-85.755,15
42.907,-85.679,15
42.906,-85.577,15
42.523,-83.585,15
38.024,-121.312,15
26.391,-80.108,15
25.73,-80.32,15
30.205,-95.48,15
25.73,-80.303,15
25.731,-80.368,15
30.191,-95.493,15
26.72,-80.22,15
25.731,-80.241,15
30.174,-95.277,15
33.648,-117.933,15
25.732,-80.44,15
30.163,-95.456,15
30.153,-95.432,15
33.91,-118.077,15
38.467,-121.442,15
38.474,-121.438,15
26.514,-80.057,15
30.127,-95.434,15
38.812,-94.912,15
25.735,-80.327,15
40.762,-73.875,15
25.47,-80.472,15
38.523,-77.434,15
26.549,-80.058,15
25.736,-80.226,15
30.105,-95.4,15
26.68,-80.14,15
30.023,-95.312,15
38.544,-121.735,15
30.024,-95.426,15
40.672,-73.775,15
30.033,-95.387,15
38.749,-90.329,15
26.596,-80.176,15
26.597,-80.07,15
25.74,-80.307,15
30.079,-95.39,15
26.653,-80.142,15
40.764,-73.983,15
30.078,-95.269,15
25.741,-80.255,15
30.048,-95.259,15
38.664,-121.343,15
38.663,-121.217,15
30.072,-95.506,15
25.749,-80.262,15
30.051,-95.373,15
38.66,-121.768,15
25.743,-80.309,15
26.616,-80.081,15
26.638,-80.088,15
30.065,-95.444,15
30.054,-95.36,15
38.624,-121.266,15
33.912,-118.09,15
29.664,-95.723,15
33.61,-84.347,15
29.595,-95.463,15
29.72,-95.338,15
29.722,-95.55,15
29.394,-95.001,15
25.887,-80.188,15
33.916,-118.194,15
33.319,-96.591,15
33.919,-118.129,15
25.854,-80.355,15
25.89,-80.231,15
25.827,-80.371,15
25.892,-80.164,15
29.73,-95.601,15
29.65,-95.165,15
33.921,-118.133,15
33.219,-96.637,15
29.733,-95.906,15
29.645,-95.584,15
29.733,-95.379,15
25.825,-80.277,15
29.734,-95.418,15
29.611,-95.169,15
25.824,-80.33,15
33.93,-118.162,15
25.902,-80.153,15
33.797,-118.336,15
33.169,-97.111,15
29.614,-95.41,15
29.639,-95.534,15
33.164,-96.916,15
25.908,-80.139,15
29.686,-95.636,15
25.913,-80.322,15
28.779,-81.259,15
33.808,-118.263,15
33.125,-95.607,15
33.124,-96.674,15
25.918,-80.349,15
33.111,-97.226,15
29.741,-95.623,15
28.732,-81.373,15
33.109,-96.827,15
29.633,-95.586,15
33.106,-96.8,15
28.705,-81.486,15
40.742,-73.823,15
29.63,-95.221,15
33.949,-118.365,15
33.098,-96.818,15
25.924,-80.305,15
28.672,-81.398,15
33.08,-96.823,15
40.596,-73.755,15
40.59,-74.089,15
28.665,-81.391,15
28.664,-81.499,15
33.071,-97.059,15
25.474,-80.474,15
40.521,-74.866,15
25.929,-80.181,15
29.747,-95.338,15
25.479,-80.473,15
33.06,-96.898,15
25.93,-80.244,15
29.75,-95.554,15
29.75,-95.453,15
33.885,-118.133,15
28.624,-81.249,15
40.231,-75.492,15
40.214,-77.161,15
25.493,-80.434,15
33.051,-97.268,15
25.814,-80.192,15
28.619,-81.314,15
33.791,-117.821,15
33.044,-96.708,15
28.609,-81.504,15
25.935,-80.124,15
40.729,-89.637,15
25.512,-80.406,15
40.032,-75.054,15
29.756,-95.454,15
33.975,-118.37,15
25.523,-80.478,15
25.942,-80.15,15
29.758,-95.015,15
10.378,-75.48,15
33.012,-96.825,15
28.59,-81.417,15
25.533,-80.396,15
25.811,-80.222,15
28.586,-81.409,15
25.945,-80.305,15
25.811,-80.245,15
33.006,-97.02,15
29.764,-95.844,15
33.994,-117.948,15
29.764,-95.751,15
29.764,-95.429,15
29.766,-95.781,15
33.0,-117.258,15
32.999,-96.724,15
29.766,-95.406,15
25.846,-80.264,15
28.561,-81.29,15
39.921,-104.994,15
33.865,-84.468,15
29.771,-95.538,15
29.771,-95.386,15
28.553,-81.4,15
34.01,-118.285,15
25.808,-80.352,15
39.869,-74.916,15
32.973,-96.853,15
34.013,-118.494,15
28.547,-81.377,15
29.774,-95.611,15
39.851,-105.019,15
39.839,-104.67,15
32.967,-97.241,15
25.571,-80.375,15
29.69,-95.714,15
39.815,-84.027,15
32.963,-96.828,15
28.537,-81.478,15
34.022,-118.279,15
39.795,-105.047,15
25.97,-80.13,15
32.953,-96.859,15
32.952,-96.682,15
33.888,-118.363,15
25.84,-80.334,15
29.782,-95.846,15
29.783,-95.378,15
32.943,-96.853,15
28.516,-81.444,15
32.939,-96.635,15
25.98,-80.122,15
28.511,-81.309,15
25.582,-80.368,15
32.935,-96.821,15
39.767,-104.73,15
33.863,-84.308,15
25.585,-80.35,15
25.8,-80.198,15
39.753,-105.02,15
34.045,-118.252,15
29.789,-95.694,15
34.049,-118.188,15
39.75,-104.992,15
34.05,-117.934,15
34.052,-117.648,15
39.747,-104.808,15
28.484,-81.372,15
29.793,-95.201,15
25.598,-80.443,15
25.796,-80.216,15
34.06,-118.292,15
26.002,-80.291,15
25.847,-80.155,15
28.475,-81.29,15
29.797,-95.774,15
26.005,-80.374,15
25.604,-80.384,15
34.063,-118.4,15
34.063,-118.043,15
33.778,-118.199,15
28.471,-81.453,15
29.801,-95.094,15
32.895,-97.382,15
32.894,-97.104,15
25.611,-80.43,15
40.738,-73.855,15
39.718,-104.867,15
26.01,-80.321,15
39.715,-74.969,15
33.849,-118.192,15
39.711,-104.903,15
34.078,-117.57,15
39.71,-105.065,15
33.85,-117.926,15
25.617,-80.334,15
33.876,-117.577,15
29.813,-95.807,15
32.877,-96.754,15
29.813,-95.441,15
32.873,-97.285,15
28.444,-81.502,15
25.866,-80.291,15
25.622,-80.419,15
28.44,-81.212,15
32.87,-96.967,15
26.018,-80.164,15
25.79,-80.193,15
32.868,-96.945,15
32.866,-96.984,15
25.469,-80.434,15
29.819,-95.721,15
34.102,-118.029,15
29.82,-95.624,15
32.864,-97.29,15
25.866,-80.127,15
32.861,-96.933,15
25.789,-80.223,15
40.804,-73.92,15
33.774,-117.954,15
25.866,-80.123,15
26.028,-80.174,15
25.867,-80.323,15
26.03,-80.404,15
25.788,-80.212,15
34.134,-117.906,15
25.631,-80.415,15
29.829,-95.554,15
26.034,-80.199,15
25.787,-80.212,15
28.41,-81.425,15
32.847,-96.735,15
34.147,-118.242,15
28.405,-81.475,15
25.786,-80.382,15
32.844,-96.974,15
33.765,-84.35,15
32.843,-96.893,15
32.843,-96.957,15
32.843,-96.988,15
34.153,-118.817,15
26.048,-80.257,15
25.641,-80.407,15
34.158,-118.475,15
29.838,-95.704,15
34.161,-118.368,15
29.84,-95.84,15
25.645,-80.379,15
26.056,-80.206,15
28.382,-81.242,15
32.836,-96.757,15
26.06,-80.206,15
29.843,-95.393,15
32.835,-96.976,15
25.868,-80.329,15
39.61,-104.708,15
29.849,-95.654,15
26.066,-80.187,15
25.868,-80.278,15
25.655,-80.414,15
34.178,-118.339,15
39.565,-104.943,15
25.868,-80.251,15
34.182,-118.386,15
32.825,-96.624,15
26.072,-80.234,15
25.656,-80.444,15
29.851,-95.668,15
28.367,-81.393,15
39.525,-77.982,15
29.852,-95.664,15
25.842,-80.357,15
28.366,-81.379,15
29.677,-95.714,15
29.855,-95.635,15
34.194,-118.545,15
32.809,-96.73,15
28.362,-81.496,15
32.807,-96.8,15
28.357,-81.42,15
32.805,-96.8,15
32.804,-96.697,15
29.859,-95.204,15
25.779,-80.134,15
29.86,-95.724,15
32.8,-96.803,15
39.298,-84.414,15
34.212,-118.37,15
26.105,-80.265,15
32.795,-96.747,15
39.279,-77.208,15
25.779,-80.336,15
34.218,-118.41,15
25.779,-80.362,15
25.779,-80.364,15
29.705,-95.733,15
34.227,-118.532,15
32.789,-96.797,15
39.272,-76.696,15
28.336,-81.212,15
28.334,-81.523,15
32.785,-96.779,15
29.87,-95.652,15
32.781,-96.8,15
29.87,-95.407,15
29.512,-95.475,15
29.674,-95.56,15
29.697,-95.514,15
26.123,-80.203,15
39.237,-77.27,15
28.324,-81.467,15
34.247,-118.42,15
29.872,-95.657,15
32.779,-96.798,15
39.215,-76.857,15
25.677,-80.413,15
26.128,-80.271,15
25.678,-80.288,15
28.311,-81.243,15
32.776,-96.709,15
25.776,-80.215,15
32.774,-96.713,15
34.262,-118.44,15
25.775,-80.133,15
29.88,-95.69,15
25.682,-80.316,15
32.763,-97.288,15
29.883,-95.595,15
25.775,-80.226,15
32.76,-97.161,15
34.272,-118.427,15
29.707,-95.339,15
29.884,-95.702,15
29.707,-95.285,15
28.28,-81.352,15
29.889,-95.684,15
34.293,-118.464,15
40.643,-75.413,15
29.889,-95.308,15
28.266,-81.372,15
39.169,-84.756,15
29.499,-95.115,15
28.258,-81.849,15
29.893,-95.669,15
34.437,-118.578,15
32.747,-96.618,15
29.893,-95.471,15
25.773,-80.352,15
29.895,-95.713,15
39.16,-76.726,15
29.71,-95.464,15
29.898,-95.457,15
28.242,-81.312,15
26.174,-80.244,15
25.772,-80.267,15
29.901,-95.508,15
35.067,-106.79,15
39.152,-77.212,15
28.227,-81.652,15
32.736,-97.297,15
33.707,-117.939,15
28.202,-81.474,15
28.2,-81.475,15
39.145,-77.194,15
26.192,-80.253,15
29.588,-95.459,15
40.694,-74.094,15
25.69,-80.307,15
29.918,-95.064,15
28.092,-81.504,15
25.835,-80.292,15
29.921,-95.498,15
32.72,-97.405,15
32.719,-97.082,15
32.718,-96.998,15
26.206,-80.222,15
39.133,-76.83,15
24.571,-81.762,15
35.25,-80.868,15
25.875,-80.17,15
35.293,-81.646,15
25.77,-80.368,15
25.834,-80.181,15
35.413,-97.491,15
32.708,-97.294,15
18.345,-77.145,15
40.737,-73.997,15
28.015,-82.609,15
25.877,-80.326,15
29.932,-95.538,15
26.222,-80.198,15
29.934,-95.608,15
29.934,-95.518,15
32.692,-97.059,15
32.688,-96.44,15
27.964,-82.784,15
29.942,-96.065,15
25.877,-80.247,15
32.679,-96.259,15
29.696,-95.339,15
26.241,-80.172,15
29.945,-95.662,15
40.884,-73.902,15
25.878,-80.33,15
32.662,-96.901,15
26.259,-80.291,15
25.766,-80.227,15
36.944,-76.267,15
32.655,-96.832,15
29.951,-95.61,15
29.957,-95.399,15
26.27,-80.173,15
39.07,-76.843,15
39.068,-84.707,15
37.689,-121.882,15
25.878,-80.168,15
27.445,-80.282,15
25.708,-80.352,15
26.281,-80.27,15
29.97,-95.411,15
25.71,-80.41,15
37.807,-122.411,15
37.811,-121.958,15
39.038,-76.679,15
40.757,-73.821,15
26.304,-80.186,15
29.695,-95.652,15
29.683,-95.519,15
29.98,-95.489,15
25.762,-80.372,15
29.981,-95.168,15
29.982,-95.421,15
37.917,-122.321,15
25.761,-80.318,15
39.0,-77.449,15
29.986,-95.554,15
31.814,-81.363,15
26.322,-80.091,15
38.985,-76.939,15
25.722,-80.339,15
25.725,-80.296,15
25.759,-80.23,15
26.352,-80.146,15
38.948,-121.102,15
37.983,-122.346,15
33.907,-84.483,15
29.996,-95.148,15
29.592,-95.603,15
33.661,-117.777,15
30.239,-95.184,15
25.831,-80.121,15
25.757,-80.195,15
33.91,-118.078,15
29.835,-95.71,14
38.98,-76.867,14
25.749,-80.36,14
28.326,-81.465,14
26.328,-80.143,14
29.986,-95.16,14
32.78,-96.697,14
29.832,-95.617,14
25.777,-80.27,14
25.76,-80.206,14
26.616,-80.123,14
34.145,-118.389,14
39.678,-104.996,14
29.685,-95.601,14
25.675,-80.356,14
29.874,-95.727,14
34.142,-118.181,14
28.409,-81.209,14
28.319,-81.356,14
28.41,-81.639,14
33.903,-118.301,14
25.635,-80.414,14
28.41,-81.424,14
32.848,-97.405,14
39.678,-104.989,14
26.034,-80.237,14
40.685,-73.831,14
34.25,-118.415,14
26.032,-80.304,14
26.031,-80.141,14
28.313,-81.448,14
29.877,-95.608,14
33.893,-84.25,14
38.962,-77.079,14
32.854,-80.731,14
32.855,-96.766,14
32.855,-96.621,14
33.86,-118.332,14
29.827,-95.17,14
32.857,-96.756,14
25.849,-80.312,14
29.827,-95.459,14
29.826,-95.173,14
28.421,-81.376,14
29.878,-95.14,14
25.776,-80.331,14
29.718,-95.349,14
29.69,-95.114,14
29.822,-95.106,14
29.821,-95.398,14
29.821,-95.72,14
34.258,-118.436,14
28.429,-81.422,14
32.863,-96.755,14
34.104,-117.613,14
32.771,-97.103,14
26.023,-80.388,14
32.77,-96.704,14
29.88,-95.704,14
28.431,-81.308,14
26.136,-80.115,14
29.817,-95.443,14
32.769,-97.484,14
29.989,-95.337,14
29.817,-95.703,14
29.817,-95.749,14
39.698,-104.85,14
34.096,-118.155,14
28.437,-81.556,14
32.767,-96.808,14
25.775,-80.194,14
25.682,-80.321,14
26.652,-80.119,14
32.87,-96.769,14
28.297,-81.598,14
38.729,-90.143,14
34.092,-84.328,14
25.622,-80.426,14
39.707,-104.794,14
25.791,-80.186,14
29.814,-95.801,14
25.791,-80.134,14
38.561,-121.761,14
26.599,-80.062,14
29.813,-95.801,14
40.737,-74.001,14
26.596,-81.606,14
32.878,-97.279,14
34.084,-118.222,14
25.684,-80.429,14
32.88,-97.403,14
29.886,-95.477,14
28.451,-81.301,14
29.811,-95.51,14
39.179,-76.763,14
34.078,-118.313,14
30.084,-95.443,14
39.712,-104.893,14
29.81,-95.813,14
34.288,-118.566,14
29.808,-95.443,14
33.776,-117.987,14
25.774,-80.33,14
32.752,-96.665,14
29.805,-95.194,14
32.893,-97.31,14
30.035,-95.734,14
32.894,-96.98,14
25.608,-80.345,14
29.89,-95.539,14
34.328,-118.424,14
34.067,-118.244,14
39.735,-104.996,14
32.897,-97.045,14
29.8,-95.513,14
32.897,-96.63,14
25.848,-80.37,14
32.898,-96.611,14
29.798,-95.706,14
28.474,-81.452,14
32.75,-96.823,14
33.78,-118.162,14
26.003,-80.176,14
25.602,-80.486,14
25.751,-80.26,14
30.031,-95.612,14
29.796,-95.408,14
25.738,-80.242,14
26.001,-80.292,14
34.059,-118.317,14
29.993,-95.431,14
25.751,-80.234,14
34.059,-118.364,14
38.957,-76.925,14
25.599,-80.368,14
39.742,-105.163,14
39.745,-104.995,14
32.909,-96.683,14
34.556,-118.08,14
25.995,-80.231,14
39.747,-104.992,14
29.793,-95.771,14
28.486,-81.441,14
32.914,-97.291,14
32.914,-96.964,14
39.747,-104.726,14
29.697,-95.615,14
39.748,-105.221,14
29.709,-95.402,14
25.847,-80.256,14
25.687,-80.445,14
25.595,-80.365,14
26.171,-80.12,14
29.999,-95.414,14
34.05,-118.297,14
40.671,-73.931,14
28.492,-81.431,14
39.75,-104.879,14
25.594,-80.38,14
34.049,-118.271,14
39.157,-77.273,14
29.573,-95.11,14
32.925,-96.758,14
30.027,-95.601,14
25.8,-80.353,14
32.926,-96.629,14
28.241,-81.655,14
32.738,-97.105,14
39.156,-77.227,14
26.678,-80.216,14
28.237,-81.235,14
40.745,-73.956,14
25.986,-80.138,14
30.024,-95.41,14
32.929,-96.696,14
25.986,-80.158,14
29.994,-95.571,14
39.754,-105.22,14
26.573,-80.116,14
29.587,-95.399,14
32.931,-96.925,14
29.788,-95.749,14
29.905,-95.748,14
32.934,-96.819,14
25.759,-80.259,14
28.508,-81.473,14
32.935,-96.841,14
34.034,-118.274,14
25.801,-80.189,14
32.938,-97.006,14
40.695,-74.599,14
10.668,-71.614,14
25.857,-80.129,14
25.752,-80.392,14
29.784,-95.04,14
29.784,-95.366,14
25.802,-80.222,14
29.91,-95.52,14
32.73,-97.077,14
29.784,-95.59,14
39.145,-77.195,14
28.517,-81.378,14
34.029,-118.034,14
39.783,-86.158,14
29.783,-95.643,14
29.783,-95.719,14
34.029,-118.315,14
34.027,-118.273,14
28.175,-81.627,14
26.682,-80.201,14
39.144,-77.194,14
29.782,-95.739,14
28.166,-81.64,14
33.786,-84.388,14
26.546,-80.116,14
29.781,-95.683,14
32.957,-96.821,14
29.779,-95.451,14
29.779,-95.782,14
39.802,-104.886,14
25.857,-80.128,14
29.777,-95.625,14
35.239,-89.957,14
26.203,-80.215,14
32.965,-96.911,14
30.02,-95.436,14
26.69,-80.056,14
26.204,-80.271,14
25.965,-80.212,14
29.776,-95.819,14
28.078,-82.575,14
25.57,-80.35,14
32.718,-96.976,14
29.995,-95.474,14
30.02,-95.597,14
25.875,-80.229,14
28.062,-81.242,14
29.923,-95.559,14
32.972,-96.889,14
34.012,-117.609,14
28.548,-81.53,14
29.774,-95.782,14
39.867,-104.998,14
29.689,-95.373,14
26.693,-80.205,14
38.824,-76.904,14
32.98,-96.909,14
30.017,-95.554,14
28.552,-81.58,14
28.553,-81.505,14
38.949,-76.876,14
25.693,-80.438,14
33.819,-118.387,14
25.693,-80.312,14
33.904,-118.112,14
29.681,-95.51,14
34.006,-117.972,14
39.123,-76.788,14
38.476,-121.816,14
29.487,-95.405,14
29.928,-95.502,14
29.929,-95.621,14
32.985,-96.853,14
32.987,-96.884,14
29.93,-95.299,14
32.988,-96.912,14
25.556,-80.406,14
32.988,-96.775,14
28.557,-81.167,14
38.916,-77.085,14
32.99,-96.578,14
25.953,-80.127,14
32.993,-97.213,14
40.83,-73.916,14
29.931,-95.384,14
32.994,-97.043,14
34.002,-118.248,14
36.003,-86.592,14
34.001,-117.806,14
36.114,-86.794,14
26.701,-80.038,14
38.846,-94.772,14
25.455,-80.416,14
33.789,-118.166,14
33.998,-118.46,14
29.934,-95.495,14
33.996,-118.149,14
25.457,-80.489,14
29.765,-95.4,14
25.949,-80.307,14
36.162,-86.774,14
32.695,-97.026,14
28.573,-81.313,14
37.982,-121.819,14
25.768,-80.351,14
29.763,-95.557,14
25.768,-80.364,14
25.695,-80.299,14
25.768,-80.37,14
29.761,-95.459,14
25.945,-80.261,14
25.696,-80.444,14
33.011,-96.99,14
32.685,-97.014,14
29.939,-95.614,14
39.113,-77.165,14
33.012,-96.88,14
25.944,-80.307,14
32.682,-97.101,14
25.944,-80.329,14
33.013,-96.811,14
36.255,-86.623,14
36.304,-86.629,14
25.812,-80.373,14
28.593,-81.367,14
37.99,-122.308,14
29.758,-95.811,14
29.484,-94.938,14
28.594,-81.243,14
33.975,-117.703,14
25.942,-80.323,14
40.618,-73.63,14
26.242,-80.19,14
28.602,-81.199,14
25.505,-80.428,14
29.947,-95.633,14
29.754,-95.727,14
29.947,-95.182,14
29.754,-96.053,14
29.948,-95.552,14
36.38,-86.502,14
32.665,-97.252,14
33.041,-96.733,14
33.043,-96.999,14
25.935,-80.155,14
33.044,-97.063,14
33.044,-96.829,14
25.845,-80.223,14
40.111,-75.051,14
29.593,-95.558,14
29.996,-95.435,14
36.626,-87.358,14
40.139,-74.225,14
33.963,-84.183,14
33.055,-96.797,14
40.319,-75.092,14
29.688,-95.294,14
29.716,-95.406,14
33.87,-118.086,14
29.75,-95.396,14
28.652,-81.207,14
26.262,-80.198,14
40.538,-75.377,14
40.539,-75.562,14
29.951,-95.582,14
27.802,-97.43,14
29.746,-95.454,14
32.65,-96.879,14
33.071,-96.89,14
25.704,-80.452,14
29.745,-95.623,14
37.343,-121.861,14
33.074,-96.821,14
25.925,-80.177,14
33.086,-96.886,14
39.08,-77.144,14
29.716,-95.488,14
26.269,-80.249,14
29.712,-95.357,14
29.623,-95.255,14
33.95,-84.058,14
38.864,-77.193,14
30.002,-95.438,14
27.606,-97.21,14
29.959,-95.558,14
28.692,-81.346,14
29.961,-95.455,14
25.92,-80.36,14
29.963,-95.446,14
37.703,-121.866,14
33.115,-96.421,14
25.916,-80.35,14
29.637,-95.681,14
32.629,-96.751,14
33.939,-118.431,14
29.739,-95.824,14
27.43,-82.355,14
29.638,-95.57,14
33.143,-96.85,14
33.937,-118.156,14
33.148,-96.734,14
25.879,-80.32,14
32.616,-96.957,14
28.826,-81.796,14
33.155,-96.702,14
27.407,-80.377,14
26.278,-80.137,14
25.844,-80.213,14
29.969,-95.486,14
29.614,-95.497,14
40.733,-73.998,14
37.774,-121.929,14
25.859,-80.252,14
25.823,-80.19,14
29.735,-95.433,14
29.735,-95.572,14
28.94,-81.246,14
37.796,-121.539,14
40.863,-74.117,14
25.841,-80.189,14
33.928,-118.237,14
29.7,-95.528,14
29.687,-95.206,14
38.308,-122.291,14
29.026,-82.115,14
26.289,-80.133,14
27.304,-80.364,14
25.855,-80.255,14
37.821,-121.237,14
32.587,-97.146,14
29.646,-95.802,14
25.896,-80.338,14
37.84,-121.955,14
32.578,-97.355,14
25.855,-80.121,14
29.975,-95.551,14
33.799,-117.904,14
25.47,-80.434,14
25.894,-80.278,14
32.57,-96.767,14
25.715,-80.399,14
33.238,-96.805,14
25.893,-80.304,14
33.92,-118.151,14
29.652,-95.464,14
27.277,-80.435,14
37.876,-122.269,14
32.539,-97.361,14
29.687,-95.364,14
29.233,-81.097,14
25.762,-80.196,14
30.175,-95.517,14
39.014,-77.047,14
29.726,-95.499,14
25.889,-80.292,14
25.729,-80.416,14
25.828,-80.281,14
25.758,-80.363,14
25.858,-80.299,14
33.376,-96.847,14
29.656,-95.51,14
38.892,-94.824,14
33.431,-117.623,14
26.312,-80.167,14
29.723,-95.273,14
30.244,-95.303,14
29.723,-95.474,14
26.407,-80.122,14
29.982,-95.278,14
33.915,-84.347,14
29.983,-95.296,14
25.886,-80.179,14
25.886,-80.293,14
29.598,-95.403,14
39.005,-76.786,14
25.467,-80.518,14
32.126,-97.225,14
31.876,-106.567,14
37.938,-122.059,14
29.986,-95.552,14
29.704,-95.644,14
32.801,-96.747,14
29.676,-95.428,14
33.899,-118.08,14
25.779,-80.23,14
34.211,-118.615,14
29.703,-95.596,14
28.346,-81.483,14
29.703,-95.755,14
34.207,-118.448,14
28.345,-81.394,14
39.341,-76.675,14
40.841,-73.667,14
25.664,-80.318,14
30.057,-95.602,14
33.912,-118.414,14
39.365,-77.533,14
29.856,-95.187,14
34.216,-118.384,14
25.661,-80.429,14
25.882,-80.352,14
40.707,-74.01,14
39.437,-76.8,14
25.671,-80.371,14
38.636,-121.38,14
40.75,-73.899,14
25.781,-80.223,14
32.794,-96.803,14
26.075,-80.242,14
39.548,-104.871,14
30.053,-95.56,14
29.863,-95.286,14
38.645,-121.53,14
28.369,-81.416,14
39.562,-104.911,14
32.793,-97.276,14
29.705,-95.667,14
32.825,-96.785,14
25.782,-80.292,14
32.826,-97.045,14
25.782,-80.233,14
32.827,-97.221,14
26.068,-80.241,14
33.759,-84.381,14
32.79,-96.599,14
32.833,-96.602,14
29.685,-95.609,14
26.112,-80.318,14
26.062,-80.182,14
34.172,-118.535,14
26.112,-80.16,14
25.836,-80.182,14
39.629,-104.899,14
30.898,-96.603,14
34.169,-118.401,14
28.382,-81.244,14
39.27,-94.568,14
26.114,-80.323,14
32.836,-96.942,14
30.847,-95.597,14
29.841,-95.532,14
32.838,-97.291,14
26.054,-80.311,14
25.672,-80.417,14
25.672,-80.396,14
28.334,-81.518,14
25.87,-80.279,14
26.053,-80.252,14
32.785,-96.649,14
29.839,-95.851,14
32.841,-96.659,14
29.869,-95.717,14
29.836,-95.377,14
32.784,-97.287,14
39.666,-105.114,14
33.878,-118.396,14
25.785,-80.143,14
25.639,-80.445,14
33.823,-84.367,14
25.777,-80.204,14
29.679,-95.507,14
42.467,-83.394,14
41.826,-71.558,14
42.33,-83.205,14
41.985,-88.15,14
47.583,-122.234,14
42.021,-87.764,14
42.336,-83.399,14
42.112,-87.836,14
41.777,-87.772,14
46.172,21.32,14
42.872,-85.74,14
45.791,4.87,14
41.99,-87.711,14
42.543,-71.6,14
42.724,-84.464,14
45.288,-75.666,14
41.94,-88.01,14
42.269,-83.495,14
43.057,-89.499,14
41.035,-75.239,14
42.671,-83.218,14
43.086,-76.167,14
43.655,-79.384,14
41.758,-88.244,14
41.981,-87.886,14
41.982,-87.705,14
41.704,-73.93,14
42.184,-71.098,14
41.855,-87.765,14
42.882,-85.774,14
42.087,-87.87,14
42.037,-87.821,14
41.948,-87.696,14
41.715,-88.366,14
48.869,2.461,14
42.292,-83.414,14
41.17,-73.151,14
41.687,-88.337,14
41.873,-87.649,13
43.294,-86.204,13
42.245,-83.307,13
41.929,-87.805,13
42.251,-83.156,13
42.7,-83.289,13
41.835,-87.755,13
41.58,-87.181,13
42.873,-85.455,13
42.883,-85.742,13
42.883,-85.669,13
40.917,-73.804,13
41.718,-88.067,13
42.36,-83.447,13
41.942,-87.67,13
42.056,-87.901,13
42.301,-85.571,13
41.875,-87.819,13
42.049,-87.687,13
42.307,-83.195,13
62.943,18.426,13
42.488,-83.291,13
43.39,-85.466,13
41.944,-87.664,13
42.474,-83.155,13
42.955,-85.67,13
42.324,-83.236,13
41.91,-87.785,13
41.78,-88.073,13
41.954,-87.747,13
42.334,-71.059,13
41.063,-83.671,13
41.884,-87.745,13
42.433,-83.289,13
42.995,-85.668,13
40.934,-73.853,13
45.356,-84.97,13
43.037,-83.808,13
42.008,-87.668,13
43.641,-89.763,13
44.643,-123.082,13
43.109,-85.312,13
41.763,-88.044,13
42.225,-83.447,13
42.592,-83.482,13
41.56,-87.828,13
29.771,-95.755,13
28.343,-81.614,13
25.713,-80.429,13
26.514,-80.124,13
26.104,-80.368,13
29.771,-96.038,13
25.755,-80.23,13
25.662,-80.43,13
29.769,-95.613,13
29.931,-95.661,13
35.902,-78.599,13
32.811,-97.393,13
29.59,-95.631,13
25.759,-80.405,13
35.906,-78.844,13
33.215,-96.625,13
38.595,-121.291,13
32.811,-96.614,13
32.704,-97.228,13
29.866,-95.844,13
29.698,-95.621,13
30.304,-95.419,13
25.763,-80.255,13
25.73,-80.308,13
25.842,-80.214,13
25.896,-80.314,13
28.006,-82.611,13
29.933,-95.693,13
32.581,-96.848,13
25.877,-80.272,13
29.767,-95.416,13
30.01,-95.652,13
32.997,-96.794,13
29.732,-95.449,13
28.565,-81.182,13
32.999,-96.887,13
39.939,-104.97,13
33.789,-118.197,13
25.768,-80.231,13
-19.652,-43.874,13
32.796,-97.176,13
26.755,-80.104,13
26.105,-80.264,13
32.698,-97.199,13
39.419,-76.668,13
39.668,-104.899,13
33.997,-118.474,13
29.731,-95.081,13
26.052,-80.213,13
25.643,-80.337,13
29.853,-95.39,13
25.894,-80.345,13
32.695,-96.916,13
25.763,-80.337,13
33.003,-96.881,13
25.894,-80.355,13
29.764,-95.883,13
25.731,-80.238,13
33.231,-96.709,13
33.235,-96.897,13
28.34,-81.285,13
26.083,-80.22,13
33.005,-96.704,13
38.922,-94.585,13
25.946,-80.164,13
28.58,-81.375,13
33.008,-96.718,13
25.946,-80.339,13
33.253,-96.894,13
29.76,-95.364,13
25.743,-80.263,13
25.637,-80.38,13
25.536,-80.411,13
25.733,-80.308,13
29.87,-95.65,13
25.637,-80.444,13
29.833,-95.613,13
32.557,-97.106,13
25.78,-80.192,13
25.844,-80.294,13
29.939,-95.674,13
25.767,-80.184,13
32.847,-97.289,13
25.777,-80.24,13
29.759,-95.559,13
25.832,-80.185,13
26.04,-80.32,13
25.749,-80.337,13
33.011,-96.889,13
32.847,-96.771,13
28.366,-81.458,13
25.892,-80.292,13
40.67,-73.979,13
25.635,-80.336,13
25.787,-80.39,13
29.872,-95.693,13
25.749,-80.317,13
26.646,-80.267,13
29.939,-95.378,13
33.982,-118.28,13
29.987,-95.437,13
40.795,-73.811,13
29.475,-95.503,13
33.275,-96.783,13
39.112,-77.148,13
25.944,-80.299,13
25.89,-80.18,13
25.642,-80.399,13
29.717,-95.773,13
29.875,-95.436,13
29.602,-95.551,13
29.653,-95.708,13
26.036,-80.133,13
29.941,-95.422,13
32.778,-96.788,13
29.999,-95.257,13
32.848,-97.199,13
26.127,-80.389,13
29.942,-95.582,13
32.849,-96.991,13
26.127,-80.328,13
26.614,-80.183,13
34.137,-117.982,13
25.788,-80.384,13
32.68,-97.094,13
32.849,-96.596,13
25.76,-80.348,13
29.83,-95.768,13
39.68,-104.788,13
25.63,-80.356,13
32.816,-96.693,13
32.68,-97.236,13
29.837,-95.693,13
26.485,-80.086,13
39.681,-104.928,13
33.013,-96.801,13
25.742,-80.303,13
30.139,-95.468,13
32.854,-97.229,13
25.741,-80.245,13
38.962,-77.026,13
40.787,-73.977,13
32.776,-96.787,13
25.812,-80.37,13
39.991,-75.151,13
33.018,-97.045,13
26.03,-80.283,13
36.306,-86.631,13
29.683,-95.292,13
25.767,-80.263,13
29.728,-95.542,13
26.303,-80.164,13
34.255,-118.462,13
33.651,-117.773,13
38.616,-121.286,13
25.89,-80.344,13
34.116,-118.19,13
32.859,-96.997,13
29.655,-95.151,13
33.919,-118.132,13
40.712,-73.994,13
39.67,-104.927,13
25.776,-80.335,13
33.852,-117.927,13
25.941,-80.12,13
29.822,-95.77,13
39.687,-104.87,13
25.871,-80.327,13
29.879,-95.396,13
32.774,-96.791,13
32.788,-96.812,13
29.696,-95.77,13
32.673,-97.008,13
25.627,-80.367,13
32.774,-97.108,13
32.673,-97.091,13
33.852,-117.97,13
32.863,-97.009,13
33.973,-118.175,13
30.14,-95.652,13
32.864,-96.7,13
29.88,-95.732,13
34.103,-117.569,13
29.819,-95.367,13
32.672,-97.286,13
25.866,-80.261,13
26.244,-80.235,13
32.77,-96.56,13
25.813,-80.328,13
26.244,-80.089,13
26.076,-80.229,13
30.141,-95.45,13
33.911,-118.146,13
39.1,-84.274,13
32.669,-96.892,13
39.189,-76.652,13
29.696,-95.777,13
34.231,-118.453,13
32.868,-96.99,13
34.264,-118.42,13
39.099,-77.159,13
25.79,-80.231,13
29.989,-94.951,13
29.755,-95.746,13
33.967,-118.287,13
25.624,-80.379,13
29.815,-95.495,13
32.87,-97.374,13
25.813,-80.135,13
29.946,-95.388,13
26.018,-80.155,13
33.035,-96.79,13
39.096,-94.493,13
25.866,-80.285,13
34.095,-118.354,13
34.094,-118.349,13
25.843,-80.261,13
25.647,-80.427,13
29.815,-95.719,13
39.095,-76.862,13
34.093,-118.314,13
28.384,-81.676,13
39.185,-77.162,13
39.013,-77.143,13
29.681,-95.585,13
32.762,-96.965,13
40.691,-75.233,13
34.088,-84.021,13
30.437,-97.62,13
40.775,-73.869,13
29.667,-95.53,13
29.841,-95.168,13
34.155,-94.745,13
29.884,-95.749,13
32.877,-97.256,13
29.753,-95.361,13
25.683,-80.444,13
29.949,-96.253,13
25.619,-80.339,13
32.784,-96.616,13
38.002,-121.833,13
26.725,-80.083,13
34.084,-118.132,13
26.013,-80.162,13
25.756,-80.366,13
29.657,-95.575,13
25.683,-80.392,13
26.146,-80.546,13
25.64,-80.309,13
32.878,-96.658,13
25.619,-80.381,13
33.825,-118.216,13
29.981,-95.165,13
29.673,-95.558,13
25.617,-80.336,13
26.256,-80.189,13
29.658,-95.517,13
29.658,-95.376,13
25.792,-80.19,13
25.751,-80.303,13
25.717,-80.369,13
29.887,-95.368,13
32.755,-97.348,13
29.888,-95.937,13
29.659,-95.62,13
33.849,-118.144,13
33.047,-96.94,13
26.054,-80.161,13
30.0,-95.591,13
28.619,-81.315,13
33.053,-97.0,13
32.888,-96.442,13
29.991,-95.157,13
26.591,-80.062,13
29.807,-95.484,13
34.07,-117.965,13
33.054,-96.712,13
29.85,-95.273,13
25.887,-80.305,13
29.579,-95.422,13
40.631,-75.4,13
32.661,-97.282,13
34.313,-118.405,13
34.068,-117.983,13
29.803,-95.746,13
29.85,-95.466,13
25.766,-80.228,13
39.087,-77.152,13
26.589,-80.115,13
28.339,-81.411,13
32.441,-96.867,13
32.894,-96.64,13
29.891,-95.52,13
25.815,-80.321,13
30.279,-81.457,13
34.067,-118.395,13
29.75,-95.623,13
29.678,-95.571,13
26.006,-80.273,13
28.647,-81.417,13
-34.582,-58.434,13
25.795,-80.37,13
25.85,-80.237,13
25.733,-80.359,13
29.798,-95.193,13
38.86,-94.805,13
29.797,-95.475,13
25.861,-80.286,13
29.836,-95.375,13
26.004,-80.284,13
34.404,-118.466,13
33.956,-118.275,13
28.474,-81.426,13
25.778,-80.191,13
34.062,-118.246,13
34.062,-118.25,13
26.044,-80.223,13
25.778,-80.35,13
29.659,-95.581,13
28.336,-81.593,13
26.161,-80.285,13
32.749,-96.69,13
39.74,-105.0,13
25.6,-80.352,13
29.747,-95.622,13
26.001,-80.229,13
25.834,-80.375,13
26.001,-80.366,13
26.587,-80.059,13
40.567,-75.525,13
29.85,-95.56,13
29.686,-95.722,13
29.893,-95.654,13
33.78,-84.39,13
32.906,-96.702,13
39.085,-77.122,13
29.66,-95.62,13
32.906,-96.631,13
29.691,-95.385,13
38.185,-85.742,13
29.795,-95.782,13
25.797,-80.369,13
29.894,-95.633,13
25.773,-80.338,13
25.597,-80.38,13
25.797,-80.34,13
33.846,-118.264,13
32.909,-96.916,13
29.745,-95.356,13
33.815,-117.99,13
25.995,-80.143,13
25.686,-80.385,13
28.253,-81.368,13
25.995,-80.217,13
25.751,-80.232,13
25.797,-80.321,13
29.867,-95.488,13
32.744,-96.865,13
25.472,-80.488,13
29.663,-95.206,13
25.765,-80.193,13
30.385,-86.462,13
25.772,-80.133,13
25.772,-80.136,13
25.818,-80.331,13
33.953,-118.266,13
34.053,-83.984,13
25.873,-80.275,13
25.686,-80.368,13
39.239,-94.593,13
32.914,-96.733,13
33.82,-117.836,13
29.624,-95.238,13
26.268,-80.25,13
25.992,-80.253,13
27.753,-82.719,13
26.669,-80.071,13
29.721,-95.756,13
30.24,-95.707,13
25.991,-80.168,13
29.898,-95.728,13
25.924,-80.124,13
25.596,-80.431,13
29.721,-95.76,13
28.491,-81.584,13
29.715,-96.482,13
25.843,-80.18,13
29.791,-95.795,13
37.526,-122.006,13
40.696,-74.175,13
25.719,-80.425,13
33.951,-118.285,13
33.912,-118.07,13
39.071,-77.067,13
40.695,-73.819,13
29.554,-95.733,13
32.923,-96.904,13
33.845,-118.228,13
25.924,-80.353,13
25.732,-80.238,13
32.221,-98.202,13
32.74,-97.017,13
34.047,-118.297,13
32.74,-97.259,13
28.68,-81.477,13
25.923,-80.281,13
32.925,-96.667,13
34.178,-118.373,13
33.624,-117.743,13
28.495,-81.285,13
38.791,-121.236,13
32.927,-96.964,13
25.687,-80.358,13
26.176,-80.228,13
28.685,-81.865,13
29.431,-95.369,13
25.765,-80.239,13
33.833,-118.279,13
25.772,-80.398,13
34.044,-118.304,13
33.098,-96.769,13
29.627,-95.518,13
25.688,-80.418,13
26.177,-80.13,13
38.098,-122.21,13
28.497,-81.462,13
25.591,-80.359,13
33.628,-111.926,13
26.179,-80.252,13
25.82,-80.372,13
30.011,-95.316,13
30.162,-95.555,13
32.036,-89.521,13
39.064,-77.09,13
25.85,-80.158,13
25.765,-80.267,13
29.631,-95.238,13
29.788,-95.359,13
29.788,-95.699,13
29.622,-98.644,13
28.503,-81.328,13
33.863,-118.299,13
29.787,-95.558,13
39.763,-105.026,13
25.984,-80.259,13
38.956,-77.538,13
32.637,-96.837,13
29.741,-95.465,13
26.185,-80.256,13
39.771,-104.833,13
29.719,-95.753,13
25.771,-80.206,13
29.62,-95.377,13
33.113,-96.812,13
32.936,-97.326,13
29.575,-95.587,13
33.879,-117.523,13
28.511,-81.48,13
29.62,-95.417,13
27.144,-80.237,13
33.905,-118.295,13
32.938,-96.983,13
29.907,-95.482,13
29.786,-95.531,13
29.69,-95.539,13
39.776,-104.823,13
29.495,-95.761,13
30.103,-95.428,13
30.104,-95.447,13
33.825,-118.016,13
25.645,-80.405,13
29.636,-95.622,13
29.618,-95.339,13
29.848,-95.398,13
39.782,-105.092,13
28.768,-81.35,13
29.685,-95.671,13
29.7,-95.159,13
33.785,-118.196,13
28.192,-80.75,13
25.802,-80.187,13
29.784,-95.536,13
32.944,-96.819,13
29.998,-95.162,13
29.677,-95.613,13
39.783,-104.89,13
32.801,-97.267,13
25.853,-80.219,13
33.785,-117.893,13
29.783,-95.354,13
33.843,-118.281,13
29.913,-95.48,13
27.432,-80.328,13
25.467,-80.467,13
26.707,-80.058,13
32.627,-96.83,13
29.582,-81.237,13
37.71,-122.165,13
33.68,-112.131,13
32.947,-96.884,13
29.739,-95.848,13
29.738,-95.354,13
25.771,-80.358,13
25.974,-80.373,13
26.194,-80.236,13
25.804,-80.204,13
29.711,-95.401,13
33.139,-96.704,13
25.771,-80.403,13
34.024,-118.166,13
25.653,-80.395,13
25.84,-80.367,13
25.649,-80.292,13
35.214,-80.991,13
25.77,-80.193,13
25.727,-80.405,13
34.237,-118.413,13
33.147,-96.674,13
29.781,-95.423,13
29.781,-95.513,13
25.709,-80.426,13
29.781,-95.748,13
33.841,-118.103,13
25.453,-80.472,13
28.532,-81.459,13
33.887,-117.895,13
33.148,-96.836,13
32.722,-97.238,13
29.779,-95.35,13
25.727,-80.375,13
29.839,-95.332,13
29.517,-95.809,13
29.92,-95.414,13
33.831,-118.154,13
25.835,-80.219,13
38.803,-77.517,13
34.021,-84.173,13
25.91,-80.138,13
29.777,-95.26,13
26.276,-80.138,13
28.812,-81.751,13
34.019,-118.386,13
26.063,-80.305,13
29.737,-95.562,13
26.112,-80.413,13
29.593,-95.479,13
38.601,-121.393,13
25.965,-80.143,13
28.38,-81.492,13
29.638,-95.48,13
30.126,-95.474,13
33.932,-84.375,13
25.965,-80.295,13
29.968,-95.55,13
25.908,-80.189,13
32.805,-97.344,13
25.784,-80.195,13
28.543,-81.446,13
25.806,-80.234,13
29.736,-95.538,13
33.168,-96.748,13
38.493,-121.45,13
25.568,-80.371,13
26.207,-80.274,13
28.068,-82.367,13
29.995,-95.391,13
28.889,-81.233,13
40.704,-73.622,13
40.726,-73.952,13
25.859,-80.144,13
38.819,-77.136,13
38.598,-90.066,13
25.863,-80.341,13
33.172,-96.365,13
28.548,-81.38,13
26.709,-80.057,13
32.712,-96.616,13
25.823,-80.209,13
35.254,-80.736,13
26.118,-80.392,13
25.77,-80.34,13
39.13,-76.595,13
38.941,-77.074,13
32.711,-96.597,13
28.381,-81.359,13
32.978,-97.038,13
26.35,-80.08,13
32.711,-97.455,13
25.959,-80.184,13
40.792,-74.2,13
32.805,-96.978,13
29.861,-95.3,13
25.559,-80.364,13
29.772,-95.78,13
29.711,-95.398,13
32.982,-96.766,13
38.88,-94.834,13
32.983,-96.61,13
35.39,-80.776,13
39.893,-105.073,13
33.181,-96.92,13
34.238,-118.46,13
-12.089,-77.032,13
25.859,-80.258,13
28.553,-81.344,13
32.985,-97.324,13
25.9,-80.155,13
33.9,-118.104,13
26.103,-80.342,13
28.554,-81.415,13
25.824,-80.273,13
29.735,-95.639,13
28.344,-81.494,13
26.093,-80.165,13
28.358,-81.593,13
29.862,-95.721,13
33.926,-117.891,13
32.986,-96.75,13
29.844,-95.728,13
25.455,-80.486,13
28.556,-81.406,13
25.771,-80.131,12
33.81,-117.907,12
33.809,-118.008,12
33.806,-117.984,12
33.882,-118.238,12
29.528,-95.159,12
33.801,-118.107,12
33.799,-118.154,12
33.799,-118.256,12
33.883,-118.162,12
25.86,-80.311,12
33.794,-118.264,12
25.861,-80.326,12
25.84,-80.127,12
25.862,-80.127,12
29.58,-95.609,12
33.787,-118.11,12
33.784,-117.893,12
33.891,-118.316,12
25.866,-80.304,12
25.839,-80.385,12
25.838,-80.243,12
25.867,-80.211,12
25.867,-80.177,12
33.762,-117.854,12
29.701,-95.724,12
33.742,-117.859,12
25.836,-80.375,12
25.875,-80.339,12
25.879,-80.167,12
33.671,-112.21,12
33.665,-117.87,12
33.642,-117.863,12
25.831,-80.243,12
25.831,-80.258,12
33.633,-112.377,12
33.611,-117.923,12
33.559,-93.861,12
33.381,-112.106,12
25.889,-80.325,12
29.677,-95.335,12
33.345,-96.589,12
25.89,-80.295,12
25.827,-80.327,12
25.891,-80.202,12
25.827,-80.37,12
33.921,-118.247,12
25.895,-80.265,12
25.896,-80.356,12
33.216,-96.938,12
33.928,-118.238,12
33.199,-97.144,12
25.824,-80.216,12
33.93,-118.215,12
33.186,-97.102,12
25.903,-80.37,12
25.903,-80.151,12
33.171,-96.638,12
25.905,-80.21,12
25.823,-80.273,12
40.732,-73.688,12
25.908,-80.32,12
25.822,-80.127,12
33.151,-97.06,12
25.822,-80.267,12
25.913,-80.24,12
33.136,-96.795,12
25.821,-80.231,12
25.919,-80.356,12
33.099,-96.811,12
25.922,-80.168,12
33.09,-96.669,12
25.924,-80.125,12
33.953,-118.398,12
29.531,-95.554,12
25.817,-80.328,12
33.068,-97.033,12
25.929,-80.183,12
25.816,-80.314,12
33.062,-96.803,12
33.058,-96.746,12
33.058,-96.845,12
33.96,-118.385,12
33.96,-84.254,12
25.933,-80.2,12
25.934,-80.304,12
25.934,-80.3,12
33.026,-97.015,12
25.812,-80.263,12
25.942,-80.195,12
25.943,-80.195,12
25.943,-80.121,12
33.012,-96.822,12
33.01,-96.858,12
25.811,-80.356,12
25.948,-80.265,12
25.948,-80.203,12
25.949,-80.169,12
33.0,-96.986,12
32.999,-96.841,12
32.998,-96.28,12
32.996,-96.796,12
25.808,-80.187,12
25.956,-80.146,12
32.977,-96.656,12
34.012,-117.919,12
29.679,-95.814,12
32.954,-96.841,12
25.804,-80.187,12
32.952,-97.02,12
25.973,-80.219,12
32.95,-96.878,12
32.95,-97.16,12
25.975,-80.311,12
32.946,-96.701,12
32.945,-96.607,12
34.03,-118.275,12
32.945,-96.89,12
25.977,-80.309,12
25.978,-80.241,12
34.032,-84.536,12
25.801,-80.198,12
32.933,-96.874,12
25.984,-80.17,12
32.931,-96.819,12
25.8,-80.191,12
34.049,-118.25,12
32.921,-97.064,12
34.052,-118.225,12
25.798,-80.26,12
25.992,-80.16,12
29.679,-95.552,12
34.054,-118.244,12
32.912,-96.647,12
25.996,-80.14,12
25.796,-80.239,12
32.906,-96.92,12
32.904,-97.336,12
25.795,-80.211,12
32.901,-97.324,12
32.898,-96.636,12
34.065,-118.301,12
34.065,-118.282,12
26.006,-80.314,12
26.006,-80.298,12
34.065,-118.212,12
26.006,-80.199,12
32.891,-96.768,12
34.069,-118.266,12
32.891,-96.801,12
32.89,-97.423,12
26.01,-80.308,12
32.887,-97.4,12
25.793,-80.306,12
26.011,-80.205,12
32.881,-97.104,12
34.082,-118.261,12
32.879,-96.641,12
26.012,-80.149,12
10.98,-74.795,12
34.089,-117.69,12
26.018,-80.23,12
25.789,-80.128,12
26.024,-80.265,12
32.861,-96.758,12
32.86,-96.898,12
32.859,-97.072,12
26.028,-80.253,12
34.119,-117.537,12
32.857,-97.612,12
25.788,-80.144,12
25.788,-80.178,12
34.125,-117.455,12
26.03,-80.281,12
34.13,-117.99,12
32.854,-96.973,12
26.036,-80.27,12
34.147,-117.22,12
32.846,-96.486,12
32.844,-97.011,12
26.045,-80.23,12
26.047,-80.206,12
25.785,-80.247,12
32.841,-96.582,12
32.84,-97.296,12
32.837,-97.063,12
34.173,-118.454,12
26.062,-80.172,12
26.063,-80.404,12
34.175,-118.532,12
25.782,-80.194,12
34.177,-83.914,12
32.83,-96.829,12
32.828,-96.851,12
26.07,-80.222,12
26.074,-80.141,12
34.185,-118.642,12
34.186,-118.576,12
26.078,-80.251,12
34.186,-118.294,12
32.818,-96.674,12
25.78,-80.196,12
34.193,-118.492,12
29.698,-95.69,12
25.78,-80.348,12
34.207,-118.388,12
25.779,-80.137,12
26.098,-80.199,12
40.71,-73.99,12
32.801,-96.476,12
26.099,-80.215,12
32.801,-97.077,12
32.801,-97.435,12
25.779,-80.19,12
26.101,-80.377,12
32.799,-96.784,12
26.102,-80.183,12
34.216,-118.385,12
26.103,-80.288,12
32.797,-96.981,12
34.222,-118.549,12
25.778,-80.184,12
40.705,-73.943,12
40.751,-73.858,12
34.232,-118.451,12
32.785,-96.427,12
40.703,-73.806,12
34.239,-119.157,12
34.24,-118.535,12
26.12,-80.141,12
34.242,-118.528,12
25.777,-80.257,12
32.779,-96.773,12
26.126,-80.331,12
32.774,-96.787,12
29.697,-95.544,12
26.137,-80.127,12
26.139,-80.423,12
26.143,-80.342,12
26.144,-80.237,12
25.775,-80.354,12
34.278,-118.423,12
25.774,-80.193,12
34.296,-118.556,12
34.317,-118.428,12
32.752,-97.133,12
32.751,-96.896,12
32.75,-96.824,12
32.75,-97.137,12
25.773,-80.238,12
34.427,-118.535,12
26.165,-80.295,12
32.746,-96.596,12
32.743,-96.606,12
26.169,-80.204,12
32.742,-96.64,12
26.17,-80.233,12
25.772,-80.213,12
29.697,-95.642,12
26.179,-80.16,12
26.181,-80.233,12
26.185,-80.19,12
29.697,-95.655,12
25.771,-80.236,12
32.726,-97.472,12
25.771,-80.362,12
26.196,-80.254,12
32.721,-97.023,12
25.77,-80.236,12
35.241,-80.962,12
26.204,-80.131,12
32.716,-97.456,12
25.77,-80.323,12
25.77,-80.358,12
35.316,-80.707,12
32.709,-96.839,12
25.769,-80.191,12
40.754,-73.821,12
32.707,-96.872,12
25.769,-80.232,12
32.705,-96.576,12
32.704,-97.017,12
25.768,-80.133,12
32.704,-97.024,12
32.701,-96.918,12
32.685,-96.588,12
32.68,-97.312,12
26.242,-80.261,12
32.665,-96.992,12
32.665,-97.33,12
26.256,-80.172,12
32.661,-96.811,12
40.756,-73.82,12
32.652,-96.868,12
32.651,-97.137,12
37.468,-95.477,12
25.765,-80.218,12
25.765,-80.224,12
32.642,-97.075,12
32.638,-96.893,12
26.272,-80.138,12
32.63,-97.318,12
26.274,-80.129,12
32.627,-97.285,12
37.727,-121.933,12
25.764,-80.194,12
37.729,-121.93,12
26.277,-80.212,12
37.8,-122.41,12
37.803,-122.444,12
32.574,-96.311,12
32.574,-96.754,12
25.763,-80.371,12
32.546,-96.74,12
32.54,-96.852,12
37.873,-122.51,12
25.762,-80.194,12
32.537,-96.853,12
37.898,-122.515,12
37.898,-122.3,12
32.489,-96.976,12
32.287,-90.231,12
30.712,-94.943,12
30.708,-95.563,12
25.759,-80.194,12
26.343,-80.079,12
30.344,-95.561,12
30.307,-95.314,12
26.351,-80.129,12
30.294,-95.46,12
30.278,-95.461,12
25.758,-80.203,12
37.995,-122.323,12
37.996,-121.734,12
29.679,-95.249,12
26.365,-80.131,12
40.759,-73.967,12
25.758,-80.44,12
26.375,-80.091,12
30.224,-95.562,12
38.026,-121.936,12
26.388,-80.092,12
30.212,-95.754,12
30.208,-95.072,12
30.174,-95.871,12
30.152,-95.462,12
25.755,-80.443,12
38.463,-121.386,12
40.676,-73.91,12
25.754,-80.34,12
30.127,-95.517,12
38.508,-90.45,12
25.753,-80.376,12
26.551,-81.609,12
25.752,-80.255,12
30.105,-95.401,12
25.752,-80.42,12
38.546,-121.735,12
26.596,-80.106,12
30.078,-95.406,12
25.75,-80.304,12
25.75,-80.341,12
40.764,-73.93,12
26.615,-80.081,12
30.07,-95.504,12
26.62,-80.079,12
30.067,-95.943,12
30.064,-95.78,12
30.061,-95.375,12
30.059,-95.392,12
26.636,-80.147,12
29.694,-95.18,12
25.744,-80.319,12
38.656,-121.122,12
26.649,-80.075,12
38.68,-121.269,12
30.045,-95.606,12
30.04,-95.605,12
30.022,-95.427,12
38.798,-77.31,12
26.695,-80.101,12
30.013,-95.458,12
25.733,-80.376,12
30.011,-95.757,12
30.011,-95.867,12
29.694,-95.412,12
26.719,-80.053,12
29.547,-95.426,12
26.725,-80.093,12
26.729,-80.094,12
25.73,-80.323,12
26.731,-80.097,12
30.001,-95.426,12
25.729,-80.291,12
29.999,-95.371,12
26.753,-80.092,12
38.925,-94.655,12
38.935,-94.695,12
29.997,-95.593,12
38.95,-76.906,12
38.957,-76.92,12
25.724,-80.413,12
25.724,-80.419,12
29.987,-95.343,12
29.987,-95.424,12
25.723,-80.281,12
40.657,-73.95,12
29.985,-95.298,12
27.251,-80.424,12
27.272,-80.394,12
39.024,-76.979,12
25.713,-80.291,12
29.974,-95.401,12
39.047,-76.976,12
39.05,-76.958,12
39.051,-76.934,12
29.97,-95.46,12
39.053,-77.111,12
29.968,-95.699,12
29.967,-95.509,12
39.062,-77.125,12
29.962,-95.585,12
29.962,-95.682,12
29.961,-95.652,12
25.706,-80.298,12
29.955,-95.166,12
29.954,-95.561,12
29.693,-95.216,12
25.703,-80.334,12
29.952,-95.454,12
25.703,-80.35,12
40.772,-73.893,12
29.951,-95.632,12
39.087,-77.077,12
39.088,-76.825,12
39.088,-76.778,12
29.946,-95.045,12
39.098,-84.514,12
29.945,-95.385,12
29.945,-95.466,12
25.697,-80.401,12
29.94,-95.749,12
29.937,-95.466,12
25.694,-80.268,12
39.121,-84.609,12
29.929,-95.173,12
-12.082,-77.069,12
28.055,-82.4,12
28.056,-82.554,12
25.692,-80.312,12
25.691,-80.165,12
25.691,-80.304,12
29.918,-95.397,12
39.143,-94.755,12
29.916,-95.661,12
28.154,-81.631,12
29.915,-95.366,12
29.913,-95.455,12
29.908,-95.378,12
28.214,-81.438,12
29.902,-95.341,12
39.16,-84.43,12
29.892,-95.715,12
29.891,-95.584,12
39.171,-76.76,12
39.18,-77.2,12
28.284,-81.582,12
29.886,-95.706,12
28.284,-81.331,12
39.181,-77.262,12
25.682,-80.313,12
25.679,-80.318,12
28.313,-81.419,12
29.876,-95.747,12
29.874,-95.503,12
29.869,-95.337,12
28.328,-81.542,12
29.869,-95.471,12
29.869,-95.72,12
28.334,-81.517,12
29.868,-95.635,12
29.868,-95.638,12
25.672,-80.446,12
28.34,-81.466,12
29.862,-95.658,12
25.669,-80.439,12
28.344,-81.398,12
25.669,-80.448,12
29.859,-95.555,12
28.352,-81.608,12
39.378,-76.511,12
29.692,-95.653,12
28.363,-81.423,12
29.853,-95.25,12
25.433,-80.487,12
29.852,-95.223,12
29.851,-95.707,12
25.656,-80.442,12
39.565,-104.957,12
25.655,-80.393,12
28.372,-81.392,12
39.595,-104.877,12
25.65,-80.315,12
39.625,-105.024,12
39.629,-104.82,12
28.385,-81.245,12
29.84,-95.366,12
29.84,-95.551,12
29.839,-95.186,12
25.644,-80.379,12
39.659,-104.839,12
29.836,-95.656,12
40.633,-74.021,12
39.673,-104.959,12
29.833,-95.211,12
28.402,-81.39,12
29.829,-95.646,12
28.419,-81.637,12
29.827,-95.804,12
25.629,-80.359,12
29.825,-95.8,12
29.819,-95.565,12
29.818,-95.779,12
25.623,-80.344,12
29.814,-95.368,12
29.809,-95.687,12
28.461,-81.308,12
28.462,-81.459,12
28.464,-81.458,12
25.609,-80.433,12
29.799,-95.703,12
39.736,-105.139,12
29.796,-95.645,12
29.795,-95.264,12
29.795,-95.446,12
28.481,-81.405,12
28.481,-81.298,12
29.794,-95.728,12
39.743,-105.011,12
29.791,-95.373,12
39.754,-105.0,12
28.498,-81.54,12
25.588,-80.381,12
39.76,-104.997,12
40.818,-74.116,12
28.499,-81.165,12
28.5,-81.446,12
29.787,-95.387,12
39.768,-105.018,12
28.507,-81.162,12
28.509,-81.42,12
29.786,-95.523,12
29.786,-95.707,12
29.785,-95.945,12
28.516,-81.631,12
29.784,-95.5,12
25.578,-80.469,12
39.789,-105.076,12
29.782,-95.824,12
28.533,-80.993,12
25.573,-80.345,12
29.777,-95.376,12
39.833,-75.44,12
25.57,-80.381,12
29.775,-95.399,12
29.774,-95.305,12
25.567,-80.362,12
28.549,-81.38,12
29.773,-95.32,12
39.876,-75.247,12
39.882,-75.107,12
28.551,-81.102,12
29.772,-95.391,12
25.559,-80.341,12
28.552,-81.469,12
28.553,-81.444,12
40.828,-73.946,12
28.557,-81.32,12
29.77,-95.563,12
29.763,-95.372,12
28.578,-81.256,12
39.953,-75.257,12
29.761,-95.418,12
39.959,-105.174,12
28.586,-81.374,12
39.982,-75.153,12
28.594,-81.351,12
40.022,-75.031,12
28.601,-81.76,12
28.601,-81.398,12
29.753,-95.62,12
40.397,-104.738,12
40.409,-74.29,12
40.442,-75.332,12
29.748,-95.362,12
29.746,-95.453,12
29.746,-95.665,12
25.473,-80.497,12
29.745,-95.353,12
29.744,-95.306,12
29.744,-95.607,12
29.626,-95.517,12
29.742,-95.354,12
29.741,-95.319,12
28.713,-81.537,12
29.634,-95.622,12
29.619,-95.2,12
29.737,-95.418,12
28.891,-81.329,12
29.736,-95.581,12
29.734,-95.388,12
29.733,-95.8,12
29.732,-95.391,12
29.648,-95.387,12
29.731,-95.574,12
29.73,-95.464,12
29.603,-95.273,12
29.729,-95.543,12
29.729,-95.544,12
29.728,-95.498,12
29.335,-95.467,12
29.725,-95.537,12
29.385,-94.901,12
29.597,-95.474,12
29.664,-95.634,12
29.719,-95.486,12
29.719,-95.657,12
29.718,-95.526,12
29.665,-95.348,12
29.665,-95.157,12
29.593,-95.667,12
29.592,-95.681,12
29.591,-95.566,12
29.59,-95.237,12
29.67,-95.691,12
29.67,-95.677,12
29.487,-95.512,12
29.71,-95.298,12
29.671,-95.554,12
29.585,-95.766,12
29.677,-95.648,12
25.849,-80.377,12
33.851,-116.512,12
25.849,-80.183,12
33.862,-118.307,12
40.741,-73.947,12
25.851,-80.363,12
33.841,-84.383,12
25.852,-80.371,12
33.836,-118.335,12
25.845,-80.232,12
33.83,-118.288,12
25.844,-80.217,12
33.875,-117.892,12
33.821,-117.905,12
25.854,-80.126,12
33.817,-117.997,12
25.855,-80.129,12
33.817,-118.211,12
33.812,-117.889,12
42.875,-85.653,12
42.735,-84.482,12
41.872,-87.646,12
41.524,-88.136,12
42.044,-87.986,12
42.042,-88.034,12
42.525,-83.525,12
42.907,-85.489,12
42.318,-83.179,12
42.078,-87.981,12
42.936,-85.685,12
41.848,-87.652,12
42.957,-85.669,12
42.278,-83.748,12
42.274,-83.247,12
41.995,-87.66,12
41.583,-72.904,12
42.927,-85.61,12
41.994,-87.655,12
41.042,-73.8,12
42.941,-85.62,12
41.981,-87.694,12
42.928,-85.655,12
42.846,-85.625,12
42.513,-83.46,12
43.036,-89.443,12
42.301,-71.086,12
41.059,-73.56,12
42.472,-83.233,12
42.899,-85.695,12
41.899,-87.628,12
42.878,-85.802,12
51.302,-0.879,12
44.698,-123.24,12
42.968,-85.655,12
42.021,-87.683,12
42.807,-85.705,12
41.972,-87.709,12
41.819,-71.376,12
59.962,10.664,12
42.064,-87.681,11
42.137,-87.882,11
41.74,-87.981,11
41.617,-87.636,11
42.407,-71.238,11
42.52,-83.46,11
41.906,-87.631,11
42.135,-88.014,11
42.126,-70.901,11
42.346,-83.438,11
41.886,-89.113,11
42.343,-83.29,11
51.671,-0.394,11
42.055,-87.929,11
42.015,-87.666,11
41.72,-88.04,11
42.342,-83.306,11
42.432,-71.687,11
42.433,-88.117,11
41.777,-87.993,11
41.725,-87.799,11
42.339,-71.151,11
42.054,-71.0,11
41.981,-87.906,11
42.192,-83.365,11
42.948,-85.763,11
41.883,-87.654,11
42.861,-85.683,11
42.899,-85.614,11
42.984,-85.695,11
40.95,-73.881,11
42.808,-86.1,11
41.111,-85.17,11
42.332,-71.097,11
42.978,-85.672,11
42.825,-86.014,11
42.857,-85.509,11
41.601,-87.833,11
41.725,-87.818,11
41.881,-87.855,11
41.949,-87.688,11
41.938,-87.808,11
49.986,9.141,11
42.089,-71.436,11
42.959,-85.696,11
42.079,-71.463,11
41.98,-87.669,11
41.999,-87.696,11
41.797,-88.155,11
42.25,-70.992,11
41.973,-87.725,11
42.493,-71.162,11
41.875,-87.628,11
42.915,-85.585,11
42.897,-85.685,11
42.048,-87.75,11
41.847,-88.076,11
42.222,-83.351,11
41.001,-73.816,11
41.698,-88.253,11
41.918,-87.88,11
42.919,-85.577,11
44.935,-93.008,11
41.914,-87.754,11
42.3,-83.186,11
41.844,-88.039,11
41.804,-88.099,11
44.983,-93.262,11
41.633,-70.878,11
42.383,-83.238,11
42.01,-87.861,11
42.928,-85.664,11
42.3,-71.113,11
41.903,-87.677,11
26.0,-80.15,11
29.832,-95.369,11
28.405,-81.503,11
28.405,-81.43,11
26.269,-80.272,11
33.839,-118.386,11
6.348,-75.541,11
28.406,-81.479,11
39.077,-77.116,11
25.955,-80.281,11
32.987,-96.582,11
25.787,-80.365,11
32.987,-96.928,11
25.955,-80.142,11
32.985,-96.89,11
25.635,-80.455,11
29.83,-95.409,11
29.83,-95.686,11
25.956,-80.143,11
30.012,-90.163,11
38.59,-89.984,11
39.081,-77.145,11
32.984,-96.91,11
32.85,-97.326,11
32.85,-96.822,11
25.631,-80.313,11
28.414,-81.473,11
33.693,-117.992,11
25.847,-80.379,11
25.63,-80.449,11
34.126,-118.192,11
29.827,-95.691,11
33.774,-84.385,11
25.807,-80.188,11
29.826,-95.174,11
34.116,-118.181,11
25.747,-80.22,11
39.863,-104.676,11
25.963,-80.235,11
25.765,-80.191,11
32.86,-96.756,11
34.111,-118.292,11
25.963,-80.157,11
39.686,-105.027,11
32.861,-97.264,11
39.686,-104.883,11
39.686,-104.875,11
39.084,-76.944,11
26.025,-80.206,11
28.54,-81.389,11
32.965,-97.044,11
39.827,-104.994,11
38.645,-121.416,11
32.864,-96.952,11
26.619,-80.066,11
29.778,-95.278,11
32.961,-97.26,11
25.575,-80.389,11
25.626,-80.397,11
26.022,-80.155,11
38.602,-90.508,11
34.102,-118.34,11
25.871,-80.166,11
10.371,-75.461,11
25.626,-80.424,11
27.798,-82.709,11
32.958,-97.046,11
29.816,-95.365,11
34.096,-118.034,11
25.625,-80.411,11
25.625,-80.48,11
28.531,-81.362,11
32.869,-96.86,11
33.678,-84.612,11
28.529,-81.471,11
26.017,-80.218,11
33.851,-83.998,11
32.871,-97.283,11
38.61,-121.346,11
29.781,-95.958,11
34.023,-118.297,11
34.023,-118.288,11
32.954,-96.889,11
32.952,-96.855,11
29.707,-95.296,11
34.088,-118.351,11
25.621,-80.431,11
34.024,-118.307,11
29.781,-95.382,11
28.526,-81.548,11
29.813,-95.68,11
34.085,-117.621,11
34.024,-118.288,11
39.709,-105.14,11
32.877,-97.002,11
26.013,-80.151,11
32.879,-96.858,11
32.949,-96.77,11
30.333,-95.468,11
25.619,-80.427,11
38.638,-77.369,11
38.611,-90.2,11
26.012,-80.247,11
26.012,-80.289,11
25.617,-80.36,11
39.71,-105.137,11
28.523,-81.62,11
26.011,-80.144,11
32.882,-97.219,11
29.782,-95.378,11
25.615,-80.356,11
32.883,-97.418,11
25.976,-80.365,11
34.077,-117.355,11
32.66,-96.997,11
34.074,-118.296,11
36.639,-86.581,11
25.727,-80.314,11
32.889,-97.212,11
32.944,-96.809,11
25.977,-80.244,11
34.07,-117.642,11
25.802,-80.138,11
33.728,-117.81,11
26.009,-80.271,11
29.806,-95.721,11
28.46,-81.272,11
33.807,-84.415,11
32.89,-97.305,11
29.805,-95.195,11
30.061,-95.451,11
25.702,-80.43,11
33.676,-117.777,11
27.864,-82.647,11
28.516,-81.298,11
30.014,-95.586,11
25.88,-80.335,11
28.516,-81.307,11
29.537,-95.138,11
34.068,-118.072,11
39.725,-104.811,11
25.979,-80.283,11
32.894,-96.725,11
34.068,-118.206,11
33.805,-118.106,11
25.607,-80.428,11
29.714,-95.395,11
25.794,-80.314,11
29.802,-95.428,11
25.979,-80.255,11
26.007,-80.299,11
40.767,-73.916,11
29.785,-95.782,11
28.47,-81.434,11
29.785,-95.752,11
30.008,-95.284,11
32.898,-97.04,11
29.544,-95.336,11
25.581,-80.454,11
34.063,-118.433,11
32.666,-96.937,11
25.98,-80.265,11
32.9,-96.79,11
32.9,-96.726,11
32.901,-96.964,11
32.901,-96.442,11
25.981,-80.295,11
32.902,-96.923,11
32.938,-96.838,11
32.668,-96.92,11
28.476,-81.419,11
29.786,-95.56,11
33.892,-84.255,11
32.904,-96.556,11
32.905,-96.983,11
29.796,-95.776,11
25.733,-80.379,11
27.896,-82.728,11
25.699,-80.377,11
29.795,-95.41,11
25.6,-80.428,11
26.345,-80.087,11
25.999,-80.194,11
29.795,-95.706,11
32.937,-96.852,11
33.782,-117.899,11
29.673,-95.539,11
30.015,-95.449,11
29.787,-95.823,11
29.795,-95.79,11
25.882,-80.256,11
33.892,-118.196,11
28.51,-81.606,11
33.778,-118.179,11
28.508,-81.52,11
29.794,-96.047,11
25.995,-80.118,11
39.771,-104.731,11
29.793,-95.302,11
30.015,-95.41,11
10.971,-74.784,11
32.912,-96.754,11
34.054,-83.988,11
29.453,-95.08,11
28.486,-81.46,11
39.761,-104.982,11
29.792,-95.702,11
25.992,-80.149,11
29.792,-95.771,11
32.915,-96.95,11
25.85,-80.212,11
34.037,-117.95,11
32.917,-96.736,11
28.5,-81.718,11
32.931,-96.642,11
28.499,-81.31,11
25.985,-80.154,11
30.135,-95.508,11
25.767,-80.348,11
30.133,-95.463,11
28.493,-81.429,11
33.846,-84.207,11
29.79,-95.722,11
28.497,-81.321,11
40.755,-73.805,11
32.925,-97.086,11
32.925,-96.969,11
29.67,-95.557,11
32.926,-97.078,11
34.045,-118.254,11
25.987,-80.131,11
29.664,-95.122,11
25.59,-80.358,11
32.93,-97.075,11
29.594,-95.498,11
29.594,-95.473,11
33.881,-118.139,11
30.41,-95.458,11
25.767,-80.202,11
26.239,-80.195,11
25.696,-80.387,11
26.238,-80.204,11
29.72,-95.842,11
25.754,-80.39,11
33.598,-84.402,11
33.904,-118.091,11
29.939,-95.65,11
36.189,-115.093,11
27.976,-82.51,11
10.388,-75.457,11
33.588,-117.123,11
39.114,-77.162,11
30.182,-95.683,11
39.114,-76.805,11
25.726,-80.433,11
30.131,-95.474,11
25.768,-80.365,11
26.73,-80.052,11
32.693,-96.58,11
26.231,-80.114,11
29.722,-95.663,11
36.153,-86.784,11
25.886,-80.363,11
29.722,-95.452,11
29.935,-95.647,11
30.13,-95.237,11
29.722,-95.292,11
29.723,-95.825,11
25.768,-80.243,11
37.967,-122.354,11
27.997,-82.568,11
38.824,-76.975,11
33.539,-101.922,11
25.886,-80.213,11
30.179,-95.607,11
25.757,-80.414,11
30.128,-95.365,11
29.378,-95.789,11
25.694,-80.309,11
26.528,-80.073,11
33.806,-117.922,11
29.723,-95.241,11
35.735,-81.404,11
33.916,-118.293,11
32.706,-97.097,11
33.903,-117.877,11
25.769,-80.254,11
32.707,-97.261,11
29.657,-95.103,11
29.928,-95.552,11
29.6,-95.287,11
29.928,-95.724,11
38.898,-77.114,11
37.964,-122.291,11
29.926,-95.208,11
29.318,-98.555,11
29.926,-95.371,11
38.811,-94.495,11
29.726,-95.632,11
29.924,-95.353,11
26.211,-80.19,11
29.655,-98.614,11
35.272,-81.059,11
30.639,-97.687,11
40.6,-74.0,11
29.988,-95.432,11
35.251,-80.842,11
30.124,-95.468,11
28.07,-82.427,11
25.89,-80.239,11
39.133,-77.2,11
33.874,-118.003,11
30.002,-95.589,11
38.806,-77.082,11
40.6,-75.477,11
33.741,-84.263,11
33.7,-117.988,11
29.987,-95.402,11
25.691,-80.318,11
29.603,-95.472,11
26.202,-80.12,11
33.708,-117.944,11
38.256,-85.754,11
29.92,-95.591,11
29.919,-95.306,11
25.691,-80.366,11
33.248,-96.897,11
30.12,-95.431,11
29.649,-95.609,11
29.73,-94.943,11
25.691,-80.401,11
25.77,-80.218,11
33.83,-118.087,11
26.428,-80.092,11
26.934,-80.133,11
29.731,-95.473,11
33.229,-96.902,11
28.146,-81.511,11
38.03,-121.956,11
29.605,-95.125,11
25.69,-80.305,11
28.158,-81.798,11
29.987,-95.48,11
39.144,-77.691,11
25.77,-80.137,11
25.77,-80.135,11
33.223,-96.967,11
30.713,-95.544,11
29.077,-81.309,11
30.716,-94.955,11
25.841,-80.304,11
29.913,-95.391,11
30.174,-95.453,11
29.912,-95.426,11
25.878,-80.245,11
26.191,-80.11,11
29.986,-95.346,11
26.191,-80.165,11
26.683,-80.23,11
25.896,-80.219,11
38.916,-77.068,11
26.323,-80.126,11
26.19,-80.197,11
29.733,-95.461,11
29.91,-95.738,11
32.731,-97.043,11
26.381,-80.09,11
29.016,-81.307,11
30.005,-95.299,11
33.208,-96.642,11
33.202,-97.176,11
29.986,-95.501,11
33.196,-97.13,11
33.193,-97.127,11
33.192,-97.511,11
25.9,-80.178,11
32.735,-96.888,11
-12.12,-77.035,11
4.736,-74.053,11
38.542,-121.749,11
29.735,-95.515,11
29.639,-95.426,11
33.931,-118.39,11
29.705,-95.55,11
28.23,-81.42,11
33.173,-96.915,11
25.86,-80.326,11
25.856,-80.31,11
38.884,-77.026,11
26.177,-80.239,11
25.823,-80.274,11
33.932,-118.355,11
29.736,-95.541,11
29.901,-95.567,11
33.932,-118.082,11
32.739,-96.306,11
28.242,-81.257,11
32.74,-96.657,11
28.858,-97.035,11
33.743,-117.968,11
29.899,-95.372,11
25.737,-80.441,11
33.154,-96.7,11
29.616,-95.285,11
4.747,-74.104,11
29.638,-95.569,11
32.743,-97.265,11
29.895,-95.409,11
33.937,-118.062,11
28.252,-81.341,11
29.616,-95.21,11
28.804,-81.698,11
29.638,-95.573,11
29.738,-95.494,11
26.712,-80.085,11
29.738,-95.467,11
33.137,-96.806,11
39.166,-77.258,11
25.773,-80.295,11
28.256,-81.347,11
33.7,-118.005,11
28.257,-81.363,11
32.749,-96.827,11
33.131,-96.703,11
33.125,-96.812,11
33.124,-96.66,11
25.686,-80.425,11
29.892,-95.43,11
29.705,-95.577,11
28.263,-81.378,11
30.167,-95.505,11
27.237,-80.271,11
32.358,-86.321,11
33.94,-118.027,11
33.94,-84.093,11
33.112,-96.517,11
33.11,-96.813,11
26.317,-80.172,11
33.108,-96.769,11
26.37,-80.086,11
28.276,-82.361,11
28.276,-81.662,11
25.752,-80.447,11
30.102,-95.447,11
29.741,-95.314,11
34.28,-118.867,11
32.756,-97.331,11
26.575,-80.113,11
28.284,-81.352,11
32.758,-96.683,11
29.622,-95.468,11
29.884,-95.361,11
28.287,-81.217,11
32.759,-96.86,11
25.683,-80.432,11
29.742,-95.333,11
25.921,-80.166,11
38.546,-121.723,11
28.293,-81.591,11
25.762,-80.37,11
25.717,-80.462,11
33.904,-118.327,11
29.979,-95.564,11
25.82,-80.385,11
40.64,-74.013,11
25.922,-80.176,11
30.093,-95.421,11
29.627,-95.558,11
29.999,-95.669,11
29.743,-95.407,11
29.88,-95.542,11
40.782,-73.805,11
32.768,-97.096,11
29.71,-95.635,11
27.272,-80.377,11
28.304,-81.436,11
32.505,-96.603,11
29.743,-95.38,11
33.089,-96.845,11
33.088,-96.685,11
29.744,-95.856,11
33.95,-83.909,11
33.951,-118.3,11
25.925,-80.311,11
33.08,-96.382,11
25.68,-80.382,11
29.7,-95.737,11
26.131,-80.15,11
29.556,-95.154,11
32.776,-96.79,11
25.817,-80.333,11
29.877,-95.313,11
25.927,-80.182,11
32.776,-96.608,11
40.584,-75.38,11
33.955,-118.353,11
33.955,-118.163,11
26.585,-80.086,11
-7.104,-34.833,11
25.776,-80.191,11
30.243,-95.088,11
34.249,-118.286,11
30.032,-95.662,11
29.876,-95.721,11
32.778,-96.874,11
30.086,-95.736,11
26.127,-80.385,11
33.067,-96.854,11
33.955,-117.32,11
39.219,-76.797,11
25.714,-80.257,11
39.222,-94.482,11
25.476,-80.456,11
29.746,-95.096,11
30.033,-95.846,11
32.779,-97.093,11
25.46,-80.472,11
29.873,-95.65,11
32.779,-96.795,11
30.011,-95.649,11
33.065,-96.882,11
26.589,-80.071,11
40.783,-73.945,11
33.063,-96.796,11
29.87,-95.419,11
32.781,-97.064,11
26.121,-80.314,11
29.703,-95.288,11
25.838,-80.321,11
29.748,-95.365,11
32.782,-96.96,11
25.751,-80.262,11
29.703,-95.425,11
33.834,-84.384,11
32.783,-96.835,11
40.427,-79.918,11
32.783,-96.637,11
28.642,-81.461,11
39.262,-77.165,11
28.331,-81.286,11
28.333,-81.485,11
33.959,-118.269,11
25.713,-80.408,11
25.739,-80.252,11
34.234,-118.248,11
25.468,-80.454,11
25.868,-80.119,11
29.75,-95.351,11
28.335,-81.428,11
32.786,-96.807,11
26.117,-80.357,11
32.787,-97.096,11
32.787,-96.805,11
29.698,-95.842,11
25.932,-80.314,11
38.554,-121.721,11
32.789,-97.095,11
25.712,-80.37,11
30.036,-95.867,11
38.899,-121.078,11
39.278,-77.212,11
30.083,-95.484,11
29.692,-95.526,11
29.865,-95.674,11
32.791,-96.389,11
32.792,-97.388,11
32.793,-97.393,11
29.752,-95.454,11
32.794,-96.8,11
40.676,-73.819,11
29.752,-95.2,11
25.862,-80.317,11
29.753,-95.618,11
25.671,-80.433,11
29.712,-95.366,11
28.61,-81.72,11
28.61,-81.805,11
39.287,-76.624,11
33.709,-112.115,11
34.217,-118.381,11
29.972,-95.671,11
25.935,-80.276,11
33.041,-96.835,11
29.676,-95.291,11
40.68,-73.981,11
29.753,-95.311,11
26.103,-80.332,11
25.669,-80.417,11
29.971,-95.531,11
38.745,-90.403,11
29.677,-95.897,11
33.038,-96.878,11
40.073,-75.156,11
34.215,-118.516,11
34.212,-118.537,11
32.798,-96.651,11
33.714,-118.019,11
29.861,-95.703,11
28.604,-81.438,11
25.813,-80.191,11
33.971,-118.276,11
25.939,-80.125,11
30.081,-95.901,11
32.8,-96.941,11
25.74,-80.343,11
25.779,-80.206,11
25.779,-80.189,11
26.097,-80.167,11
25.665,-80.324,11
39.339,-76.402,11
40.046,-75.405,11
13.671,100.61,11
25.94,-80.295,11
32.804,-96.731,11
33.972,-118.362,11
33.028,-96.688,11
26.095,-80.269,11
39.372,-74.427,11
28.597,-81.245,11
39.374,-76.819,11
29.858,-95.679,11
33.022,-96.986,11
40.764,-73.992,11
33.021,-96.701,11
33.021,-97.272,11
28.358,-81.559,11
32.806,-96.686,11
40.654,-75.472,11
28.358,-81.239,11
28.359,-81.535,11
33.976,-117.565,11
29.857,-95.737,11
25.852,-80.234,11
29.857,-95.862,11
25.836,-80.369,11
29.856,-95.255,11
32.808,-96.616,11
25.709,-80.347,11
29.758,-95.363,11
32.81,-96.467,11
25.862,-80.306,11
39.981,-75.162,11
39.972,-75.131,11
27.384,-80.366,11
30.079,-95.565,11
32.812,-96.635,11
34.191,-118.449,11
39.423,-76.796,11
25.535,-80.392,11
29.76,-95.4,11
27.39,-81.413,11
25.659,-80.438,11
26.449,-80.092,11
33.706,-117.781,11
40.744,-73.958,11
29.967,-95.493,11
29.76,-95.268,11
38.713,-90.379,11
29.692,-95.741,11
25.657,-80.392,11
29.967,-95.582,11
37.997,-122.126,11
30.078,-95.551,11
32.622,-96.267,11
38.861,-94.552,11
29.694,-95.753,11
28.368,-81.303,11
25.781,-80.138,11
34.184,-118.362,11
30.204,-95.566,11
34.184,-118.397,11
25.945,-80.169,11
32.826,-97.158,11
29.85,-95.545,11
25.945,-80.14,11
32.628,-97.417,11
33.896,-118.331,11
33.837,-117.941,11
33.007,-96.962,11
33.789,-118.137,11
33.005,-96.555,11
25.947,-80.198,11
28.577,-81.667,11
29.763,-95.769,11
39.583,-104.878,11
30.076,-95.242,11
29.848,-95.561,11
33.005,-96.888,11
39.606,-105.074,11
33.857,-117.542,11
30.076,-95.827,11
39.608,-104.807,11
29.763,-95.36,11
29.763,-95.359,11
29.846,-95.56,11
29.846,-95.719,11
39.616,-104.994,11
29.846,-95.765,11
38.435,-121.384,11
29.845,-95.388,11
30.047,-95.594,11
25.948,-80.143,11
34.173,-118.344,11
33.856,-84.348,11
29.586,-98.624,11
34.172,-118.456,11
29.764,-95.228,11
29.764,-95.21,11
34.17,-118.332,11
32.835,-96.772,11
33.996,-118.292,11
32.837,-97.029,11
32.837,-96.603,11
29.689,-95.604,11
29.708,-95.398,11
29.841,-95.663,11
30.048,-95.381,11
39.945,-75.211,11
32.641,-97.127,11
40.744,-73.928,11
32.838,-97.108,11
29.699,-95.627,11
29.766,-95.748,11
40.683,-74.202,11
28.388,-81.492,11
25.951,-80.183,11
25.784,-80.199,11
34.163,-118.379,11
25.951,-80.172,11
40.749,-73.261,11
32.84,-97.096,11
32.84,-96.815,11
25.643,-80.379,11
29.838,-95.751,11
25.838,-80.214,11
29.766,-95.39,11
29.766,-95.366,11
25.641,-80.382,11
32.999,-97.371,11
29.96,-95.56,11
26.049,-80.16,11
34.002,-118.186,11
25.809,-80.336,11
25.785,-80.233,11
34.155,-118.13,11
29.836,-95.402,11
32.843,-96.922,11
26.046,-80.253,11
29.959,-95.46,11
34.003,-118.329,11
29.836,-95.849,11
39.926,-75.167,11
29.835,-95.371,11
38.58,-90.328,11
29.835,-95.543,11
34.151,-99.302,11
28.398,-81.529,11
40.772,-73.928,11
37.638,-122.449,11
30.312,-95.456,11
25.554,-80.375,11
37.544,-122.292,11
29.834,-95.375,11
32.99,-96.926,11
34.149,-118.247,11
40.603,-75.465,11
38.676,-121.322,11
30.073,-94.101,11
25.743,-80.432,11
25.751,-80.305,10
32.731,-97.111,10
27.319,-80.358,10
38.183,-122.184,10
29.522,-95.445,10
25.825,-80.217,10
29.608,-95.248,10
33.901,-118.069,10
32.824,-96.663,10
26.546,-80.141,10
32.794,-96.7,10
40.17,-105.088,10
38.985,-77.092,10
32.733,-97.793,10
29.752,-95.352,10
33.2,-96.696,10
33.872,-118.271,10
30.169,-95.135,10
26.046,-80.157,10
32.825,-97.115,10
29.735,-95.632,10
34.183,-118.312,10
33.192,-96.616,10
25.689,-80.363,10
32.825,-96.82,10
28.568,-81.199,10
29.551,-95.747,10
29.863,-95.67,10
40.615,-74.091,10
28.934,-80.901,10
33.82,-118.195,10
26.682,-80.197,10
24.843,-80.752,10
25.901,-80.333,10
38.793,-77.041,10
39.149,-77.217,10
32.989,-96.983,10
25.949,-80.136,10
28.916,-81.181,10
26.319,-80.184,10
30.106,-95.435,10
26.375,-80.12,10
39.15,-76.803,10
29.85,-95.643,10
38.431,-121.429,10
25.904,-80.236,10
25.935,-80.318,10
28.4,-81.493,10
25.75,-80.417,10
40.673,-73.674,10
39.151,-76.637,10
25.905,-80.235,10
28.579,-81.44,10
26.746,-80.092,10
39.153,-76.621,10
32.827,-96.944,10
39.568,-76.13,10
33.041,-97.376,10
32.797,-96.806,10
29.901,-95.374,10
28.394,-81.468,10
35.059,-80.993,10
39.06,-76.971,10
29.762,-95.368,10
40.082,-75.408,10
29.71,-95.608,10
26.747,-80.111,10
40.73,-75.35,10
33.999,-118.283,10
26.558,-80.161,10
34.854,-117.081,10
29.769,-95.397,10
26.174,-80.289,10
32.599,-97.288,10
25.541,-80.381,10
33.155,-96.731,10
39.95,-75.009,10
25.759,-80.372,10
32.838,-97.069,10
29.899,-95.691,10
29.899,-95.718,10
28.246,-81.296,10
39.16,-77.289,10
26.723,-80.148,10
32.798,-97.219,10
25.772,-80.207,10
29.861,-95.475,10
30.188,-95.62,10
33.153,-96.831,10
26.041,-80.19,10
39.674,-104.981,10
29.68,-95.392,10
29.998,-95.85,10
29.771,-96.173,10
33.15,-96.833,10
40.669,-74.121,10
32.847,-97.322,10
34.698,-118.138,10
29.897,-95.315,10
40.714,-74.043,10
25.637,-80.48,10
29.737,-95.462,10
25.636,-80.338,10
38.544,-90.299,10
32.798,-96.808,10
29.832,-95.719,10
30.024,-95.357,10
34.661,-77.322,10
28.556,-81.49,10
26.038,-80.247,10
29.831,-95.25,10
39.079,-77.063,10
25.686,-80.366,10
25.772,-80.187,10
26.037,-80.225,10
34.14,-117.967,10
34.597,-118.181,10
29.831,-95.549,10
29.957,-95.441,10
34.595,-118.181,10
34.14,-118.254,10
25.808,-80.196,10
25.808,-80.214,10
29.711,-95.49,10
25.765,-80.206,10
26.168,-80.115,10
39.896,-74.951,10
25.765,-80.204,10
25.634,-80.361,10
40.06,-105.283,10
32.831,-116.962,10
32.985,-96.912,10
27.441,-82.631,10
38.019,-122.137,10
26.268,-80.209,10
28.252,-81.313,10
26.678,-80.185,10
25.788,-80.383,10
25.748,-80.335,10
34.137,-118.245,10
25.839,-80.384,10
38.16,-122.185,10
29.96,-95.424,10
32.983,-96.843,10
25.773,-80.349,10
33.788,-117.909,10
25.808,-80.332,10
25.765,-80.252,10
28.414,-81.238,10
28.414,-81.234,10
25.686,-80.388,10
33.887,-118.396,10
10.377,-75.483,10
34.137,-118.47,10
34.136,-118.594,10
29.861,-95.773,10
29.698,-95.073,10
28.551,-81.274,10
29.773,-95.818,10
28.55,-81.272,10
26.031,-80.15,10
25.788,-80.218,10
26.574,-80.16,10
39.884,-104.813,10
25.755,-80.388,10
39.872,-104.93,10
29.588,-95.463,10
25.863,-80.274,10
26.028,-80.158,10
29.774,-95.897,10
25.773,-80.315,10
25.961,-80.329,10
39.083,-77.134,10
29.738,-95.331,10
25.913,-80.156,10
26.618,-80.072,10
29.894,-95.744,10
25.566,-80.38,10
27.356,-80.433,10
32.858,-96.77,10
32.973,-96.769,10
29.69,-96.777,10
29.825,-95.474,10
29.893,-95.33,10
25.806,-80.201,10
39.667,-105.069,10
30.025,-95.914,10
32.969,-96.324,10
29.953,-95.409,10
25.668,-80.455,10
18.442,-66.023,10
25.629,-80.415,10
40.742,-73.861,10
26.164,-80.133,10
25.704,-80.288,10
39.168,-77.184,10
38.677,-90.408,10
25.851,-80.223,10
33.133,-96.745,10
25.851,-80.231,10
29.679,-95.403,10
32.966,-96.7,10
38.877,-77.246,10
39.32,-76.553,10
29.776,-95.4,10
28.427,-81.218,10
25.789,-80.216,10
29.821,-95.502,10
39.835,-105.003,10
25.806,-80.356,10
26.266,-80.282,10
32.862,-97.422,10
29.893,-97.963,10
29.739,-95.77,10
26.024,-80.228,10
32.863,-97.231,10
28.429,-81.412,10
25.813,-80.352,10
40.747,-73.945,10
25.805,-80.186,10
30.256,-95.82,10
29.82,-95.704,10
32.75,-97.338,10
32.864,-96.754,10
26.023,-80.209,10
25.966,-80.188,10
25.805,-80.191,10
29.778,-95.625,10
40.683,-73.697,10
25.704,-80.339,10
39.591,-104.979,10
29.739,-95.525,10
33.86,-118.285,10
25.916,-80.274,10
28.763,-81.355,10
39.06,-76.881,10
33.12,-96.752,10
32.75,-96.657,10
29.708,-95.84,10
32.75,-96.627,10
39.064,-76.955,10
34.101,-117.758,10
32.959,-96.259,10
39.802,-104.905,10
29.548,-95.119,10
32.751,-97.037,10
29.817,-95.561,10
34.099,-118.39,10
30.054,-95.872,10
25.805,-80.204,10
28.533,-81.378,10
29.636,-95.667,10
29.952,-95.585,10
25.969,-80.191,10
29.86,-95.698,10
38.114,-122.251,10
28.389,-81.492,10
34.211,-118.465,10
25.575,-80.325,10
33.886,-84.288,10
29.984,-95.398,10
39.797,-104.88,10
25.624,-80.328,10
39.607,-104.925,10
29.78,-95.562,10
33.118,-96.827,10
33.033,-96.987,10
29.78,-95.381,10
25.755,-80.409,10
25.841,-80.315,10
29.763,-95.361,10
26.017,-80.225,10
32.832,-96.923,10
28.528,-81.204,10
26.15,-80.203,10
25.791,-80.302,10
34.092,-118.358,10
38.677,-121.44,10
30.054,-95.396,10
25.737,-80.384,10
29.814,-95.43,10
33.709,-117.797,10
39.792,-105.025,10
26.149,-80.242,10
26.016,-80.264,10
29.585,-95.534,10
25.747,-80.359,10
29.524,-95.164,10
32.953,-96.909,10
25.971,-80.142,10
27.251,-80.412,10
39.172,-76.6,10
29.741,-95.558,10
40.811,-73.953,10
32.844,-97.275,10
29.813,-95.195,10
39.707,-75.598,10
29.813,-95.377,10
39.086,-76.604,10
26.315,-80.152,10
29.741,-95.531,10
28.446,-81.371,10
25.92,-80.243,10
25.685,-80.436,10
28.35,-81.332,10
25.702,-80.294,10
25.94,-80.299,10
39.173,-77.209,10
32.432,-96.672,10
39.174,-77.254,10
39.009,-76.985,10
32.879,-96.758,10
29.812,-95.424,10
29.838,-95.394,10
25.82,-80.336,10
39.176,-77.193,10
32.949,-96.82,10
29.811,-95.372,10
28.523,-81.457,10
26.674,-80.085,10
29.96,-95.473,10
28.451,-81.492,10
38.867,-77.105,10
25.774,-80.195,10
25.921,-80.253,10
40.721,-75.534,10
25.921,-80.204,10
29.811,-95.431,10
29.811,-95.434,10
29.782,-95.41,10
32.805,-97.261,10
32.755,-96.863,10
29.846,-95.391,10
25.578,-80.389,10
29.811,-95.784,10
34.026,-118.374,10
29.95,-95.383,10
28.562,-81.365,10
33.9,-118.081,10
32.946,-96.651,10
27.599,-82.484,10
28.453,-81.338,10
32.659,-97.128,10
28.453,-80.909,10
34.029,-118.128,10
32.484,-97.526,10
34.077,-117.174,10
29.704,-95.61,10
25.684,-80.453,10
32.885,-96.73,10
26.628,-80.084,10
34.077,-118.306,10
27.829,-82.63,10
32.661,-96.875,10
34.076,-117.889,10
32.945,-96.812,10
25.614,-80.355,10
29.95,-95.513,10
33.028,-97.015,10
39.783,-104.766,10
32.887,-96.963,10
29.885,-95.303,10
29.809,-95.707,10
29.809,-95.759,10
40.024,-75.046,10
34.072,-118.286,10
34.03,-118.161,10
25.446,-80.441,10
25.745,-80.31,10
25.803,-80.21,10
29.783,-95.353,10
25.977,-80.293,10
33.906,-118.018,10
33.973,-117.66,10
26.672,-80.273,10
25.461,-80.46,10
27.849,-82.693,10
25.921,-80.187,10
26.009,-80.209,10
37.908,-122.312,10
28.459,-81.356,10
32.662,-97.116,10
26.145,-80.239,10
29.806,-95.38,10
29.884,-95.614,10
32.943,-96.809,10
32.484,-96.895,10
34.207,-118.525,10
33.87,-84.601,10
34.203,-118.581,10
32.805,-96.974,10
26.807,-80.077,10
32.76,-97.305,10
25.845,-80.12,10
32.89,-96.44,10
34.069,-118.401,10
26.008,-80.176,10
25.089,-80.44,10
40.873,-73.878,10
39.947,-75.164,10
28.463,-81.303,10
37.761,-122.228,10
26.141,-80.201,10
36.389,-86.495,10
25.649,-80.416,10
29.804,-95.716,10
25.793,-80.189,10
30.167,-95.685,10
34.033,-118.018,10
30.027,-95.43,10
29.846,-95.652,10
26.254,-80.099,10
39.091,-77.03,10
32.893,-96.474,10
37.662,-121.046,10
29.631,-95.417,10
36.38,-86.703,10
29.802,-95.136,10
25.82,-80.37,10
28.466,-81.244,10
29.857,-95.447,10
29.802,-95.306,10
33.023,-96.888,10
29.96,-95.499,10
34.27,-118.449,10
32.806,-96.85,10
25.864,-80.274,10
39.733,-104.888,10
26.307,-80.236,10
29.881,-95.697,10
26.348,-80.146,10
29.785,-95.953,10
32.765,-97.388,10
33.888,-117.989,10
25.88,-80.216,10
29.591,-95.216,10
32.806,-96.816,10
25.794,-80.201,10
25.58,-80.369,10
29.881,-95.702,10
29.8,-95.738,10
25.543,-80.376,10
33.655,-117.998,10
26.006,-80.208,10
29.577,-95.255,10
25.795,-80.249,10
29.799,-95.302,10
39.378,-77.434,10
25.605,-80.434,10
33.85,-117.943,10
34.033,-117.647,10
29.834,-94.782,10
25.942,-80.312,10
39.736,-105.005,10
26.669,-80.119,10
25.832,-80.365,10
39.737,-104.86,10
30.34,-95.523,10
29.846,-95.774,10
39.659,-105.024,10
26.005,-80.348,10
26.005,-80.36,10
32.667,-96.955,10
39.738,-104.973,10
32.899,-96.912,10
33.735,-117.825,10
29.946,-95.456,10
26.063,-80.178,10
30.075,-95.565,10
28.304,-81.439,10
29.857,-95.642,10
25.604,-80.441,10
39.777,-104.755,10
25.581,-80.367,10
39.74,-105.224,10
25.795,-80.198,10
33.824,-118.003,10
39.775,-104.701,10
39.187,-77.248,10
32.768,-97.056,10
29.757,-95.111,10
26.003,-80.335,10
38.902,-77.016,10
37.891,-122.119,10
34.263,-118.909,10
39.383,-77.402,10
32.903,-97.282,10
32.904,-96.777,10
30.093,-96.062,10
33.95,-118.088,10
25.524,-80.428,10
30.138,-95.543,10
39.616,-104.816,10
26.001,-80.387,10
26.37,-80.203,10
25.681,-80.448,10
29.845,-95.488,10
28.512,-81.481,10
29.623,-95.23,10
29.945,-95.227,10
26.794,-80.107,10
32.774,-96.829,10
25.948,-80.2,10
26.133,-80.291,10
26.091,-80.19,10
39.192,-77.247,10
29.786,-95.388,10
39.024,-84.735,10
33.805,-118.188,10
25.843,-80.37,10
25.582,-80.369,10
29.845,-95.648,10
25.856,-80.299,10
25.762,-80.144,10
29.794,-95.383,10
29.787,-95.787,10
29.794,-95.69,10
25.982,-80.145,10
25.583,-80.397,10
36.366,-86.595,10
25.926,-80.291,10
32.936,-96.853,10
33.977,-118.28,10
25.85,-80.369,10
25.997,-80.256,10
39.06,-76.704,10
39.772,-104.795,10
30.352,-95.579,10
32.673,-97.209,10
30.029,-95.608,10
32.775,-96.874,10
28.483,-81.435,10
29.681,-95.393,10
33.994,-118.271,10
28.483,-81.427,10
39.915,-104.936,10
38.893,-77.069,10
32.911,-96.77,10
25.524,-80.402,10
26.131,-80.39,10
25.759,-80.255,10
32.935,-96.856,10
29.793,-95.71,10
34.037,-118.305,10
25.984,-80.239,10
33.079,-96.879,10
40.613,-75.489,10
29.878,-95.726,10
26.13,-80.142,10
25.586,-80.343,10
28.593,-81.25,10
25.882,-80.224,10
34.195,-118.563,10
29.856,-95.686,10
29.944,-95.344,10
38.907,-76.662,10
40.765,-73.958,10
37.869,-122.259,10
29.594,-95.649,10
25.991,-80.124,10
33.977,-118.05,10
28.5,-81.295,10
25.698,-80.335,10
36.318,-86.652,10
40.741,-73.784,10
29.943,-93.994,10
29.791,-95.467,10
30.092,-95.58,10
29.788,-95.693,10
26.343,-80.192,10
34.04,-118.268,10
29.791,-95.578,10
40.702,-73.699,10
29.718,-95.343,10
25.799,-80.341,10
25.698,-80.447,10
28.491,-81.411,10
25.758,-80.381,10
32.92,-96.665,10
37.868,-122.259,10
33.018,-96.987,10
32.921,-97.11,10
33.846,-117.982,10
37.699,-121.845,10
39.11,-94.584,10
25.45,-80.499,10
25.848,-80.377,10
26.042,-80.221,10
34.049,-94.329,10
29.789,-95.96,10
32.561,-97.06,10
33.016,-96.737,10
32.923,-96.806,10
28.493,-81.307,10
29.79,-95.719,10
25.734,-80.361,10
39.755,-104.986,10
25.927,-80.14,10
39.625,-104.907,10
25.677,-80.329,10
33.79,-84.403,10
25.799,-80.198,10
25.799,-80.197,10
29.855,-95.423,10
38.931,-76.902,10
26.665,-80.08,10
29.976,-95.403,10
32.834,-96.978,10
29.876,-95.631,10
33.834,-118.02,10
26.653,-80.153,10
29.835,-95.553,10
32.929,-96.817,10
32.929,-96.838,10
25.592,-80.339,10
28.496,-81.419,10
25.734,-80.344,10
25.707,-80.252,10
28.363,-81.573,10
30.131,-95.232,10
29.746,-95.456,10
30.409,-95.458,10
33.912,-118.367,10
29.876,-95.792,10
29.941,-93.996,10
29.719,-95.619,10
25.858,-80.21,10
32.834,-96.479,10
25.843,-80.332,10
29.941,-95.592,10
25.697,-80.438,10
29.837,-95.376,10
25.81,-80.326,10
29.94,-95.455,10
36.252,-86.701,10
32.682,-96.657,10
29.976,-95.566,10
29.706,-95.248,10
33.912,-118.055,10
25.777,-80.346,10
33.011,-96.433,10
33.61,-111.991,10
25.777,-80.339,10
25.944,-80.139,10
28.319,-81.592,10
40.688,-73.706,10
32.608,-97.322,10
25.945,-80.339,10
39.114,-108.647,10
29.874,-95.326,10
34.159,-118.377,10
29.404,-95.256,10
25.885,-80.238,10
28.364,-81.371,10
29.521,-98.347,10
32.779,-97.083,10
32.779,-96.835,10
39.228,-76.818,10
25.676,-80.46,10
25.728,-80.235,10
29.937,-95.65,10
38.897,-94.793,10
25.816,-80.236,10
25.725,-80.248,10
27.482,-80.369,10
29.936,-95.645,10
29.872,-95.409,10
29.935,-95.241,10
25.928,-80.121,10
29.935,-95.416,10
33.065,-96.694,10
25.763,-80.311,10
29.934,-95.308,10
26.229,-80.162,10
38.911,-77.037,10
28.322,-81.417,10
29.723,-96.156,10
25.714,-80.265,10
32.58,-96.928,10
40.752,-73.885,10
39.036,-77.057,10
33.913,-117.888,10
36.13,-86.725,10
27.609,-80.399,10
25.639,-80.386,10
33.534,-84.484,10
32.814,-96.671,10
40.75,-74.206,10
28.569,-81.194,10
26.337,-80.13,10
28.007,-82.505,10
33.063,-96.88,10
25.843,-80.251,10
29.378,-94.929,10
29.932,-95.608,10
25.76,-80.391,10
29.679,-95.305,10
26.849,-80.058,10
33.478,-112.07,10
25.479,-80.442,10
32.815,-97.279,10
30.456,-93.165,10
27.296,-80.446,10
25.694,-80.44,10
39.668,-104.887,10
33.956,-83.487,10
26.083,-80.179,10
35.725,-77.916,10
28.649,-81.211,10
33.739,-84.387,10
26.858,-80.096,10
29.974,-95.177,10
29.748,-95.463,10
18.347,-66.061,10
34.166,-118.399,10
26.083,-80.227,10
25.674,-80.376,10
26.12,-80.107,10
33.916,-84.28,10
37.997,-121.719,10
32.707,-96.623,10
25.76,-80.366,10
25.888,-80.161,10
26.442,-80.072,10
32.708,-97.074,10
25.846,-80.368,10
33.388,-111.752,10
25.777,-80.19,10
29.581,-95.693,10
32.817,-96.976,10
29.869,-95.545,10
29.926,-95.559,10
38.961,-94.674,10
25.735,-80.381,10
29.869,-95.633,10
33.917,-118.247,10
32.709,-97.153,10
25.889,-80.133,10
29.727,-95.531,10
29.535,-95.506,10
26.29,-80.199,10
25.76,-80.349,10
26.351,-80.164,10
30.621,-96.343,10
25.77,-80.367,10
29.706,-95.502,10
32.818,-96.833,10
29.997,-95.757,10
29.843,-95.717,10
26.718,-80.051,10
29.923,-95.448,10
25.759,-80.44,10
32.714,-97.323,10
29.239,-81.066,10
25.77,-80.3,10
25.89,-80.294,10
39.04,-77.055,10
38.5,-90.337,10
29.922,-95.31,10
29.232,-81.098,10
33.919,-84.35,10
29.922,-95.414,10
25.481,-80.441,10
29.676,-95.336,10
33.059,-96.861,10
28.07,-80.711,10
25.89,-80.165,10
33.919,-84.308,10
28.072,-81.812,10
29.71,-95.732,10
29.208,-80.999,10
32.837,-96.805,10
32.718,-96.691,10
34.237,-118.446,10
25.931,-80.314,10
29.2,-82.032,10
29.652,-95.508,10
32.719,-97.451,10
29.921,-95.368,10
33.76,-117.467,10
26.055,-80.16,10
25.657,-80.416,10
28.563,-81.306,10
33.748,-117.939,10
32.821,-97.163,10
29.651,-95.619,10
28.087,-82.499,10
25.749,-80.254,10
25.826,-80.181,10
39.265,-76.543,10
29.181,-80.985,10
40.837,-73.941,10
6.245,-75.59,10
25.672,-80.378,10
25.931,-80.203,10
29.603,-95.352,10
26.048,-80.251,10
40.314,-75.425,10
25.645,-80.336,10
28.117,-81.284,10
32.721,-96.323,10
28.624,-81.48,10
39.056,-94.558,10
33.92,-118.148,10
40.253,-75.64,10
33.962,-118.35,10
28.623,-81.539,10
29.851,-95.396,10
30.007,-95.297,10
34.233,-118.231,10
29.916,-95.601,10
37.963,-122.293,10
25.69,-80.173,10
25.764,-80.138,10
34.003,-117.813,10
35.223,-80.885,10
29.987,-95.473,10
29.916,-95.667,10
29.965,-95.688,10
29.706,-95.84,10
33.228,-96.658,10
29.606,-95.54,10
32.788,-96.756,10
29.866,-95.592,10
28.159,-81.603,10
32.592,-97.361,10
30.009,-95.553,10
26.287,-80.196,10
26.274,-80.173,10
29.965,-95.778,10
32.725,-97.276,10
25.707,-80.378,10
29.986,-95.334,10
25.656,-80.409,10
34.185,-119.17,10
28.338,-81.493,10
29.841,-95.768,10
33.05,-96.641,10
29.675,-95.488,10
30.117,-95.481,10
26.989,-80.45,10
18.439,-66.022,10
28.583,-81.539,10
32.823,-96.77,10
26.109,-80.202,10
25.757,-80.325,10
29.607,-95.745,10
32.846,-97.142,10
33.884,-118.221,10
25.778,-80.192,10
38.906,-94.768,10
29.607,-95.42,10
25.932,-80.123,10
28.582,-81.218,10
29.607,-95.291,10
29.035,-82.03,10
29.864,-95.708,10
42.706,-74.069,10
42.905,-85.591,10
42.881,-85.583,10
42.908,-85.564,10
41.798,-87.994,10
42.072,-88.0,10
42.354,-87.963,10
41.987,-87.691,10
43.344,-96.894,10
42.051,-87.856,10
42.492,-83.51,10
41.801,-87.839,10
41.969,-87.677,10
61.217,-149.893,10
42.313,-83.298,10
42.872,-85.851,10
42.936,-85.647,10
42.865,-85.607,10
42.076,-71.028,10
42.864,-85.7,10
41.688,-88.45,10
41.723,-88.278,10
42.848,-85.53,10
42.961,-85.671,10
42.47,-83.401,10
40.969,-73.815,10
42.03,-87.961,10
42.026,-87.793,10
42.023,-87.805,10
47.24,-122.41,10
41.712,-93.59,10
41.955,-87.712,10
42.339,-71.149,10
42.992,-85.663,10
41.936,-87.745,10
40.909,-74.159,10
42.017,-88.155,10
43.0,-85.759,10
41.934,-87.769,10
43.006,-85.689,10
42.122,-87.993,10
41.834,-71.43,10
41.886,12.472,10
43.017,-85.712,10
41.711,-88.27,10
42.011,-87.835,10
41.992,-87.697,10
43.042,-85.587,10
41.768,-88.183,10
42.138,-88.253,10
41.861,12.683,10
41.843,-88.007,10
43.065,-85.958,10
42.257,-83.657,10
44.933,-93.393,10
44.932,-123.037,10
41.75,-87.75,10
41.93,-87.762,10
42.199,-71.063,10
42.166,-83.248,10
41.978,-87.98,10
42.562,-83.342,10
41.928,-71.354,10
41.999,-87.688,10
43.13,-85.574,10
41.928,-87.749,10
42.221,-87.985,10
41.997,-87.661,10
42.889,-85.73,10
41.655,-88.437,10
42.29,-83.184,10
42.46,-83.137,9
42.026,-87.711,9
42.823,-86.072,9
41.713,-88.199,9
41.91,-87.858,9
41.924,-87.737,9
43.264,-2.944,9
42.539,-82.977,9
42.287,-71.095,9
42.494,-83.538,9
41.897,-87.691,9
51.115,-0.158,9
41.668,-88.09,9
41.939,-87.762,9
41.927,-87.684,9
41.919,-71.107,9
42.336,-83.293,9
41.908,-87.648,9
42.941,-85.61,9
43.753,-79.731,9
41.575,-87.558,9
41.723,-88.321,9
42.938,-85.658,9
41.879,-87.655,9
42.891,-85.662,9
42.076,-88.06,9
42.067,-88.04,9
42.904,-85.672,9
42.136,-71.132,9
61.198,-150.003,9
42.137,-88.022,9
43.029,-82.45,9
42.417,-71.201,9
42.414,-87.864,9
42.01,-87.755,9
43.034,-85.681,9
41.914,-87.755,9
42.071,-87.753,9
41.842,-87.712,9
41.854,-87.666,9
42.371,-83.313,9
42.524,-83.532,9
42.251,-71.119,9
42.554,-83.536,9
42.004,-87.67,9
41.975,-87.749,9
41.976,-87.66,9
42.524,-83.51,9
42.06,-87.866,9
42.352,-71.062,9
42.963,-85.697,9
42.96,-85.92,9
42.324,-71.051,9
41.6,-88.112,9
42.323,-83.284,9
42.077,-71.022,9
41.949,-87.921,9
42.527,-83.451,9
41.949,-87.644,9
42.955,-85.497,9
42.09,-71.044,9
42.952,-85.643,9
26.403,-80.105,9
30.005,-95.401,9
29.711,-95.201,9
33.811,-118.362,9
30.206,-95.528,9
30.208,-95.475,9
25.876,-80.121,9
30.216,-95.569,9
30.0,-95.503,9
29.711,-95.397,9
40.759,-73.969,9
25.729,-80.372,9
26.762,-80.094,9
29.997,-95.575,9
25.728,-80.242,9
30.268,-97.759,9
30.271,-97.744,9
30.282,-95.464,9
26.36,-80.136,9
30.303,-95.472,9
30.327,-95.385,9
25.759,-80.307,9
26.809,-80.198,9
25.727,-80.462,9
29.992,-95.368,9
29.992,-95.581,9
25.76,-80.423,9
40.664,-75.253,9
26.846,-80.062,9
29.682,-95.274,9
29.989,-95.324,9
26.905,-80.305,9
38.967,-76.906,9
38.971,-76.954,9
25.874,-80.31,9
29.987,-95.446,9
30.695,-95.443,9
38.976,-94.57,9
37.951,-122.337,9
37.948,-122.336,9
38.983,-77.095,9
40.662,-74.225,9
37.944,-122.051,9
38.989,-77.099,9
25.874,-80.317,9
38.989,-76.823,9
38.99,-77.03,9
29.985,-95.414,9
29.985,-95.503,9
27.222,-80.415,9
29.985,-95.73,9
27.232,-80.266,9
32.347,-96.847,9
37.929,-122.055,9
40.686,-73.991,9
29.98,-95.58,9
25.762,-80.267,9
26.302,-80.133,9
29.575,-95.811,9
37.869,-122.268,9
29.977,-95.475,9
27.284,-80.297,9
32.563,-96.843,9
25.714,-80.404,9
26.295,-80.117,9
32.597,-97.092,9
25.711,-80.283,9
39.047,-94.631,9
39.049,-76.983,9
25.873,-80.192,9
37.77,-122.408,9
29.97,-95.413,9
27.354,-80.315,9
32.604,-96.778,9
25.709,-80.287,9
25.764,-80.274,9
27.39,-82.481,9
33.715,-118.065,9
25.709,-80.42,9
29.967,-95.23,9
27.407,-80.391,9
29.701,-95.807,9
37.737,-122.215,9
40.689,-73.904,9
37.721,-122.478,9
39.057,-77.104,9
27.431,-80.356,9
25.765,-80.37,9
37.709,-121.915,9
29.695,-95.185,9
32.634,-96.232,9
32.638,-96.697,9
29.708,-95.511,9
29.96,-95.57,9
27.593,-80.372,9
37.636,-122.068,9
29.683,-95.344,9
32.646,-97.184,9
29.956,-95.195,9
29.708,-95.577,9
32.647,-96.728,9
29.673,-95.601,9
29.951,-95.488,9
37.252,-121.933,9
25.766,-80.342,9
26.259,-80.221,9
27.855,-82.711,9
36.416,-86.463,9
36.367,-86.439,9
39.094,-77.078,9
40.692,-73.99,9
25.766,-80.198,9
39.098,-76.986,9
27.896,-82.729,9
29.508,-95.826,9
25.699,-80.424,9
39.102,-76.865,9
29.945,-95.675,9
27.919,-82.333,9
29.945,-95.779,9
39.106,-84.556,9
25.767,-80.374,9
29.943,-95.473,9
39.11,-76.563,9
29.707,-95.799,9
32.678,-97.108,9
32.678,-97.057,9
32.68,-97.323,9
36.253,-86.675,9
29.939,-95.413,9
25.696,-80.437,9
33.88,-118.318,9
32.69,-97.182,9
26.234,-80.254,9
36.164,-75.753,9
29.936,-95.28,9
25.695,-80.44,9
33.736,-118.34,9
32.699,-97.415,9
32.7,-96.567,9
25.694,-80.294,9
25.768,-80.196,9
26.223,-80.23,9
29.683,-95.113,9
28.01,-82.532,9
35.934,-84.002,9
39.12,-77.165,9
25.769,-80.381,9
25.694,-80.372,9
28.023,-82.243,9
29.927,-95.419,9
28.035,-82.661,9
25.693,-80.315,9
33.902,-118.303,9
29.925,-95.406,9
32.708,-97.017,9
25.692,-80.158,9
35.306,-80.699,9
33.901,-84.238,9
29.706,-95.547,9
29.923,-95.561,9
26.207,-80.188,9
29.922,-95.635,9
29.706,-95.595,9
35.246,-80.907,9
26.203,-80.148,9
26.202,-80.232,9
35.223,-80.842,9
32.721,-96.614,9
29.917,-95.526,9
29.684,-95.562,9
25.691,-80.44,9
28.15,-82.279,9
35.221,-85.88,9
25.77,-80.194,9
26.197,-80.133,9
35.194,-101.81,9
26.193,-80.183,9
40.695,-75.333,9
39.144,-77.172,9
32.729,-97.36,9
29.697,-95.831,9
29.911,-95.599,9
32.729,-96.67,9
28.189,-82.251,9
25.771,-80.301,9
32.73,-96.606,9
25.771,-80.275,9
29.909,-95.596,9
29.908,-95.627,9
32.732,-96.647,9
32.732,-96.155,9
39.145,-77.053,9
26.186,-80.24,9
25.771,-80.197,9
26.182,-80.283,9
25.771,-80.194,9
35.102,-80.931,9
25.771,-80.188,9
32.736,-96.658,9
25.688,-80.316,9
40.777,-73.98,9
26.177,-80.224,9
29.692,-95.275,9
26.176,-80.244,9
29.9,-95.338,9
29.899,-95.447,9
28.248,-81.466,9
39.161,-77.165,9
25.772,-80.19,9
32.744,-97.066,9
29.895,-95.72,9
29.575,-95.464,9
32.745,-96.658,9
32.747,-96.854,9
29.562,-95.15,9
29.562,-95.399,9
39.169,-77.24,9
25.869,-80.13,9
34.389,-118.588,9
29.89,-95.443,9
34.323,-118.407,9
25.774,-80.348,9
28.271,-81.482,9
29.675,-95.285,9
34.285,-118.879,9
29.888,-95.498,9
26.148,-80.316,9
29.888,-95.697,9
29.888,-95.805,9
34.284,-118.419,9
25.002,-80.538,9
29.542,-95.858,9
33.743,-117.834,9
33.899,-118.111,9
39.181,-77.238,9
39.182,-76.864,9
26.145,-80.339,9
39.183,-77.278,9
39.183,-77.24,9
32.762,-96.623,9
29.883,-95.724,9
40.782,-73.949,9
29.882,-95.338,9
33.896,-118.102,9
29.882,-95.573,9
34.268,-118.401,9
32.767,-96.612,9
29.88,-95.648,9
34.266,-118.748,9
29.88,-95.691,9
28.304,-81.391,9
26.137,-80.162,9
25.681,-80.447,9
29.88,-95.734,9
39.193,-77.279,9
34.258,-118.501,9
26.132,-80.139,9
26.132,-80.401,9
32.775,-96.594,9
32.776,-96.607,9
25.679,-80.422,9
32.777,-97.445,9
25.776,-80.193,9
39.203,-76.618,9
28.313,-81.354,9
32.777,-96.797,9
32.777,-96.79,9
25.677,-80.432,9
25.776,-80.134,9
28.316,-81.48,9
39.21,-84.549,9
29.876,-95.724,9
28.318,-81.473,9
29.875,-95.376,9
29.875,-95.67,9
25.777,-80.334,9
32.78,-96.875,9
32.78,-96.799,9
39.235,-76.832,9
34.245,-118.27,9
29.871,-95.344,9
26.122,-80.14,9
29.87,-95.484,9
25.674,-80.323,9
29.869,-95.378,9
32.783,-97.427,9
29.869,-95.677,9
32.784,-96.785,9
29.868,-95.281,9
25.672,-80.368,9
32.785,-96.675,9
26.114,-80.326,9
28.337,-81.404,9
34.231,-118.552,9
32.789,-97.092,9
26.112,-80.198,9
25.778,-80.219,9
25.778,-80.21,9
32.792,-96.815,9
29.864,-95.795,9
28.34,-81.494,9
6.195,-75.548,9
39.283,-76.62,9
25.779,-80.326,9
28.342,-81.388,9
39.291,-76.661,9
29.862,-95.823,9
29.862,-95.882,9
25.838,-80.298,9
29.861,-95.572,9
33.749,-84.387,9
32.799,-97.427,9
32.799,-97.382,9
29.861,-96.001,9
28.346,-81.263,9
32.8,-97.212,9
34.212,-118.824,9
32.8,-96.821,9
33.751,-84.272,9
34.202,-118.461,9
40.634,-74.025,9
34.201,-118.589,9
34.2,-118.368,9
32.809,-96.931,9
32.812,-97.281,9
25.661,-80.43,9
32.812,-96.814,9
25.78,-80.214,9
25.66,-80.448,9
28.365,-81.431,9
28.365,-81.384,9
33.806,-84.113,9
26.084,-80.362,9
32.816,-97.184,9
34.188,-118.58,9
26.082,-80.375,9
28.366,-81.322,9
28.366,-81.303,9
34.186,-118.445,9
28.367,-81.55,9
26.08,-80.241,9
32.821,-97.058,9
32.821,-96.664,9
32.823,-96.839,9
28.368,-81.426,9
28.368,-81.407,9
25.433,-80.332,9
25.656,-80.382,9
39.536,-104.836,9
39.541,-104.937,9
25.838,-80.292,9
29.851,-95.817,9
34.182,-118.393,9
28.37,-81.325,9
28.371,-81.282,9
29.849,-95.652,9
32.831,-97.013,9
32.831,-96.991,9
25.782,-80.195,9
32.832,-97.213,9
29.701,-95.287,9
25.649,-80.342,9
32.832,-96.641,9
25.648,-80.323,9
29.552,-95.126,9
29.845,-95.655,9
28.38,-81.618,9
29.845,-95.796,9
25.783,-80.309,9
34.173,-118.564,9
25.783,-80.265,9
32.837,-96.876,9
34.164,-118.449,9
25.645,-80.34,9
34.163,-118.313,9
25.645,-80.4,9
26.053,-80.158,9
25.867,-80.293,9
39.657,-104.997,9
29.838,-95.134,9
34.162,-118.449,9
25.643,-80.411,9
25.641,-80.337,9
26.049,-80.157,9
28.393,-81.501,9
32.842,-96.473,9
25.64,-80.379,9
25.785,-80.188,9
29.836,-95.812,9
26.044,-80.23,9
28.395,-81.463,9
25.785,-80.137,9
25.639,-80.339,9
33.773,-118.197,9
39.671,-104.903,9
26.043,-80.313,9
29.835,-95.788,9
26.043,-80.409,9
28.4,-81.643,9
29.834,-95.651,9
25.786,-80.221,9
29.833,-95.509,9
29.833,-95.573,9
33.853,-118.24,9
29.832,-95.145,9
28.405,-81.497,9
26.04,-80.258,9
26.039,-80.408,9
34.142,-118.134,9
25.787,-80.223,9
34.139,-117.881,9
29.83,-95.378,9
26.034,-80.138,9
34.137,-118.006,9
26.034,-80.257,9
32.849,-96.95,9
29.83,-95.758,9
29.829,-95.432,9
26.029,-80.277,9
39.683,-105.149,9
28.42,-81.469,9
32.86,-97.218,9
32.86,-96.763,9
25.629,-80.404,9
34.108,-117.525,9
39.687,-104.883,9
32.861,-96.629,9
26.023,-80.141,9
25.866,-80.211,9
39.696,-105.047,9
26.022,-80.15,9
40.811,-74.087,9
39.696,-104.834,9
28.432,-81.309,9
26.019,-80.15,9
25.79,-80.216,9
25.626,-80.425,9
29.816,-94.905,9
32.87,-96.985,9
26.017,-80.208,9
29.814,-95.19,9
34.09,-117.737,9
28.444,-81.469,9
28.444,-81.431,9
29.814,-95.787,9
32.874,-96.653,9
34.085,-118.167,9
25.792,-80.259,9
39.709,-105.039,9
39.709,-104.793,9
40.721,-73.762,9
28.453,-80.973,9
39.712,-104.912,9
29.81,-95.49,9
29.81,-95.976,9
28.455,-81.393,9
28.456,-81.396,9
33.878,-84.448,9
34.073,-118.377,9
29.808,-95.402,9
34.072,-118.443,9
28.459,-81.395,9
29.807,-95.961,9
26.009,-80.248,9
32.89,-97.198,9
33.893,-118.288,9
25.849,-80.173,9
39.721,-104.996,9
29.804,-95.017,9
39.721,-104.91,9
26.008,-80.258,9
29.677,-95.425,9
33.776,-118.195,9
28.466,-81.448,9
32.895,-97.349,9
29.802,-95.181,9
40.629,-75.419,9
28.468,-81.368,9
29.801,-95.734,9
26.007,-80.31,9
26.007,-80.36,9
25.605,-80.368,9
26.006,-80.39,9
25.866,-80.322,9
25.449,-80.496,9
25.604,-80.379,9
29.537,-95.142,9
32.899,-97.035,9
28.473,-81.29,9
34.063,-118.443,9
25.602,-80.441,9
32.902,-96.918,9
32.902,-96.635,9
32.905,-96.955,9
39.741,-105.081,9
39.741,-104.956,9
33.86,-118.143,9
28.479,-81.446,9
32.906,-96.408,9
25.999,-80.311,9
25.796,-80.194,9
32.907,-97.035,9
39.742,-104.953,9
32.909,-97.272,9
34.056,-118.376,9
32.91,-96.789,9
25.995,-80.265,9
29.793,-95.45,9
29.792,-95.44,9
29.792,-95.693,9
29.792,-95.715,9
34.052,-117.82,9
39.749,-104.985,9
34.051,-117.31,9
32.917,-96.772,9
25.85,-80.321,9
25.991,-80.306,9
32.919,-97.062,9
32.919,-96.679,9
32.922,-97.367,9
28.492,-81.407,9
28.492,-81.309,9
25.989,-80.253,9
29.79,-95.721,9
29.79,-95.737,9
29.576,-95.412,9
32.927,-96.818,9
40.723,-74.174,9
25.986,-80.295,9
25.986,-80.326,9
39.759,-86.167,9
29.529,-95.558,9
33.807,-118.214,9
32.932,-97.365,9
25.985,-80.382,9
32.932,-97.095,9
34.036,-118.476,9
25.847,-80.208,9
25.583,-80.36,9
33.781,-118.276,9
32.935,-96.854,9
25.983,-80.339,9
25.801,-80.2,9
29.787,-95.774,9
25.982,-80.155,9
25.981,-80.221,9
33.782,-89.83,9
40.724,-74.038,9
25.802,-80.377,9
29.785,-95.515,9
32.939,-96.814,9
39.778,-105.058,9
39.78,-104.981,9
32.94,-96.846,9
32.942,-96.819,9
32.944,-96.701,9
32.945,-96.926,9
29.783,-95.388,9
28.519,-81.495,9
29.783,-95.397,9
39.783,-104.886,9
29.783,-95.577,9
25.804,-80.247,9
25.804,-80.223,9
39.786,-105.008,9
29.782,-95.168,9
33.862,-117.921,9
25.577,-80.354,9
25.804,-80.192,9
39.789,-104.863,9
25.804,-80.19,9
25.971,-80.143,9
32.953,-96.722,9
28.528,-81.297,9
32.955,-96.369,9
32.956,-96.569,9
34.023,-118.363,9
29.78,-95.421,9
29.78,-95.54,9
29.78,-95.928,9
28.532,-81.24,9
28.533,-81.467,9
29.779,-95.448,9
32.959,-97.145,9
28.534,-81.305,9
32.96,-96.839,9
32.961,-96.791,9
33.785,-118.183,9
29.778,-95.428,9
39.815,-104.913,9
32.963,-96.821,9
40.725,-73.744,9
29.777,-95.808,9
25.572,-80.384,9
29.776,-95.385,9
40.822,-73.896,9
34.019,-118.501,9
34.018,-118.348,9
29.776,-95.822,9
32.966,-96.815,9
32.966,-96.814,9
40.741,-73.829,9
32.966,-96.723,9
32.967,-96.816,9
29.554,-95.147,9
34.017,-118.157,9
29.774,-95.354,9
25.963,-80.155,9
33.785,-84.388,9
39.852,-104.965,9
34.013,-118.257,9
32.971,-96.852,9
28.547,-81.144,9
25.962,-80.233,9
28.548,-81.592,9
25.807,-80.192,9
33.809,-118.212,9
33.787,-117.994,9
25.56,-80.366,9
29.536,-95.53,9
33.865,-84.339,9
25.958,-80.239,9
25.808,-80.305,9
29.772,-95.782,9
29.772,-95.79,9
34.008,-118.46,9
25.955,-80.12,9
25.955,-80.278,9
25.955,-80.294,9
29.77,-95.608,9
28.558,-81.332,9
29.769,-95.623,9
39.926,-105.13,9
32.992,-96.755,9
29.768,-95.298,9
28.562,-81.199,9
28.563,-81.346,9
34.002,-85.261,9
29.685,-95.38,9
29.767,-95.27,9
40.727,-73.999,9
32.998,-96.85,9
39.938,-75.277,9
33.999,-118.248,9
28.566,-81.249,9
25.95,-80.119,9
29.765,-95.216,9
29.534,-95.173,9
25.949,-80.166,9
33.001,-96.996,9
29.765,-95.75,9
29.765,-95.751,9
29.764,-95.357,9
33.995,-118.432,9
25.948,-80.149,9
25.81,-80.288,9
33.004,-96.954,9
28.574,-81.38,9
28.574,-81.312,9
33.993,-117.969,9
33.886,-118.142,9
33.992,-118.091,9
28.579,-81.472,9
33.991,-118.39,9
33.008,-96.858,9
39.953,-75.164,9
25.846,-80.312,9
25.539,-80.411,9
29.76,-95.347,9
33.009,-96.828,9
39.96,-75.235,9
33.868,-118.354,9
33.011,-96.982,9
29.759,-95.363,9
29.759,-95.37,9
33.983,-118.264,9
28.589,-81.306,9
33.979,-118.359,9
33.978,-118.414,9
29.758,-95.382,9
33.019,-96.7,9
25.942,-80.313,9
29.757,-95.457,9
29.757,-95.463,9
40.007,-105.004,9
25.519,-80.425,9
33.022,-96.932,9
40.019,-105.276,9
25.941,-80.253,9
33.024,-96.885,9
29.756,-95.38,9
33.032,-96.993,9
29.756,-95.739,9
33.885,-118.072,9
25.862,-80.316,9
33.033,-96.647,9
33.035,-96.643,9
40.059,-75.079,9
25.505,-80.46,9
33.037,-96.623,9
40.089,-75.134,9
25.936,-80.199,9
33.043,-96.829,9
40.093,-104.616,9
29.753,-95.721,9
25.814,-80.337,9
28.612,-81.192,9
40.744,-74.179,9
25.932,-80.317,9
25.932,-80.325,9
29.751,-95.461,9
29.532,-95.131,9
29.75,-95.189,9
25.843,-80.225,9
33.056,-96.763,9
25.485,-80.455,9
25.485,-80.495,9
25.93,-80.162,9
33.958,-84.082,9
33.835,-117.865,9
28.638,-81.4,9
25.845,-80.22,9
25.816,-80.384,9
40.494,-74.446,9
25.93,-80.322,9
29.748,-95.473,9
33.063,-97.017,9
25.816,-80.333,9
28.653,-81.548,9
40.519,-74.455,9
40.533,-74.332,9
29.531,-95.059,9
40.55,22.984,9
25.816,-80.2,9
29.746,-95.355,9
25.816,-80.189,9
33.79,-118.301,9
33.955,-118.038,9
29.746,-95.624,9
33.071,-97.015,9
33.955,-118.212,9
40.58,-73.856,9
29.745,-95.537,9
33.954,-117.686,9
29.559,-95.263,9
25.924,-80.295,9
28.678,-81.416,9
25.818,-80.123,9
33.095,-96.681,9
29.742,-95.773,9
25.82,-80.337,9
29.632,-95.243,9
25.919,-80.328,9
33.944,-117.411,9
29.74,-95.458,9
33.12,-96.791,9
28.767,-81.277,9
29.739,-95.881,9
29.617,-95.396,9
33.138,-94.163,9
29.738,-95.485,9
25.822,-80.322,9
29.616,-95.219,9
29.616,-95.22,9
25.912,-80.355,9
29.737,-95.571,9
33.158,-96.903,9
25.909,-80.204,9
25.908,-80.224,9
33.164,-96.64,9
29.737,-95.856,9
28.881,-81.281,9
33.167,-96.647,9
33.167,-96.624,9
28.89,-81.182,9
33.171,-96.685,9
33.174,-96.512,9
29.736,-95.859,9
25.903,-80.333,9
29.735,-95.404,9
29.735,-95.417,9
29.639,-95.217,9
29.612,-95.393,9
29.734,-95.289,9
29.611,-95.438,9
29.734,-95.433,9
28.993,-95.399,9
29.644,-95.508,9
33.926,-118.081,9
33.214,-97.15,9
33.214,-96.648,9
29.046,-95.468,9
33.924,-118.141,9
33.222,-96.896,9
25.896,-80.372,9
29.687,-97.296,9
33.228,-96.917,9
29.731,-95.423,9
33.921,-118.27,9
29.731,-95.769,9
29.73,-95.42,9
25.893,-80.354,9
29.187,-82.076,9
33.258,-96.592,9
29.603,-95.633,9
25.891,-80.198,9
29.728,-95.501,9
33.919,-117.964,9
29.727,-95.894,9
33.335,-97.117,9
33.918,-117.851,9
29.726,-95.618,9
33.364,-111.843,9
33.874,-117.942,9
29.725,-95.39,9
29.725,-95.454,9
29.725,-95.935,9
33.454,-111.916,9
33.462,-112.251,9
29.659,-95.155,9
29.723,-95.661,9
29.722,-95.443,9
33.913,-118.069,9
29.661,-95.313,9
29.722,-95.939,9
29.597,-95.175,9
40.854,-73.915,9
33.563,-84.268,9
29.662,-95.736,9
29.596,-95.29,9
29.663,-95.756,9
33.589,-112.342,9
25.884,-80.34,9
25.883,-80.21,9
33.912,-118.233,9
33.638,-117.59,9
29.439,-95.246,9
25.467,-80.517,9
33.643,-83.968,9
29.718,-95.482,9
33.646,-117.826,9
29.665,-95.464,9
25.854,-80.317,9
25.882,-80.289,9
33.652,-112.039,9
29.715,-95.142,9
33.909,-118.272,9
29.667,-95.649,9
33.673,-117.746,9
29.714,-95.519,9
25.88,-80.32,9
29.668,-95.679,9
33.675,-117.749,9
25.745,-80.258,9
25.746,-80.254,9
30.064,-95.362,9
33.906,-118.296,9
30.068,-95.395,9
30.07,-95.243,9
25.833,-80.213,9
26.614,-80.151,9
40.667,-73.703,9
26.65,-80.157,9
25.833,-80.196,9
33.683,-117.916,9
26.604,-80.069,9
30.08,-95.628,9
25.74,-80.335,9
26.599,-80.128,9
26.656,-80.153,9
26.656,-80.114,9
30.04,-95.796,9
25.751,-80.355,9
26.59,-80.064,9
26.661,-80.224,9
30.034,-95.795,9
38.753,-90.319,9
25.739,-80.442,9
26.587,-80.038,9
38.547,-121.767,9
26.672,-80.129,9
38.779,-77.166,9
38.788,-77.002,9
40.767,-73.922,9
38.791,-90.555,9
26.676,-80.217,9
38.793,-90.004,9
38.546,-121.758,9
30.104,-95.399,9
30.104,-95.237,9
38.543,-121.777,9
25.752,-80.258,9
38.521,-121.397,9
26.533,-80.116,9
29.694,-95.397,9
30.126,-95.462,9
38.497,-121.542,9
26.525,-80.163,9
30.13,-95.445,9
25.734,-80.323,9
30.016,-95.386,9
30.016,-95.551,9
26.699,-80.129,9
38.471,-95.529,9
38.842,-76.926,9
26.464,-80.082,9
30.014,-95.261,9
26.706,-80.093,9
25.834,-80.281,9
38.869,-76.97,9
25.732,-80.33,9
25.834,-80.273,9
38.883,-94.776,9
26.711,-80.055,9
26.437,-80.079,9
30.171,-95.462,9
29.712,-95.759,9
38.888,-76.809,9
26.419,-80.197,9
25.731,-80.326,9
30.189,-97.945,9
30.191,-95.835,9
32.844,-97.249,8
29.506,-95.113,8
26.045,-80.161,8
26.632,-80.082,8
39.665,-104.903,8
28.563,-81.266,8
25.745,-80.249,8
40.713,-73.429,8
32.842,-97.403,8
38.63,-90.334,8
30.056,-95.723,8
25.809,-80.32,8
30.056,-95.726,8
28.565,-81.39,8
29.766,-95.339,8
26.807,-80.035,8
29.707,-95.303,8
25.745,-80.431,8
29.766,-95.359,8
28.391,-81.247,8
29.766,-95.365,8
30.152,-95.809,8
28.391,-81.485,8
32.84,-96.782,8
29.766,-95.405,8
32.839,-96.774,8
33.859,-116.553,8
39.652,-104.808,8
39.942,-75.146,8
25.727,-80.303,8
39.645,-105.024,8
32.838,-97.083,8
33.763,-84.395,8
29.766,-95.891,8
32.656,-97.279,8
25.747,-80.378,8
39.645,-105.025,8
29.95,-95.252,8
33.856,-118.187,8
33.859,-118.05,8
32.655,-97.194,8
25.949,-80.3,8
28.384,-81.274,8
6.271,-75.543,8
34.17,-118.583,8
33.724,-117.868,8
38.611,-90.323,8
11.232,-74.195,8
26.061,-80.26,8
27.807,-82.608,8
38.609,-121.256,8
39.628,-105.024,8
39.618,-104.792,8
26.263,-80.108,8
25.783,-80.329,8
29.845,-95.632,8
28.377,-81.367,8
33.003,-96.673,8
30.013,-95.414,8
33.88,-118.295,8
29.952,-95.564,8
34.176,-118.76,8
25.744,-80.352,8
38.606,-121.333,8
25.948,-80.352,8
25.782,-80.188,8
39.609,-104.88,8
34.177,-118.35,8
37.333,-121.889,8
25.81,-80.265,8
28.375,-81.621,8
29.701,-95.196,8
26.066,-80.215,8
29.762,-95.272,8
32.65,-97.219,8
25.655,-80.44,8
29.849,-95.382,8
29.698,-95.462,8
29.85,-95.803,8
32.827,-96.85,8
25.435,-80.482,8
33.006,-96.848,8
29.953,-95.485,8
29.762,-95.401,8
39.569,-105.119,8
29.702,-95.766,8
33.007,-96.894,8
25.782,-80.257,8
29.708,-95.647,8
33.007,-96.704,8
38.95,-77.409,8
25.811,-80.377,8
25.705,-80.422,8
33.008,-96.626,8
33.009,-97.798,8
39.957,-75.177,8
26.07,-80.156,8
32.647,-97.028,8
28.37,-81.522,8
32.824,-96.792,8
33.76,-117.929,8
30.153,-95.384,8
29.702,-95.593,8
38.593,-121.537,8
29.956,-95.545,8
33.009,-96.76,8
32.816,-97.147,8
25.658,-80.341,8
39.424,-77.461,8
25.66,-100.368,8
29.683,-95.305,8
34.19,-118.558,8
38.584,-121.247,8
29.696,-95.809,8
39.961,-75.153,8
38.583,-90.448,8
39.962,-75.24,8
30.072,-95.509,8
29.957,-95.395,8
39.395,-76.345,8
25.868,-80.242,8
28.589,-81.362,8
29.68,-95.582,8
25.811,-80.189,8
33.981,-118.31,8
25.812,-80.394,8
39.97,-75.215,8
39.971,-75.167,8
32.812,-97.207,8
25.749,-80.261,8
26.089,-80.29,8
32.811,-96.612,8
32.811,-96.84,8
25.73,-80.294,8
29.855,-95.354,8
32.81,-96.973,8
32.809,-96.737,8
29.758,-95.369,8
39.385,-76.734,8
25.706,-80.301,8
25.525,-80.426,8
34.2,-118.432,8
33.896,-118.24,8
25.662,-80.389,8
39.995,-75.755,8
29.857,-95.692,8
28.358,-81.308,8
30.049,-95.225,8
29.857,-95.655,8
25.78,-80.325,8
29.757,-95.296,8
33.021,-96.929,8
29.525,-98.496,8
10.385,-75.491,8
26.612,-80.052,8
25.727,-80.243,8
32.806,-96.791,8
27.636,-80.516,8
29.757,-95.78,8
26.093,-80.193,8
28.596,-81.245,8
27.608,-82.499,8
40.618,-73.987,8
39.374,-76.481,8
37.661,-122.479,8
34.201,-118.497,8
40.016,-105.092,8
28.355,-81.418,8
25.742,-80.441,8
29.859,-95.855,8
39.358,-76.699,8
37.687,-121.896,8
29.859,-95.709,8
38.578,-121.49,8
33.025,-96.996,8
29.961,-95.562,8
29.859,-95.708,8
39.352,-76.622,8
32.805,-97.054,8
33.721,-112.169,8
29.963,-95.476,8
28.351,-81.384,8
29.668,-95.511,8
25.511,-80.422,8
25.51,-80.406,8
29.859,-95.597,8
38.575,-90.445,8
25.94,-80.311,8
33.032,-96.869,8
28.349,-81.235,8
26.097,-80.275,8
39.328,-76.504,8
25.667,-80.31,8
25.506,-80.482,8
29.963,-95.172,8
25.668,-100.285,8
33.971,-118.451,8
39.317,-77.077,8
27.446,-80.336,8
25.757,-80.445,8
32.632,-96.951,8
26.65,-80.091,8
25.668,-80.442,8
28.345,-81.285,8
29.861,-95.132,8
28.344,-81.393,8
25.504,-80.447,8
33.04,-97.475,8
32.797,-96.789,8
30.323,-95.194,8
33.04,-96.788,8
39.294,-77.202,8
29.753,-95.352,8
29.862,-95.677,8
26.104,-80.414,8
25.765,-80.362,8
25.501,-80.425,8
25.741,-80.268,8
25.75,-80.326,8
26.104,-80.188,8
33.044,-96.837,8
26.105,-80.255,8
29.753,-95.572,8
28.341,-81.381,8
28.341,-81.389,8
29.863,-95.726,8
29.753,-95.573,8
29.863,-95.623,8
40.706,-74.009,8
32.617,-97.396,8
29.753,-95.74,8
25.499,-80.412,8
30.078,-95.27,8
39.279,-77.205,8
34.217,-118.358,8
26.358,-80.192,8
33.045,-96.977,8
33.046,-97.002,8
40.604,-75.47,8
33.046,-96.962,8
33.046,-96.884,8
40.834,-74.443,8
25.933,-80.153,8
25.779,-80.341,8
32.794,-96.975,8
25.814,-80.222,8
33.963,-118.369,8
32.792,-96.751,8
25.932,-80.155,8
29.581,-95.239,8
26.277,-80.141,8
29.866,-95.406,8
37.76,-122.501,8
29.866,-95.185,8
25.758,-80.194,8
26.116,-80.323,8
28.624,-81.541,8
32.786,-96.575,8
25.778,-80.354,8
29.751,-95.383,8
25.814,-80.128,8
32.606,-97.08,8
39.266,-77.218,8
26.602,-80.067,8
28.628,-81.319,8
38.741,-77.095,8
25.75,-80.228,8
39.052,-94.57,8
28.335,-81.429,8
29.868,-95.83,8
32.786,-97.064,8
28.334,-81.642,8
25.732,-80.16,8
26.118,-80.18,8
26.46,-80.111,8
40.614,-73.993,8
33.058,-96.688,8
26.362,-80.109,8
27.364,-82.419,8
29.709,-95.644,8
25.93,-80.203,8
25.672,-80.366,8
38.559,-121.741,8
32.785,-96.967,8
40.423,-74.231,8
25.778,-80.415,8
25.777,-80.189,8
33.957,-118.106,8
29.749,-95.499,8
26.458,-80.139,8
40.448,-76.459,8
29.749,-95.788,8
29.971,-95.653,8
28.644,-80.718,8
40.45,-74.377,8
30.157,-95.156,8
27.321,-80.355,8
28.329,-81.405,8
34.24,-118.503,8
25.816,-80.382,8
29.748,-95.45,8
25.674,-80.363,8
26.12,-80.105,8
29.87,-95.649,8
30.16,-95.191,8
30.258,-95.714,8
32.781,-97.079,8
38.747,-90.541,8
29.747,-95.333,8
26.121,-80.139,8
32.78,-96.786,8
34.243,-118.412,8
39.046,-77.083,8
37.792,-122.4,8
25.929,-80.189,8
28.653,-81.414,8
33.956,-118.374,8
26.286,-80.292,8
29.747,-95.369,8
25.929,-80.319,8
29.872,-95.671,8
26.124,-80.259,8
30.035,-95.182,8
29.873,-95.682,8
32.779,-96.799,8
29.875,-95.764,8
25.777,-80.337,8
28.658,-105.973,8
29.671,-95.105,8
25.928,-80.161,8
39.219,-77.284,8
37.811,-122.294,8
30.257,-95.506,8
26.659,-80.055,8
30.255,-95.074,8
25.928,-80.196,8
25.777,-80.394,8
29.676,-95.64,8
40.576,-75.39,8
26.294,-80.184,8
38.933,-77.073,8
32.778,-97.093,8
33.07,-96.704,8
25.739,-80.336,8
26.127,-80.137,8
26.128,-80.28,8
25.861,-80.126,8
29.676,-95.643,8
38.552,-75.328,8
25.714,-80.405,8
25.927,-80.171,8
29.877,-95.614,8
26.129,-80.141,8
32.776,-96.782,8
32.577,-97.318,8
29.877,-95.139,8
33.955,-118.415,8
39.033,-77.074,8
37.846,-122.292,8
33.078,-96.667,8
40.738,-73.614,8
29.744,-95.325,8
33.746,-118.284,8
40.594,-73.792,8
29.878,-95.65,8
39.197,-76.888,8
26.132,-80.255,8
26.132,-80.203,8
29.744,-95.471,8
25.776,-80.35,8
33.082,-96.826,8
29.879,-95.654,8
39.19,-77.244,8
33.085,-96.671,8
25.776,-80.351,8
25.73,-80.324,8
32.774,-96.863,8
25.776,-80.353,8
29.88,-95.74,8
32.772,-96.705,8
30.163,-95.081,8
40.739,-73.795,8
29.743,-95.345,8
26.136,-80.23,8
29.977,-95.599,8
26.136,-80.156,8
25.923,-80.265,8
30.086,-81.498,8
32.769,-96.9,8
25.682,-80.442,8
25.923,-80.285,8
26.138,-80.111,8
34.27,-118.696,8
33.948,-118.054,8
29.743,-95.614,8
29.627,-95.267,8
33.1,-96.881,8
33.947,-118.247,8
28.297,-81.662,8
28.294,-81.204,8
28.294,-81.208,8
28.292,-81.408,8
33.945,-118.033,8
34.272,-118.778,8
26.144,-80.139,8
29.742,-95.409,8
29.884,-95.381,8
25.683,-80.319,8
29.519,-95.75,8
29.686,-95.667,8
34.282,-118.874,8
32.755,-96.983,8
25.751,-80.246,8
29.998,-95.43,8
39.178,-77.242,8
28.278,-81.331,8
25.841,-80.375,8
33.945,-118.166,8
29.977,-95.44,8
29.621,-95.285,8
25.861,-80.317,8
25.921,-80.357,8
39.173,-77.256,8
25.685,-80.416,8
29.741,-95.537,8
25.92,-80.26,8
32.754,-96.905,8
26.149,-80.246,8
29.621,-95.57,8
39.03,-84.563,8
25.919,-80.362,8
25.685,-80.312,8
25.751,-80.241,8
40.699,-73.911,8
33.115,-96.674,8
25.86,-80.179,8
29.634,-95.358,8
29.889,-95.211,8
25.917,-80.187,8
25.686,-80.433,8
27.275,-80.396,8
25.686,-80.432,8
32.752,-97.364,8
15.507,-88.033,8
29.74,-95.782,8
32.538,-96.738,8
32.75,-96.857,8
28.26,-81.341,8
32.75,-96.978,8
29.892,-95.216,8
29.978,-95.196,8
28.259,-81.457,8
32.75,-97.449,8
29.636,-95.514,8
33.939,-84.522,8
40.643,-74.333,8
25.821,-80.262,8
25.773,-80.255,8
25.773,-80.265,8
39.167,-77.279,8
28.254,-81.262,8
25.762,-80.268,8
29.738,-95.133,8
30.095,-95.663,8
28.254,-81.316,8
25.773,-80.337,8
33.938,-118.212,8
30.166,-95.443,8
25.913,-80.331,8
25.913,-80.354,8
29.894,-95.424,8
30.027,-95.413,8
25.912,-80.221,8
32.745,-97.004,8
29.894,-95.412,8
25.762,-80.374,8
32.744,-97.035,8
33.144,-97.067,8
28.806,-81.355,8
28.252,-81.337,8
26.311,-80.143,8
29.738,-95.937,8
33.794,-117.941,8
29.895,-95.585,8
25.717,-80.346,8
29.897,-95.407,8
25.729,-80.358,8
33.147,-96.776,8
29.898,-95.735,8
33.935,-84.335,8
25.822,-80.122,8
34.719,-80.774,8
34.744,-92.273,8
40.666,-75.272,8
33.933,-118.216,8
25.772,-80.245,8
26.173,-80.146,8
39.159,-77.204,8
30.027,-95.585,8
25.823,-80.361,8
29.67,-95.59,8
27.256,-80.377,8
25.761,-80.19,8
30.026,-95.425,8
39.159,-77.221,8
25.463,-80.461,8
29.901,-95.596,8
29.638,-95.386,8
29.614,-82.44,8
38.374,-121.553,8
26.674,-80.668,8
32.459,-80.803,8
32.738,-96.289,8
29.736,-95.517,8
25.823,-80.278,8
35.001,-90.04,8
25.687,-80.32,8
32.455,-96.933,8
25.688,-80.425,8
32.737,-97.118,8
38.203,-122.296,8
35.067,-90.008,8
33.871,-84.255,8
33.172,-96.487,8
39.151,-76.84,8
38.922,-77.505,8
25.688,-80.306,8
32.736,-96.637,8
26.371,-80.194,8
29.67,-95.571,8
33.178,-96.637,8
25.902,-80.175,8
29.904,-95.685,8
32.404,-97.321,8
29.639,-95.357,8
37.932,-122.016,8
28.225,-81.651,8
33.18,-96.498,8
29.735,-95.465,8
29.904,-95.332,8
32.282,-96.554,8
10.267,-67.592,8
35.116,-80.909,8
33.192,-117.359,8
29.515,-95.443,8
32.735,-97.105,8
25.719,-80.408,8
40.753,-73.876,8
32.735,-97.296,8
29.641,-95.532,8
32.734,-96.854,8
29.906,-95.632,8
33.929,-118.352,8
40.776,-73.956,8
32.253,-97.393,8
29.734,-95.306,8
33.196,-96.511,8
25.876,-80.336,8
25.899,-80.148,8
25.771,-80.216,8
25.69,-80.447,8
32.733,-97.413,8
28.983,-81.299,8
25.825,-80.371,8
30.167,-95.472,8
29.985,-95.423,8
29.644,-95.575,8
29.734,-95.468,8
29.908,-95.685,8
25.897,-80.124,8
32.113,-110.903,8
32.732,-97.519,8
30.167,-95.461,8
33.924,-118.121,8
25.897,-80.25,8
29.909,-95.626,8
25.771,-80.227,8
28.195,-81.647,8
25.732,-80.374,8
29.645,-95.838,8
26.729,-80.117,8
33.218,-96.877,8
25.896,-80.161,8
32.731,-97.121,8
25.69,-80.402,8
25.853,-80.181,8
25.771,-80.28,8
25.896,-80.212,8
25.896,-80.215,8
26.191,-80.254,8
28.19,-82.436,8
32.73,-97.413,8
25.72,-80.443,8
26.319,-81.817,8
25.721,-80.374,8
25.896,-80.337,8
26.192,-80.174,8
37.938,-122.361,8
32.726,-96.71,8
29.079,-95.761,8
30.023,-95.554,8
35.194,-89.838,8
29.915,-95.439,8
29.103,-81.036,8
33.227,-96.865,8
26.321,-80.283,8
29.706,-95.923,8
29.481,-95.096,8
30.109,-95.362,8
29.675,-95.508,8
26.199,-80.11,8
29.127,-82.053,8
25.87,-80.204,8
29.731,-95.57,8
25.77,-80.213,8
31.568,-97.131,8
32.722,-97.058,8
29.706,-95.659,8
40.645,-73.999,8
33.239,-96.89,8
26.682,-80.116,8
29.58,-95.387,8
33.248,-117.311,8
29.65,-95.166,8
25.841,-80.291,8
25.691,-80.378,8
29.919,-95.648,8
38.984,-77.099,8
26.201,-80.167,8
30.774,-83.298,8
35.226,-80.843,8
39.137,-77.179,8
29.188,-81.071,8
29.986,-95.338,8
29.557,-95.34,8
26.203,-80.212,8
28.077,-81.988,8
39.137,-94.697,8
29.921,-95.171,8
38.802,-77.072,8
25.892,-80.214,8
38.979,-94.461,8
25.692,-80.443,8
25.891,-80.221,8
25.77,-80.277,8
33.828,-118.314,8
33.285,-96.637,8
26.207,-80.293,8
25.692,-80.387,8
29.922,-95.437,8
29.728,-95.486,8
25.77,-80.279,8
29.701,-95.395,8
26.207,-80.205,8
32.715,-96.838,8
25.827,-80.276,8
38.973,-77.014,8
29.923,-95.503,8
29.243,-95.704,8
29.495,-95.452,8
29.654,-95.567,8
29.728,-95.652,8
32.712,-96.474,8
29.924,-95.447,8
32.709,-96.873,8
38.904,-77.01,8
33.3,-96.798,8
29.727,-95.914,8
29.655,-95.571,8
29.578,-95.256,8
32.709,-97.024,8
33.315,-111.804,8
29.601,-95.561,8
38.345,-90.161,8
33.82,-84.357,8
32.708,-96.637,8
25.874,-80.194,8
29.925,-95.509,8
39.125,-77.203,8
30.535,-97.634,8
29.926,-95.165,8
33.916,-84.165,8
29.679,-95.298,8
30.125,-95.589,8
29.991,-95.724,8
35.418,-86.015,8
32.707,-96.761,8
33.916,-117.487,8
25.859,-80.125,8
33.451,-112.084,8
28.029,-82.523,8
28.028,-82.579,8
26.4,-80.121,8
33.453,-112.02,8
25.888,-80.329,8
30.169,-95.419,8
25.888,-80.367,8
29.684,-95.641,8
25.769,-80.359,8
25.887,-80.161,8
26.692,-80.204,8
26.219,-80.235,8
29.659,-95.609,8
32.703,-96.639,8
25.768,-80.192,8
25.829,-80.271,8
33.496,-112.074,8
25.592,-80.315,8
25.593,-80.478,8
34.041,-117.617,8
28.496,-81.454,8
35.944,-86.816,8
32.928,-96.786,8
29.79,-95.729,8
25.865,-80.299,8
32.701,-96.639,8
28.002,-82.288,8
28.493,-81.232,8
25.989,-80.293,8
34.041,-118.255,8
34.04,-117.706,8
29.789,-95.808,8
29.789,-95.942,8
32.922,-96.652,8
29.659,-95.56,8
25.989,-80.144,8
29.79,-95.571,8
29.788,-95.2,8
29.79,-95.42,8
28.492,-81.536,8
25.99,-80.136,8
33.779,-117.229,8
29.659,-95.27,8
29.791,-95.71,8
29.788,-95.55,8
32.918,-97.083,8
29.788,-95.596,8
30.233,-95.16,8
25.798,-80.128,8
34.052,-118.302,8
34.039,-118.358,8
34.038,-83.946,8
36.048,-86.738,8
28.503,-81.408,8
25.768,-80.236,8
25.985,-80.387,8
25.991,-80.147,8
29.787,-95.176,8
32.915,-96.701,8
32.913,-96.461,8
32.913,-96.901,8
38.96,-77.1,8
32.932,-96.961,8
34.055,-118.438,8
9.341,-79.872,8
32.911,-96.722,8
27.995,-82.579,8
25.983,-80.146,8
27.994,-82.372,8
25.983,-80.179,8
39.746,-104.978,8
36.14,-86.754,8
33.556,-117.678,8
28.482,-81.312,8
33.558,-111.886,8
32.936,-97.422,8
26.337,-80.077,8
25.983,-80.34,8
26.23,-80.116,8
33.781,-118.194,8
36.152,-86.639,8
25.997,-80.351,8
25.597,-80.36,8
32.936,-97.115,8
34.057,-118.424,8
33.848,-118.13,8
34.057,-118.304,8
25.998,-80.259,8
32.907,-97.038,8
29.795,-95.781,8
38.92,-77.221,8
29.795,-95.747,8
29.795,-95.712,8
9.601,-69.211,8
32.906,-96.457,8
25.849,-80.145,8
25.982,-80.302,8
25.981,-80.148,8
40.601,-74.0,8
26.376,-80.157,8
25.795,-80.129,8
39.116,-94.657,8
29.722,-95.81,8
29.796,-95.447,8
25.795,-80.145,8
40.838,-73.829,8
34.062,-118.342,8
30.019,-95.434,8
32.939,-96.815,8
39.738,-104.876,8
26.694,-80.083,8
25.581,-80.37,8
30.004,-95.783,8
25.802,-80.264,8
29.796,-95.135,8
29.797,-95.466,8
29.799,-95.821,8
26.005,-80.19,8
32.689,-96.999,8
40.725,-74.071,8
29.785,-95.734,8
29.937,-95.401,8
25.794,-80.195,8
40.628,-73.748,8
28.469,-81.368,8
34.033,-117.742,8
32.895,-96.476,8
25.606,-80.428,8
28.468,-81.389,8
39.732,-105.158,8
29.992,-95.744,8
26.007,-80.164,8
32.94,-96.839,8
32.94,-96.533,8
28.465,-81.705,8
25.734,-80.34,8
34.068,-117.415,8
28.463,-81.377,8
25.977,-80.129,8
29.805,-82.501,8
26.009,-80.284,8
29.807,-95.814,8
29.784,-95.576,8
25.612,-80.384,8
34.071,-118.344,8
28.458,-81.268,8
25.859,-80.248,8
29.808,-95.442,8
32.945,-97.119,8
28.518,-81.364,8
40.664,-74.213,8
32.888,-96.476,8
29.596,-95.629,8
29.721,-95.482,8
33.913,-118.13,8
28.458,-81.497,8
29.992,-95.195,8
25.614,-80.416,8
26.01,-80.15,8
25.976,-80.332,8
40.692,-73.904,8
28.454,-81.57,8
34.078,-118.389,8
29.81,-95.383,8
36.176,-86.514,8
25.975,-80.31,8
26.339,-80.19,8
32.684,-96.915,8
40.725,-73.886,8
33.601,-117.181,8
25.578,-80.353,8
29.81,-95.239,8
25.616,-80.428,8
39.711,-104.925,8
28.452,-81.399,8
27.969,-82.83,8
28.452,-81.423,8
34.025,-118.256,8
28.45,-81.471,8
34.025,-118.353,8
34.081,-117.896,8
33.888,-118.013,8
29.812,-95.429,8
32.683,-97.027,8
29.813,-95.695,8
33.877,-118.219,8
29.425,-98.492,8
38.915,-94.67,8
34.086,-118.219,8
26.014,-80.186,8
26.238,-80.205,8
25.791,-80.129,8
25.791,-80.194,8
25.791,-80.211,8
30.39,-86.409,8
39.707,-104.824,8
28.527,-81.284,8
27.952,-82.462,8
29.814,-95.709,8
25.791,-80.217,8
25.576,-80.38,8
29.781,-95.797,8
26.016,-80.116,8
29.69,-95.278,8
25.843,-80.12,8
25.759,-80.192,8
26.017,-80.252,8
40.755,-73.887,8
27.951,-82.476,8
25.624,-80.427,8
32.68,-96.908,8
29.78,-95.221,8
32.87,-96.919,8
29.942,-95.452,8
33.63,-96.607,8
28.53,-81.22,8
32.869,-96.996,8
29.815,-95.196,8
34.095,-118.329,8
39.699,-104.876,8
32.956,-96.382,8
32.958,-97.048,8
29.942,-95.392,8
26.019,-80.18,8
29.942,-95.336,8
39.697,-104.83,8
25.883,-80.323,8
34.022,-118.164,8
26.241,-80.247,8
25.79,-80.222,8
40.646,-73.957,8
28.433,-81.239,8
26.021,-80.227,8
28.432,-81.238,8
32.866,-97.265,8
30.132,-95.547,8
25.755,-80.195,8
29.817,-95.302,8
29.817,-95.191,8
29.779,-95.8,8
29.779,-95.855,8
29.819,-95.743,8
39.105,-76.933,8
30.385,-86.381,8
32.962,-96.769,8
30.201,-95.737,8
32.865,-97.206,8
25.967,-80.128,8
29.993,-95.405,8
36.332,-86.587,8
32.963,-96.817,8
29.819,-95.348,8
32.964,-96.822,8
39.694,-104.865,8
29.718,-95.499,8
25.847,-80.316,8
29.777,-95.419,8
26.023,-80.127,8
34.105,-117.389,8
32.673,-96.703,8
29.821,-95.806,8
33.805,-118.348,8
39.832,-104.772,8
29.821,-95.789,8
25.628,-80.451,8
29.718,-95.546,8
33.844,-117.91,8
28.541,-81.462,8
29.821,-95.513,8
25.628,-80.393,8
33.911,-118.362,8
29.665,-95.522,8
32.965,-80.044,8
40.74,-73.921,8
36.365,-86.535,8
25.965,-80.268,8
32.669,-96.747,8
33.647,-112.083,8
30.001,-95.744,8
30.134,-95.229,8
32.861,-97.161,8
29.822,-95.812,8
39.837,-75.442,8
29.549,-95.152,8
29.775,-95.69,8
29.775,-95.692,8
25.964,-80.21,8
38.466,-121.444,8
25.789,-80.31,8
26.342,-80.094,8
32.668,-97.059,8
34.017,-118.471,8
29.707,-95.398,8
39.685,-104.881,8
25.963,-80.169,8
29.823,-95.459,8
27.888,-82.494,8
26.027,-80.282,8
30.135,-95.315,8
34.112,-118.256,8
33.852,-117.956,8
34.016,-84.327,8
33.909,-84.181,8
30.355,-95.538,8
26.027,-80.207,8
32.971,-96.664,8
33.665,-117.189,8
28.548,-81.615,8
29.682,-95.509,8
25.754,-80.224,8
40.802,-74.165,8
25.849,-80.299,8
32.973,-96.718,8
25.807,-80.284,8
33.876,-118.309,8
34.118,-118.019,8
25.867,-80.347,8
32.975,-97.282,8
25.807,-80.187,8
25.96,-80.149,8
28.418,-81.208,8
32.857,-96.952,8
28.549,-81.339,8
39.869,-105.016,8
33.674,-117.916,8
29.773,-95.366,8
32.978,-117.087,8
28.418,-81.581,8
25.766,-80.199,8
33.865,-118.326,8
10.998,-74.816,8
39.681,-105.017,8
25.959,-80.138,8
40.691,-73.996,8
28.551,-81.481,8
25.63,-80.425,8
34.01,-117.912,8
34.135,-118.007,8
29.714,-95.215,8
25.788,-80.332,8
29.772,-95.319,8
28.552,-81.732,8
28.552,-81.64,8
32.851,-96.761,8
26.033,-80.216,8
28.414,-81.477,8
25.701,-80.441,8
39.888,-105.003,8
25.808,-80.331,8
29.591,-95.444,8
33.674,-117.746,8
30.348,-95.48,8
36.376,-86.454,8
33.866,-118.037,8
25.632,-80.451,8
38.914,-94.721,8
40.727,-74.146,8
39.68,-104.942,8
34.007,-117.891,8
29.83,-95.706,8
25.808,-80.269,8
32.984,-96.854,8
28.412,-81.425,8
40.747,-73.826,8
40.747,-73.711,8
32.848,-97.2,8
30.015,-95.736,8
32.848,-97.303,8
40.748,-73.957,8
29.831,-95.542,8
26.037,-80.176,8
29.771,-95.602,8
34.147,-118.255,8
26.348,-80.151,8
39.677,-105.071,8
27.871,-82.517,8
28.556,-81.268,8
39.675,-104.84,8
32.988,-97.012,8
25.955,-80.342,8
34.006,-118.419,8
29.832,-95.57,8
33.878,-117.531,8
29.833,-95.481,8
28.557,-81.276,8
29.834,-95.719,8
10.413,-75.528,8
39.91,-104.99,8
32.662,-97.073,8
29.477,-95.079,8
34.149,-118.468,8
33.853,-117.964,8
29.769,-95.25,8
25.637,-80.415,8
29.769,-95.356,8
39.914,-104.996,8
28.399,-81.402,8
32.99,-96.925,8
34.151,-118.659,8
34.151,-118.138,8
39.669,-104.889,8
40.649,-74.007,8
29.769,-95.695,8
32.99,-96.575,8
40.759,-73.864,8
26.044,-80.26,8
25.809,-80.369,8
25.702,-80.35,8
34.003,-118.309,8
39.934,-75.142,8
32.993,-96.281,8
30.061,-95.266,8
41.879,-87.814,8
42.71,-84.546,8
41.793,-85.45,8
41.938,-87.824,8
41.813,-87.763,8
42.836,-86.121,8
42.157,-71.017,8
41.717,-88.315,8
42.166,-71.063,8
41.548,-73.087,8
41.898,-87.623,8
42.045,-87.68,8
42.894,-85.688,8
41.764,-88.205,8
42.877,-85.706,8
42.892,-85.857,8
42.002,-88.16,8
42.33,-71.097,8
42.952,-85.707,8
42.896,-85.682,8
41.632,-72.443,8
42.316,-83.23,8
42.91,-85.728,8
40.914,-74.033,8
42.545,-83.378,8
42.06,-88.031,8
41.929,-87.772,8
41.968,-87.781,8
43.702,-79.449,8
42.012,-88.161,8
42.419,-71.048,8
41.9,-71.092,8
42.275,-83.293,8
42.372,-83.468,8
42.334,-83.176,8
41.909,-87.803,8
41.984,-87.714,8
41.958,-87.809,8
42.93,-85.671,8
42.111,-88.046,8
42.362,-83.061,8
41.925,-87.809,8
42.02,-88.27,8
42.322,-83.173,8
42.039,-71.244,8
41.806,-88.127,8
40.963,-73.857,8
42.321,-83.294,8
41.937,-87.743,8
42.758,-71.221,8
40.894,-73.859,8
42.355,-71.061,8
42.035,-87.682,8
42.346,-71.089,8
41.48,-90.583,8
42.349,-83.192,8
42.318,-83.334,8
42.991,-85.645,8
42.089,-87.862,8
42.065,-87.936,8
41.716,-72.764,8
41.874,-87.775,8
42.115,-87.93,8
40.954,-73.837,8
41.765,-87.683,8
42.038,-87.896,8
53.142,23.194,8
41.857,-88.276,8
41.94,-87.719,8
42.042,-88.057,8
42.357,-88.062,8
42.465,-83.522,7
42.961,-85.754,7
41.902,-87.715,7
41.928,-87.807,7
41.753,-73.841,7
42.035,-87.696,7
51.508,-0.128,7
42.99,-85.659,7
41.759,-88.324,7
42.911,-85.571,7
42.903,-85.677,7
41.781,-71.098,7
41.853,-87.678,7
41.989,-87.693,7
42.391,-71.146,7
46.22,-119.224,7
42.578,-83.313,7
42.405,-71.068,7
42.525,-83.453,7
42.574,-83.329,7
42.964,-85.673,7
42.527,-70.994,7
42.902,-85.697,7
41.967,-87.806,7
41.608,-70.933,7
42.518,-83.377,7
55.66,37.412,7
41.169,-73.192,7
42.531,-83.576,7
43.015,-85.628,7
42.054,-87.84,7
42.129,-87.907,7
41.897,-87.634,7
41.939,-87.753,7
45.536,-122.936,7
42.839,-85.603,7
42.966,-85.669,7
42.034,-87.698,7
40.935,-73.904,7
42.911,-85.764,7
41.626,-75.643,7
49.434,7.764,7
42.836,-80.31,7
42.632,-83.318,7
43.036,-85.618,7
41.56,-87.781,7
42.271,-71.105,7
42.058,-87.74,7
43.044,-85.584,7
41.812,-87.689,7
42.071,-88.206,7
42.01,-88.214,7
41.033,-73.781,7
41.571,-88.144,7
41.949,-88.048,7
42.009,-87.768,7
42.05,-87.683,7
42.506,-83.086,7
41.961,-87.7,7
42.323,-87.848,7
41.594,-87.482,7
42.403,-83.095,7
42.245,-70.995,7
42.249,-83.579,7
42.004,-87.694,7
42.666,-85.636,7
41.75,-88.212,7
42.473,-71.409,7
41.673,-88.354,7
42.883,-85.637,7
41.557,-88.152,7
42.917,-85.648,7
42.104,-88.348,7
42.539,-83.407,7
42.105,-87.799,7
41.977,-87.844,7
42.334,-83.298,7
41.909,-87.753,7
41.95,-87.765,7
42.328,-83.226,7
41.979,-87.907,7
42.951,-85.687,7
41.805,-87.727,7
42.981,-85.688,7
47.34,-122.291,7
42.05,-87.737,7
42.06,-88.134,7
42.805,-86.159,7
42.984,-85.611,7
40.889,-74.383,7
-22.903,-47.048,7
-12.082,-76.928,7
-0.315,-78.48,7
4.704,-74.029,7
4.915,-74.098,7
10.38,-75.478,7
10.388,-75.478,7
10.389,-75.489,7
10.404,-75.553,7
10.698,-71.613,7
13.655,-89.257,7
21.176,-86.82,7
25.449,-80.47,7
25.452,-80.495,7
25.459,-80.484,7
25.467,-80.434,7
25.479,-80.426,7
25.482,-80.485,7
25.485,-80.426,7
25.497,-80.426,7
25.52,-80.427,7
25.521,-80.428,7
25.524,-80.426,7
25.541,-80.398,7
25.549,-80.401,7
25.556,-80.402,7
25.571,-80.361,7
25.583,-80.369,7
25.585,-80.389,7
25.587,-80.36,7
25.589,-80.386,7
25.591,-80.478,7
25.592,-80.348,7
25.598,-80.414,7
25.607,-80.42,7
25.621,-80.414,7
25.626,-80.413,7
25.627,-80.415,7
25.629,-80.397,7
25.629,-80.388,7
25.63,-80.416,7
25.63,-80.352,7
25.635,-80.391,7
25.639,-80.42,7
25.64,-80.448,7
25.641,-80.414,7
25.654,-80.311,7
25.661,-80.433,7
25.663,-80.453,7
25.671,-80.357,7
25.674,-80.312,7
25.682,-80.445,7
25.683,-80.467,7
25.687,-80.37,7
25.688,-80.393,7
25.688,-80.381,7
25.689,-80.385,7
25.689,-80.29,7
25.69,-80.445,7
25.693,-80.401,7
25.693,-80.385,7
25.699,-80.446,7
25.699,-80.366,7
25.701,-80.431,7
25.702,-80.462,7
25.702,-80.366,7
25.702,-80.276,7
25.707,-80.425,7
25.729,-80.325,7
25.73,-80.348,7
25.731,-80.348,7
25.731,-80.325,7
25.732,-80.259,7
25.733,-80.347,7
25.735,-80.383,7
25.737,-80.256,7
25.738,-80.246,7
25.741,-80.37,7
25.741,-80.236,7
25.746,-80.3,7
25.749,-80.252,7
25.75,-80.261,7
25.75,-80.215,7
25.752,-80.416,7
25.752,-80.333,7
25.752,-80.26,7
25.753,-80.39,7
25.753,-80.362,7
25.756,-80.41,7
25.756,-80.373,7
25.757,-80.353,7
25.758,-80.373,7
25.758,-80.372,7
25.76,-80.408,7
25.76,-80.189,7
25.761,-80.371,7
25.761,-80.314,7
25.762,-80.369,7
25.762,-80.191,7
25.763,-80.35,7
25.763,-80.261,7
25.764,-80.369,7
25.764,-80.36,7
25.766,-80.383,7
25.766,-80.372,7
25.767,-80.339,7
25.767,-80.204,7
25.768,-80.19,7
25.769,-80.276,7
25.769,-80.222,7
25.771,-80.296,7
25.771,-80.211,7
25.771,-80.202,7
25.772,-80.206,7
25.773,-80.341,7
25.775,-80.22,7
25.775,-80.216,7
25.776,-80.375,7
25.776,-80.293,7
25.776,-80.243,7
25.777,-80.325,7
25.777,-80.311,7
25.777,-80.142,7
25.778,-80.272,7
25.779,-80.333,7
25.779,-80.194,7
25.78,-80.376,7
25.78,-80.352,7
25.78,-80.229,7
25.781,-80.312,7
25.781,-80.213,7
25.782,-80.197,7
25.783,-80.384,7
25.783,-80.216,7
25.784,-80.301,7
25.784,-80.263,7
25.785,-80.337,7
25.785,-80.24,7
25.786,-80.145,7
25.787,-80.221,7
25.787,-80.211,7
25.787,-80.196,7
25.789,-80.19,7
25.789,-80.142,7
25.791,-80.367,7
25.792,-80.388,7
25.792,-80.136,7
25.794,-80.279,7
25.795,-80.202,7
25.796,-80.325,7
25.797,-80.228,7
25.798,-80.201,7
25.8,-80.238,7
25.801,-80.192,7
25.809,-80.367,7
25.809,-80.242,7
25.811,-80.233,7
25.812,-80.307,7
25.814,-80.353,7
25.814,-80.187,7
25.815,-80.26,7
25.82,-80.345,7
25.822,-80.385,7
25.823,-80.126,7
25.825,-80.201,7
25.829,-80.258,7
25.83,-80.363,7
25.831,-80.221,7
25.84,-80.384,7
25.84,-80.383,7
25.847,-80.38,7
25.848,-80.173,7
25.849,-80.313,7
25.85,-80.141,7
25.852,-80.142,7
25.853,-80.365,7
25.854,-80.376,7
25.857,-80.185,7
25.859,-80.29,7
25.861,-80.275,7
25.861,-80.205,7
25.864,-80.273,7
25.865,-80.225,7
25.867,-80.312,7
25.869,-80.331,7
25.872,-80.331,7
25.877,-80.341,7
25.879,-80.325,7
25.883,-80.38,7
25.885,-80.324,7
25.885,-80.201,7
25.89,-80.272,7
25.89,-80.199,7
25.89,-80.162,7
25.89,-80.131,7
25.894,-80.177,7
25.902,-80.354,7
25.903,-80.334,7
25.906,-80.21,7
25.907,-80.351,7
25.908,-80.332,7
25.91,-80.241,7
25.912,-80.21,7
25.918,-80.168,7
25.92,-80.229,7
25.926,-80.156,7
25.928,-80.189,7
25.93,-80.35,7
25.932,-80.153,7
25.936,-80.121,7
25.945,-80.12,7
25.952,-80.265,7
25.953,-80.202,7
25.954,-80.179,7
25.957,-80.355,7
25.962,-80.146,7
25.966,-80.226,7
25.974,-80.144,7
25.979,-80.21,7
25.979,-80.168,7
25.979,-80.161,7
25.981,-80.235,7
25.984,-80.14,7
25.986,-80.205,7
25.987,-80.216,7
25.988,-80.154,7
25.995,-80.304,7
25.995,-80.282,7
26.002,-80.145,7
26.011,-80.147,7
26.012,-80.379,7
26.013,-80.374,7
26.013,-80.152,7
26.015,-80.146,7
26.023,-80.259,7
26.029,-80.235,7
26.03,-80.294,7
26.04,-80.265,7
26.045,-80.235,7
26.048,-80.159,7
26.052,-80.137,7
26.054,-80.153,7
26.06,-80.185,7
26.06,-80.173,7
26.063,-80.281,7
26.064,-80.246,7
26.079,-80.167,7
26.083,-80.223,7
26.091,-80.222,7
26.092,-80.223,7
26.095,-80.17,7
26.096,-80.133,7
26.099,-80.378,7
26.102,-80.208,7
26.104,-80.254,7
26.105,-80.256,7
26.105,-80.129,7
26.109,-80.26,7
26.111,-80.338,7
26.111,-80.159,7
26.112,-80.308,7
26.118,-80.27,7
26.12,-80.13,7
26.126,-80.257,7
26.128,-80.26,7
26.129,-80.261,7
26.134,-80.138,7
26.15,-80.112,7
26.152,-80.324,7
26.172,-80.22,7
26.173,-80.27,7
26.189,-80.267,7
26.193,-81.745,7
26.197,-80.257,7
26.215,-80.271,7
26.216,-80.269,7
26.218,-80.188,7
26.234,-80.28,7
26.235,-80.222,7
26.25,-80.197,7
26.25,-80.093,7
26.251,-80.272,7
26.271,-80.112,7
26.273,-80.21,7
26.275,-80.193,7
26.298,-80.182,7
26.303,-80.112,7
26.306,-80.198,7
26.311,-80.223,7
26.315,-80.086,7
26.332,-80.233,7
26.333,-80.191,7
26.335,-80.073,7
26.349,-80.221,7
26.351,-80.079,7
26.353,-80.132,7
26.362,-80.152,7
26.366,-80.205,7
26.447,-80.086,7
26.448,-80.187,7
26.487,-80.147,7
26.557,-81.75,7
26.567,-80.051,7
26.573,-80.117,7
26.577,-81.78,7
26.616,-81.952,7
26.616,-81.586,7
26.616,-80.059,7
26.618,-80.149,7
26.621,-80.11,7
26.628,-80.064,7
26.647,-80.208,7
26.672,-80.075,7
26.695,-80.062,7
26.706,-80.239,7
26.707,-80.219,7
26.734,-80.053,7
26.757,-80.08,7
26.782,-80.108,7
26.813,-80.064,7
26.838,-80.093,7
26.846,-80.065,7
27.067,-82.105,7
27.16,-80.241,7
27.248,-80.273,7
27.256,-80.43,7
27.261,-80.426,7
27.368,-80.358,7
27.426,-80.331,7
27.856,-81.416,7
27.871,-82.64,7
27.929,-82.331,7
27.932,-82.507,7
27.985,-82.564,7
28.019,-82.113,7
28.065,-82.411,7
28.084,-82.648,7
28.116,-81.737,7
28.148,-81.473,7
28.188,-81.634,7
28.189,-81.653,7
28.218,-81.337,7
28.241,-81.264,7
28.259,-81.612,7
28.271,-81.228,7
28.279,-81.355,7
28.283,-81.367,7
28.286,-81.363,7
28.29,-81.413,7
28.297,-81.202,7
28.306,-81.443,7
28.313,-81.404,7
28.32,-81.406,7
28.335,-81.44,7
28.335,-81.424,7
28.353,-81.248,7
28.357,-81.31,7
28.366,-81.453,7
28.368,-81.382,7
28.369,-81.423,7
28.371,-81.281,7
28.375,-81.428,7
28.38,-81.258,7
28.382,-81.246,7
28.397,-81.485,7
28.397,-81.35,7
28.402,-81.535,7
28.412,-81.224,7
28.43,-81.618,7
28.433,-81.235,7
28.441,-81.489,7
28.458,-81.496,7
28.461,-81.332,7
28.463,-81.572,7
28.467,-81.305,7
28.47,-81.449,7
28.472,-81.411,7
28.479,-81.246,7
28.484,-81.467,7
28.484,-81.44,7
28.488,-81.39,7
28.492,-81.404,7
28.495,-81.374,7
28.506,-81.149,7
28.51,-81.473,7
28.51,-81.412,7
28.513,-81.36,7
28.523,-81.463,7
28.529,-81.463,7
28.546,-81.583,7
28.547,-81.369,7
28.55,-81.417,7
28.555,-81.196,7
28.561,-81.38,7
28.567,-81.327,7
28.568,-81.739,7
28.569,-81.45,7
28.596,-81.28,7
28.597,-81.4,7
28.601,-81.439,7
28.61,-81.49,7
28.614,-81.412,7
28.618,-81.473,7
28.622,-81.445,7
28.622,-81.304,7
28.634,-81.323,7
28.656,-81.526,7
28.66,-81.358,7
28.671,-81.406,7
28.698,-81.265,7
28.73,-81.313,7
28.8,-81.35,7
28.858,-81.296,7
28.884,-81.248,7
28.905,-81.176,7
29.12,-81.353,7
29.121,-81.006,7
29.152,-81.024,7
29.187,-81.057,7
29.422,-98.652,7
29.444,-95.447,7
29.444,-95.074,7
29.45,-95.08,7
29.485,-98.348,7
29.496,-95.76,7
29.499,-95.772,7
29.521,-95.122,7
29.534,-95.611,7
29.536,-95.533,7
29.536,-95.158,7
29.547,-95.337,7
29.553,-95.385,7
29.553,-81.227,7
29.573,-95.753,7
29.601,-95.286,7
29.603,-95.624,7
29.605,-95.262,7
29.626,-95.558,7
29.63,-95.418,7
29.637,-95.708,7
29.637,-95.623,7
29.638,-95.204,7
29.645,-95.208,7
29.646,-95.113,7
29.65,-95.507,7
29.651,-95.662,7
29.653,-82.335,7
29.666,-95.451,7
29.669,-95.658,7
29.672,-95.224,7
29.673,-95.565,7
29.676,-95.657,7
29.68,-95.114,7
29.68,-95.01,7
29.683,-95.559,7
29.685,-95.679,7
29.686,-95.603,7
29.686,-95.529,7
29.687,-95.462,7
29.688,-95.685,7
29.689,-95.758,7
29.689,-95.672,7
29.691,-95.823,7
29.691,-95.69,7
29.691,-95.579,7
29.692,-95.731,7
29.693,-95.763,7
29.693,-95.702,7
29.693,-95.311,7
29.694,-95.762,7
29.696,-95.61,7
29.698,-95.84,7
29.702,-95.752,7
29.704,-95.747,7
29.704,-95.566,7
29.706,-95.735,7
29.707,-95.478,7
29.708,-95.678,7
29.708,-95.569,7
29.709,-95.734,7
29.71,-95.397,7
29.714,-95.343,7
29.717,-95.498,7
29.718,-95.339,7
29.718,-95.258,7
29.719,-95.66,7
29.721,-95.6,7
29.721,-95.475,7
29.723,-95.649,7
29.723,-95.339,7
29.724,-95.419,7
29.724,-95.379,7
29.725,-95.655,7
29.727,-95.559,7
29.728,-94.983,7
29.732,-95.563,7
29.734,-95.432,7
29.734,-95.283,7
29.735,-95.763,7
29.735,-95.356,7
29.736,-95.876,7
29.736,-95.536,7
29.736,-95.429,7
29.737,-95.622,7
29.737,-95.486,7
29.738,-95.503,7
29.738,-95.408,7
29.741,-95.799,7
29.741,-95.634,7
29.742,-95.771,7
29.743,-95.5,7
29.744,-95.899,7
29.745,-95.568,7
29.745,-94.998,7
29.746,-95.792,7
29.748,-95.38,7
29.75,-95.46,7
29.752,-95.619,7
29.752,-95.496,7
29.752,-95.409,7
29.752,-95.378,7
29.752,-95.368,7
29.755,-95.804,7
29.757,-95.823,7
29.758,-95.398,7
29.759,-95.409,7
29.759,-95.349,7
29.76,-95.383,7
29.76,-95.362,7
29.761,-95.397,7
29.762,-95.84,7
29.763,-95.404,7
29.766,-95.501,7
29.771,-95.423,7
29.772,-95.527,7
29.772,-95.311,7
29.772,-95.207,7
29.777,-95.739,7
29.777,-95.439,7
29.779,-95.763,7
29.78,-95.541,7
29.78,-95.382,7
29.782,-95.903,7
29.782,-95.542,7
29.784,-95.567,7
29.784,-95.562,7
29.786,-95.699,7
29.787,-95.792,7
29.787,-95.444,7
29.788,-95.783,7
29.789,-95.617,7
29.79,-95.705,7
29.793,-95.728,7
29.797,-95.447,7
29.797,-95.306,7
29.798,-95.564,7
29.799,-95.16,7
29.801,-95.53,7
29.802,-95.79,7
29.802,-95.772,7
29.804,-95.712,7
29.804,-95.381,7
29.804,-95.371,7
29.805,-95.384,7
29.807,-95.76,7
29.809,-95.414,7
29.809,-95.146,7
29.812,-95.697,7
29.812,-95.535,7
29.814,-95.723,7
29.816,-95.163,7
29.818,-95.763,7
29.818,-95.752,7
29.819,-95.803,7
29.82,-95.104,7
29.823,-95.41,7
29.826,-95.475,7
29.832,-95.764,7
29.832,-95.481,7
29.832,-95.348,7
29.833,-95.728,7
29.833,-95.615,7
29.834,-95.416,7
29.834,-95.407,7
29.835,-94.99,7
29.837,-95.724,7
29.841,-95.531,7
29.842,-95.651,7
29.842,-95.544,7
29.843,-95.5,7
29.846,-95.649,7
29.847,-95.815,7
29.848,-95.773,7
29.849,-95.376,7
29.855,-95.517,7
29.856,-95.31,7
29.859,-95.547,7
29.863,-95.443,7
29.864,-95.455,7
29.867,-95.683,7
29.869,-95.829,7
29.871,-95.687,7
29.871,-95.561,7
29.873,-95.671,7
29.874,-95.798,7
29.875,-95.637,7
29.875,-95.494,7
29.877,-95.54,7
29.878,-95.567,7
29.878,-95.32,7
29.879,-95.724,7
29.879,-95.686,7
29.879,-95.681,7
29.88,-95.834,7
29.881,-95.71,7
29.882,-95.712,7
29.883,-95.557,7
29.885,-95.682,7
29.891,-95.255,7
29.893,-95.522,7
29.894,-95.704,7
29.895,-95.624,7
29.896,-95.398,7
29.899,-95.704,7
29.899,-95.476,7
29.901,-95.56,7
29.908,-95.567,7
29.908,-95.546,7
29.91,-95.67,7
29.911,-95.693,7
29.913,-95.483,7
29.915,-95.367,7
29.921,-95.411,7
29.925,-95.503,7
29.931,-95.488,7
29.936,-95.67,7
29.937,-95.208,7
29.938,-95.458,7
29.938,-95.454,7
29.938,-95.44,7
29.939,-95.757,7
29.939,-95.361,7
29.94,-95.618,7
29.942,-95.423,7
29.942,-95.383,7
29.942,-95.329,7
29.947,-95.695,7
29.96,-95.665,7
29.962,-95.654,7
29.962,-95.499,7
29.964,-95.592,7
29.965,-95.42,7
29.966,-95.777,7
29.967,-95.564,7
29.967,-95.451,7
29.969,-95.268,7
29.976,-95.561,7
29.976,-95.475,7
29.976,-95.118,7
29.979,-95.218,7
29.984,-95.743,7
29.987,-95.338,7
29.99,-95.424,7
29.992,-95.582,7
29.995,-95.572,7
30.0,-95.195,7
30.007,-95.743,7
30.014,-95.51,7
30.014,-95.29,7
30.016,-95.733,7
30.023,-95.868,7
30.024,-95.695,7
30.03,-95.576,7
30.031,-95.557,7
30.036,-95.875,7
30.039,-95.694,7
30.048,-95.427,7
30.052,-95.782,7
30.062,-95.57,7
30.062,-95.359,7
30.068,-95.539,7
30.07,-95.595,7
30.074,-95.559,7
30.076,-95.615,7
30.092,-95.627,7
30.094,-95.548,7
30.104,-95.4,7
30.11,-95.649,7
30.115,-95.642,7
30.124,-95.589,7
30.125,-95.447,7
30.152,-95.219,7
30.161,-95.464,7
30.169,-95.507,7
30.17,-95.453,7
30.189,-95.591,7
30.23,-95.499,7
30.238,-97.822,7
30.25,-93.18,7
30.278,-95.469,7
30.281,-95.456,7
30.287,-97.747,7
30.303,-95.414,7
30.32,-81.736,7
30.336,-95.419,7
30.347,-95.482,7
30.599,-81.889,7
30.62,-96.301,7
30.628,-96.338,7
30.727,-95.551,7
32.245,-101.86,7
32.297,-95.295,7
32.301,-90.183,7
32.418,-96.985,7
32.536,-96.736,7
32.537,-97.071,7
32.576,-96.254,7
32.58,-97.319,7
32.584,-96.734,7
32.595,-96.686,7
32.602,-97.387,7
32.612,-97.426,7
32.636,-97.149,7
32.636,-96.899,7
32.64,-97.085,7
32.644,-97.036,7
32.646,-97.123,7
32.647,-96.903,7
32.658,-96.531,7
32.665,-97.127,7
32.665,-96.907,7
32.665,-96.72,7
32.666,-97.182,7
32.668,-97.099,7
32.685,-96.66,7
32.686,-97.022,7
32.69,-97.217,7
32.696,-97.025,7
32.698,-96.923,7
32.708,-97.355,7
32.721,-97.44,7
32.721,-96.677,7
32.722,-96.85,7
32.725,-96.28,7
32.726,-96.785,7
32.728,-96.991,7
32.729,-97.25,7
32.73,-97.249,7
32.73,-97.075,7
32.732,-97.113,7
32.733,-97.449,7
32.734,-97.016,7
32.739,-97.372,7
32.741,-96.887,7
32.744,-97.055,7
32.75,-97.026,7
32.75,-96.896,7
32.751,-97.249,7
32.751,-97.171,7
32.751,-97.092,7
32.753,-96.433,7
32.754,-96.854,7
32.754,-96.828,7
32.762,-96.644,7
32.763,-96.463,7
32.765,-96.79,7
32.767,-96.598,7
32.77,-96.796,7
32.771,-96.807,7
32.775,-97.102,7
32.775,-96.867,7
32.775,-96.788,7
32.776,-96.874,7
32.78,-96.792,7
32.782,-96.868,7
32.783,-96.851,7
32.784,-96.771,7
32.785,-97.097,7
32.785,-96.771,7
32.788,-96.795,7
32.796,-96.82,7
32.796,-96.806,7
32.798,-97.291,7
32.799,-96.798,7
32.8,-96.806,7
32.802,-96.804,7
32.803,-97.339,7
32.806,-96.845,7
32.808,-97.004,7
32.809,-97.407,7
32.812,-96.733,7
32.813,-97.209,7
32.813,-96.943,7
32.813,-96.639,7
32.816,-96.769,7
32.817,-96.832,7
32.822,-97.07,7
32.822,-97.056,7
32.823,-96.97,7
32.825,-97.06,7
32.827,-96.785,7
32.828,-96.981,7
32.83,-97.122,7
32.83,-96.671,7
32.831,-96.944,7
32.836,-97.103,7
32.84,-97.225,7
32.845,-96.599,7
32.854,-97.272,7
32.856,-97.005,7
32.857,-96.992,7
32.857,-96.583,7
32.861,-96.974,7
32.864,-97.263,7
32.864,-96.759,7
32.864,-96.598,7
32.865,-97.208,7
32.865,-96.761,7
32.866,-96.617,7
32.876,-97.357,7
32.877,-97.097,7
32.881,-97.109,7
32.89,-97.231,7
32.89,-96.481,7
32.891,-96.774,7
32.895,-96.908,7
32.897,-96.727,7
32.899,-96.92,7
32.9,-96.572,7
32.9,-96.525,7
32.912,-96.955,7
32.913,-96.639,7
32.916,-96.748,7
32.919,-96.62,7
32.92,-97.11,7
32.921,-96.854,7
32.925,-97.041,7
32.925,-96.693,7
32.926,-97.062,7
32.939,-97.269,7
32.939,-96.842,7
32.94,-96.989,7
32.941,-97.134,7
32.943,-96.685,7
32.948,-96.733,7
32.949,-96.407,7
32.95,-96.806,7
32.951,-96.819,7
32.952,-97.397,7
32.957,-96.861,7
32.959,-96.688,7
32.961,-96.824,7
32.966,-96.883,7
32.969,-96.907,7
32.97,-97.022,7
32.979,-97.03,7
32.984,-96.751,7
32.987,-96.997,7
32.992,-96.928,7
32.995,-96.908,7
33.0,-96.856,7
33.0,-96.7,7
33.001,-96.927,7
33.002,-96.853,7
33.002,-96.236,7
33.007,-96.963,7
33.007,-96.848,7
33.012,-96.892,7
33.014,-96.965,7
33.015,-96.94,7
33.015,-96.835,7
33.015,-96.765,7
33.03,-97.279,7
33.033,-97.002,7
33.033,-96.878,7
33.052,-96.847,7
33.058,-96.698,7
33.067,-97.084,7
33.081,-96.826,7
33.087,-96.829,7
33.091,-97.132,7
33.096,-96.892,7
33.096,-96.655,7
33.097,-96.813,7
33.1,-96.68,7
33.104,-96.681,7
33.112,-96.792,7
33.122,-96.783,7
33.141,-96.666,7
33.151,-96.699,7
33.16,-96.633,7
33.162,-96.835,7
33.169,-96.71,7
33.17,-96.869,7
33.175,-96.835,7
33.179,-96.954,7
33.179,-96.892,7
33.186,-96.884,7
33.192,-96.636,7
33.206,-96.8,7
33.212,-97.156,7
33.217,-96.888,7
33.241,-96.622,7
33.263,-96.787,7
33.267,-96.623,7
33.291,-96.613,7
33.408,-84.293,7
33.452,-111.975,7
33.453,-111.839,7
33.465,-111.928,7
33.538,-117.776,7
33.56,-117.676,7
33.572,-84.283,7
33.62,-84.385,7
33.622,-117.924,7
33.63,-117.91,7
33.635,-111.915,7
33.644,-112.057,7
33.65,-117.834,7
33.654,-111.935,7
33.662,-117.765,7
33.682,-117.837,7
33.683,-96.609,7
33.684,-117.855,7
33.692,-117.887,7
33.708,-84.421,7
33.711,-117.906,7
33.728,-117.93,7
33.736,-118.305,7
33.743,-117.844,7
33.778,-118.4,7
33.778,-118.171,7
33.786,-117.891,7
33.787,-116.957,7
33.788,-118.012,7
33.788,-84.234,7
33.791,-118.137,7
33.804,-117.982,7
33.806,-117.912,7
33.811,-118.095,7
33.812,-117.913,7
33.819,-117.881,7
33.82,-84.372,7
33.821,-118.081,7
33.831,-117.995,7
33.832,-118.079,7
33.833,-117.987,7
33.834,-118.229,7
33.834,-117.942,7
33.855,-118.224,7
33.856,-117.975,7
33.858,-117.412,7
33.865,-118.085,7
33.87,-118.297,7
33.871,-118.392,7
33.872,-118.298,7
33.875,-117.887,7
33.878,-117.41,7
33.879,-118.081,7
33.882,-117.935,7
33.886,-118.384,7
33.896,-117.929,7
33.9,-118.359,7
33.904,-118.421,7
33.909,-117.842,7
33.916,-118.264,7
33.916,-84.251,7
33.921,-118.104,7
33.922,-118.018,7
33.926,-118.029,7
33.927,-118.128,7
33.929,-118.157,7
33.93,-118.096,7
33.93,-117.948,7
33.935,-118.03,7
33.937,-118.25,7
33.938,-118.287,7
33.94,-118.134,7
33.947,-118.399,7
33.947,-84.114,7
33.953,-118.257,7
33.96,-118.384,7
33.965,-118.366,7
33.967,-118.129,7
33.969,-118.227,7
33.97,-118.279,7
33.97,-118.248,7
33.971,-118.284,7
33.971,-118.265,7
33.971,-118.225,7
33.976,-118.303,7
33.977,-118.323,7
33.981,-118.461,7
33.984,-118.302,7
33.986,-117.318,7
33.997,-84.138,7
34.006,-118.465,7
34.009,-118.341,7
34.012,-117.963,7
34.015,-118.445,7
34.018,-118.295,7
34.02,-118.416,7
34.029,-117.664,7
34.034,-117.604,7
34.037,-118.417,7
34.051,-118.062,7
34.053,-118.307,7
34.058,-118.292,7
34.06,-118.001,7
34.062,-118.346,7
34.062,-118.277,7
34.062,-117.395,7
34.064,-118.266,7
34.066,-117.333,7
34.068,-118.169,7
34.069,-118.31,7
34.074,-118.339,7
34.076,-118.327,7
34.078,-118.475,7
34.078,-118.351,7
34.08,-117.822,7
34.082,-118.288,7
34.097,-118.23,7
34.105,-117.818,7
34.11,-117.433,7
34.127,-117.987,7
34.142,-118.259,7
34.151,-117.755,7
34.17,-118.379,7
34.177,-118.589,7
34.183,-118.44,7
34.188,-118.608,7
34.19,-118.444,7
34.194,-118.469,7
34.195,-118.539,7
34.215,-118.536,7
34.225,-118.896,7
34.236,-118.557,7
34.237,-118.606,7
34.24,-118.468,7
34.245,-118.423,7
34.25,-118.517,7
34.252,-118.577,7
34.267,-118.441,7
34.27,-118.484,7
34.273,-118.744,7
34.291,-118.855,7
34.295,-118.562,7
34.304,-118.429,7
34.305,-118.448,7
34.414,-118.547,7
34.93,-81.005,7
35.005,-105.851,7
35.071,-101.363,7
35.151,-80.94,7
35.331,-119.104,7
35.364,-80.856,7
35.44,-80.686,7
35.923,14.49,7
36.158,-95.882,7
36.168,-86.856,7
36.202,-86.774,7
36.29,-86.577,7
36.299,-89.751,7
36.3,-86.697,7
36.316,-86.621,7
36.319,-86.592,7
36.38,-86.699,7
36.995,-122.066,7
37.289,-89.572,7
37.301,-121.93,7
37.319,-121.854,7
37.708,-122.135,7
37.756,-121.967,7
37.761,-122.466,7
37.795,-122.398,7
37.821,-122.338,7
37.862,-122.131,7
37.881,-122.268,7
37.905,-122.09,7
37.942,-122.062,7
37.948,-122.492,7
37.951,-122.048,7
37.972,-122.015,7
38.008,-121.863,7
38.009,-122.542,7
38.021,-122.283,7
38.066,-84.477,7
38.261,-122.019,7
38.497,-90.304,7
38.509,-121.488,7
38.535,-121.408,7
38.551,-121.195,7
38.563,-121.486,7
38.586,-121.397,7
38.594,-121.415,7
38.64,-90.306,7
38.645,-121.423,7
38.645,-121.119,7
38.646,-121.111,7
38.667,-77.332,7
38.694,-75.4,7
38.726,-94.633,7
38.736,-121.249,7
38.737,-77.568,7
38.755,-90.583,7
38.761,-77.091,7
38.77,-77.137,7
38.778,-77.466,7
38.815,-76.992,7
38.825,-77.145,7
38.851,-77.08,7
38.869,-77.28,7
38.873,-94.837,7
38.879,-77.229,7
38.882,-104.837,7
38.897,-77.191,7
38.964,-76.967,7
38.967,-77.18,7
38.983,-84.636,7
38.993,-77.025,7
38.996,-76.871,7
39.018,-77.46,7
39.018,-77.127,7
39.023,-76.959,7
39.025,-77.426,7
39.027,-77.104,7
39.031,-77.022,7
39.032,-77.075,7
39.039,-77.028,7
39.043,-95.759,7
39.05,-76.838,7
39.055,-77.058,7
39.09,-77.209,7
39.096,-77.131,7
39.104,-77.131,7
39.107,-94.647,7
39.107,-76.876,7
39.113,-77.195,7
39.129,-94.616,7
39.131,-121.635,7
39.141,-76.703,7
39.147,-77.189,7
39.17,-77.209,7
39.171,-77.188,7
39.172,-76.786,7
39.178,-77.268,7
39.182,-77.242,7
39.185,-76.873,7
39.19,-77.243,7
39.192,-76.607,7
39.196,-77.274,7
39.201,-76.581,7
39.211,-76.827,7
39.253,-76.652,7
39.26,-84.423,7
39.295,-84.287,7
39.327,-76.764,7
39.348,-77.097,7
39.371,-77.42,7
39.423,-77.469,7
39.543,-76.322,7
39.574,-77.874,7
39.591,-104.85,7
39.603,-104.889,7
39.614,-104.992,7
39.621,-105.03,7
39.624,-104.936,7
39.643,-104.792,7
39.648,-104.92,7
39.67,-104.959,7
39.671,-105.048,7
39.675,-105.861,7
39.684,-105.064,7
39.698,-104.933,7
39.704,-104.93,7
39.738,-104.909,7
39.74,-104.791,7
39.745,-105.009,7
39.769,-104.747,7
39.772,-105.11,7
39.773,-104.999,7
39.776,-104.755,7
39.783,-104.989,7
39.798,-105.053,7
39.801,-104.767,7
39.802,-104.889,7
39.906,-74.982,7
39.97,-75.153,7
39.974,-75.162,7
39.983,-75.148,7
39.997,-104.739,7
40.034,-75.086,7
40.125,-74.963,7
40.438,-104.97,7
40.455,-74.385,7
40.474,-74.341,7
40.506,-80.009,7
40.539,-74.562,7
40.59,-75.468,7
40.599,-75.51,7
40.603,-74.0,7
40.604,-73.994,7
40.62,-74.034,7
40.645,-74.006,7
40.646,-73.954,7
40.666,-75.499,7
40.67,-73.861,7
40.671,-74.286,7
40.673,-73.886,7
40.691,-74.217,7
40.697,-73.9,7
40.708,-74.01,7
40.708,-74.001,7
40.714,-74.012,7
40.726,-73.853,7
40.732,-73.996,7
40.738,-73.711,7
40.739,-73.92,7
40.742,-74.03,7
40.743,-73.896,7
40.745,-74.003,7
40.747,-73.906,7
40.75,-73.88,7
40.762,-73.822,7
40.763,-73.833,7
40.773,-73.876,7
40.775,-73.912,7
40.79,-74.043,7
40.793,-73.797,7
40.795,-74.164,7
40.825,-74.168,7
40.866,-74.152,7
40.867,-73.892,7
40.874,-74.178,7
40.888,-74.127,7
31.124,-97.741,6
25.953,-80.212,6
28.428,-81.469,6
33.902,-118.327,6
28.428,-81.347,6
39.101,-76.8,6
39.102,-76.799,6
28.43,-81.406,6
29.77,-95.835,6
39.106,-77.153,6
28.43,-81.238,6
32.855,-96.569,6
32.855,-96.555,6
32.991,-96.923,6
29.819,-95.795,6
32.755,-96.862,6
32.991,-97.181,6
29.819,-95.806,6
29.818,-95.107,6
32.99,-96.726,6
29.818,-95.309,6
39.113,-77.186,6
10.381,-75.484,6
29.714,-95.548,6
33.614,-117.744,6
39.739,-105.021,6
32.99,-96.927,6
25.696,-80.446,6
39.114,-77.261,6
39.115,-76.709,6
29.817,-95.364,6
39.124,-76.58,6
32.989,-96.657,6
39.126,-86.517,6
33.699,-118.004,6
28.608,-81.389,6
30.965,-95.883,6
28.436,-81.463,6
39.13,-84.514,6
29.816,-95.721,6
25.692,-80.305,6
32.989,-97.18,6
32.988,-96.572,6
29.815,-95.77,6
29.814,-95.359,6
28.442,-81.221,6
29.814,-95.459,6
39.141,-77.223,6
26.326,-80.156,6
32.988,-96.715,6
32.858,-96.76,6
29.813,-95.401,6
32.988,-96.848,6
25.836,-80.297,6
33.903,-118.3,6
25.836,-80.315,6
39.142,-77.194,6
25.69,-80.386,6
29.812,-95.18,6
29.712,-95.278,6
29.712,-95.283,6
25.689,-80.157,6
25.689,-80.372,6
28.453,-81.356,6
28.454,-81.49,6
32.986,-96.908,6
25.955,-80.147,6
40.742,-73.952,6
29.81,-95.706,6
26.027,-80.355,6
29.81,-95.775,6
40.742,-73.641,6
29.809,-95.309,6
25.956,-80.271,6
29.809,-95.795,6
25.686,-80.315,6
32.985,-97.134,6
40.744,-81.832,6
28.458,-81.264,6
26.329,-80.2,6
29.69,-95.53,6
28.461,-81.6,6
26.025,-80.262,6
32.984,-96.769,6
39.168,-77.258,6
32.735,-97.297,6
33.904,-118.176,6
39.169,-84.754,6
29.805,-95.782,6
32.984,-97.167,6
26.024,-80.138,6
25.685,-80.32,6
39.737,-104.672,6
29.683,-95.157,6
29.802,-95.16,6
29.623,-95.063,6
39.176,-77.188,6
25.957,-80.24,6
39.737,-104.876,6
39.176,-77.155,6
28.468,-81.45,6
39.182,-77.265,6
25.682,-80.299,6
29.709,-95.182,6
29.799,-95.438,6
29.799,-95.543,6
29.799,-95.634,6
30.708,-95.495,6
39.188,-76.593,6
29.798,-95.363,6
39.198,-84.379,6
32.863,-96.808,6
29.797,-95.577,6
29.797,-95.739,6
25.834,-80.195,6
29.499,-95.929,6
25.678,-80.427,6
25.833,-80.2,6
32.979,-96.882,6
28.475,-81.284,6
25.96,-80.393,6
25.96,-80.148,6
33.906,-118.22,6
28.476,-81.429,6
39.209,-84.19,6
29.77,-95.23,6
25.676,-80.371,6
29.677,-95.422,6
29.795,-95.387,6
25.676,-80.416,6
29.795,-95.771,6
29.794,-95.191,6
29.794,-95.308,6
33.227,-96.893,6
29.794,-95.444,6
25.833,-80.384,6
29.579,-98.633,6
39.244,-77.265,6
39.737,-104.958,6
29.708,-95.154,6
26.023,-80.266,6
25.674,-80.419,6
29.793,-95.564,6
28.668,-81.468,6
29.632,-95.428,6
39.257,-76.708,6
29.792,-95.459,6
25.673,-80.384,6
25.895,-80.124,6
28.486,-81.452,6
25.673,-80.408,6
32.975,-96.714,6
39.269,-104.901,6
29.621,-95.542,6
25.672,-80.429,6
29.708,-95.51,6
28.494,-81.418,6
32.974,-96.702,6
28.494,-81.41,6
25.896,-80.378,6
29.647,-95.653,6
39.303,-85.202,6
28.495,-81.446,6
29.689,-95.345,6
40.762,-73.305,6
39.737,-104.966,6
33.911,-118.244,6
25.666,-80.302,6
28.498,-81.4,6
25.831,-80.225,6
39.979,-75.18,6
32.867,-96.989,6
39.735,-105.061,6
26.02,-80.307,6
29.635,-95.257,6
25.83,-80.236,6
29.788,-95.726,6
39.98,-75.13,6
29.504,-95.459,6
28.556,-81.278,6
28.505,-81.315,6
26.019,-80.116,6
26.019,-80.143,6
39.381,-76.797,6
32.97,-96.932,6
29.787,-95.653,6
29.636,-95.938,6
28.509,-81.435,6
25.963,-80.172,6
25.661,-80.414,6
25.829,-80.184,6
33.917,-118.344,6
29.646,-95.156,6
29.636,-95.396,6
29.786,-95.464,6
29.786,-95.528,6
25.658,-80.326,6
33.223,-117.254,6
25.606,-80.418,6
39.883,-104.963,6
39.453,-76.308,6
28.514,-81.579,6
33.222,-96.923,6
39.788,-104.888,6
39.472,-104.787,6
26.019,-80.398,6
29.677,-95.205,6
29.707,-95.515,6
29.637,-95.386,6
32.87,-96.92,6
25.656,-80.406,6
25.656,-80.427,6
25.656,-80.438,6
26.017,-80.2,6
33.917,-118.169,6
25.828,-80.367,6
29.784,-95.581,6
32.968,-96.866,6
39.552,-104.77,6
29.784,-95.793,6
25.655,-80.326,6
39.563,-104.876,6
39.587,-104.798,6
32.967,-96.813,6
39.591,-104.849,6
33.222,-97.164,6
39.593,-104.882,6
33.919,-117.445,6
39.593,-104.731,6
32.966,-96.344,6
28.521,-81.314,6
25.65,-80.274,6
29.54,-95.51,6
25.965,-80.213,6
25.65,-80.412,6
39.611,-104.713,6
29.616,-95.408,6
32.873,-96.616,6
25.606,-80.349,6
33.922,-117.923,6
29.782,-95.545,6
29.782,-95.744,6
40.751,-75.613,6
29.782,-95.916,6
33.922,-117.55,6
29.781,-95.431,6
39.643,-105.025,6
39.643,-104.991,6
32.875,-96.898,6
32.963,-96.738,6
39.644,-105.024,6
32.875,-96.648,6
25.645,-80.404,6
28.528,-81.578,6
32.876,-96.942,6
39.65,-104.987,6
29.78,-95.367,6
25.644,-80.386,6
29.706,-95.779,6
25.641,-80.416,6
30.445,-84.288,6
32.961,-96.818,6
25.64,-80.42,6
25.825,-80.228,6
29.706,-95.842,6
39.731,-104.973,6
29.613,-95.305,6
29.646,-95.184,6
28.535,-81.305,6
29.771,-94.986,6
33.925,-118.123,6
29.779,-95.848,6
39.669,-104.983,6
29.779,-95.933,6
29.64,-95.604,6
39.675,-104.776,6
33.927,-118.37,6
29.778,-95.782,6
25.635,-80.372,6
29.777,-95.359,6
25.875,-80.355,6
29.64,-95.445,6
39.679,-104.941,6
39.681,-104.937,6
33.927,-118.294,6
26.013,-80.439,6
39.682,-105.52,6
32.879,-96.701,6
25.629,-80.39,6
25.628,-80.39,6
25.628,-80.392,6
29.64,-95.254,6
39.689,-74.969,6
39.694,-105.014,6
33.927,-118.277,6
33.927,-117.387,6
32.958,-96.842,6
32.76,-97.035,6
25.825,-80.338,6
25.897,-80.327,6
33.928,-118.207,6
32.956,-97.13,6
29.772,-95.785,6
29.679,-95.66,6
29.775,-95.405,6
29.642,-95.423,6
29.775,-95.562,6
25.626,-80.415,6
33.653,-112.015,6
25.626,-80.48,6
28.545,-81.466,6
28.545,-81.148,6
29.774,-95.381,6
29.774,-95.412,6
25.991,-80.406,6
32.881,-96.719,6
25.989,-80.119,6
25.991,-80.313,6
25.991,-80.286,6
25.619,-80.364,6
25.989,-80.278,6
29.598,-95.663,6
39.997,-75.12,6
25.992,-80.365,6
40.775,-73.926,6
26.011,-80.304,6
25.874,-80.171,6
32.913,-96.89,6
25.987,-80.188,6
32.952,-96.644,6
32.912,-96.805,6
32.928,-96.735,6
25.971,-80.146,6
32.93,-96.923,6
25.971,-80.141,6
32.885,-97.343,6
32.91,-96.728,6
25.995,-80.199,6
25.972,-80.274,6
39.711,-105.054,6
32.885,-96.46,6
25.617,-80.443,6
32.909,-97.097,6
32.931,-96.652,6
32.886,-96.808,6
25.998,-80.342,6
26.01,-80.149,6
32.908,-97.333,6
32.907,-96.958,6
29.607,-95.412,6
30.394,-95.637,6
25.523,-80.423,6
25.999,-80.335,6
32.906,-97.044,6
32.951,-96.735,6
32.903,-96.753,6
32.901,-96.108,6
32.901,-96.46,6
32.936,-96.368,6
32.901,-97.294,6
25.981,-80.267,6
33.931,-118.361,6
32.938,-96.536,6
26.005,-80.313,6
32.94,-96.57,6
39.72,-104.808,6
39.721,-104.889,6
39.724,-104.97,6
32.893,-96.766,6
30.388,-95.406,6
32.945,-96.683,6
25.975,-80.154,6
26.009,-80.395,6
32.948,-97.04,6
25.823,-80.28,6
32.89,-96.766,6
30.377,-86.255,6
32.949,-96.806,6
39.725,-105.032,6
32.948,-96.62,6
40.002,-75.279,6
25.823,-80.379,6
33.935,-118.109,6
33.936,-118.101,6
30.349,-95.537,6
33.938,-117.483,6
29.597,-95.286,6
33.711,-84.386,6
25.821,-80.373,6
30.332,-81.656,6
40.023,-105.245,6
33.946,-118.184,6
30.323,-95.337,6
25.899,-80.338,6
33.947,-118.157,6
40.788,-73.948,6
33.947,-84.113,6
33.948,-118.367,6
25.818,-80.215,6
25.818,-80.227,6
26.353,-80.189,6
30.302,-95.472,6
32.763,-96.869,6
33.952,-118.013,6
30.3,-95.445,6
33.716,-117.972,6
33.954,-117.218,6
29.743,-95.586,6
25.9,-80.293,6
33.195,-117.383,6
33.955,-118.278,6
25.872,-80.313,6
25.872,-80.33,6
28.692,-81.294,6
30.285,-95.412,6
33.956,-117.323,6
32.764,-97.085,6
40.746,-73.872,6
29.743,-95.856,6
29.742,-95.259,6
33.191,-97.128,6
26.226,-80.229,6
25.815,-80.382,6
25.886,-80.239,6
26.362,-80.112,6
29.742,-95.35,6
33.961,-83.974,6
32.699,-96.65,6
33.965,-84.743,6
25.814,-80.359,6
25.814,-80.372,6
30.25,-95.206,6
25.813,-80.187,6
29.688,-95.808,6
26.183,-80.142,6
26.228,-80.274,6
32.766,-96.79,6
33.968,-118.239,6
32.698,-96.804,6
30.247,-95.21,6
25.813,-80.193,6
29.742,-95.397,6
33.186,-96.886,6
40.066,-76.289,6
25.813,-80.326,6
33.602,-101.922,6
25.504,-80.429,6
25.813,-80.33,6
29.742,-95.446,6
26.228,-80.168,6
25.812,-80.23,6
25.871,-80.316,6
25.572,-80.392,6
32.768,-97.229,6
29.742,-95.46,6
30.225,-95.3,6
25.812,-80.365,6
28.701,-81.265,6
33.978,-118.392,6
33.978,-118.344,6
26.384,-80.175,6
25.903,-80.158,6
33.979,-118.455,6
29.697,-95.188,6
33.984,-118.094,6
25.811,-80.266,6
33.986,-117.97,6
32.768,-96.42,6
26.393,-80.1,6
29.758,-95.622,6
26.395,-80.162,6
32.694,-97.049,6
26.18,-80.209,6
26.137,-80.342,6
30.205,-93.265,6
26.399,-80.084,6
26.402,-80.114,6
29.701,-95.402,6
30.198,-95.047,6
39.783,-104.891,6
25.81,-80.267,6
30.192,-95.584,6
40.084,-75.04,6
25.886,-80.129,6
25.905,-80.351,6
25.808,-80.124,6
30.183,-95.197,6
28.593,-81.235,6
25.905,-80.297,6
25.808,-80.195,6
33.171,-96.704,6
29.531,-95.816,6
34.007,-118.49,6
28.724,-81.967,6
25.502,-80.428,6
26.433,-80.083,6
33.169,-96.84,6
25.884,-80.345,6
34.011,-118.292,6
32.772,-97.451,6
25.807,-80.334,6
32.772,-97.201,6
33.491,-117.624,6
29.741,-95.914,6
32.691,-97.115,6
26.441,-80.087,6
25.806,-80.194,6
26.449,-80.067,6
40.102,-74.938,6
33.167,-96.908,6
33.166,-96.636,6
30.161,-95.29,6
34.017,-118.096,6
30.16,-95.459,6
30.16,-95.471,6
33.163,-97.057,6
29.74,-95.414,6
33.161,-96.827,6
30.155,-95.209,6
30.153,-95.448,6
28.592,-81.203,6
32.773,-96.786,6
40.761,-73.916,6
26.461,-80.063,6
30.149,-95.671,6
30.148,-95.306,6
25.805,-80.128,6
29.594,-95.208,6
40.142,-105.153,6
39.782,-104.887,6
34.025,-117.73,6
26.467,-80.093,6
33.159,-97.074,6
34.026,-118.407,6
40.163,-75.478,6
25.804,-80.325,6
34.029,-117.911,6
29.74,-95.774,6
25.803,-80.243,6
25.869,-80.209,6
34.032,-117.601,6
32.737,-97.114,6
-0.181,-78.49,6
29.74,-95.832,6
26.52,-80.093,6
26.52,-80.071,6
29.528,-95.534,6
25.802,-80.263,6
26.527,-80.064,6
25.801,-80.218,6
26.539,-80.089,6
40.199,-105.103,6
32.737,-97.069,6
28.591,-81.513,6
33.151,-96.523,6
29.7,-95.739,6
29.752,-95.377,6
25.801,-80.262,6
29.57,-95.342,6
40.208,-105.004,6
29.664,-95.57,6
25.581,-80.483,6
33.752,-84.587,6
34.043,-81.098,6
34.044,-118.421,6
30.113,-95.558,6
29.754,-95.5,6
30.11,-96.67,6
25.798,-80.186,6
40.235,-80.235,6
34.051,-118.212,6
25.798,-80.196,6
26.569,-80.111,6
29.687,-95.37,6
34.052,-118.204,6
28.775,-81.364,6
26.575,-80.095,6
25.798,-80.334,6
25.797,-80.135,6
25.797,-80.368,6
32.778,-97.084,6
26.127,-80.29,6
34.057,-118.38,6
26.58,-80.118,6
33.15,-96.839,6
29.759,-95.622,6
40.375,-3.923,6
30.091,-95.889,6
30.09,-95.546,6
33.655,-117.78,6
33.754,-84.389,6
-29.992,-51.142,6
25.556,-80.345,6
32.684,-97.324,6
34.063,-118.03,6
25.795,-80.306,6
32.779,-96.874,6
6.326,-75.564,6
32.683,-96.558,6
26.595,-80.097,6
33.148,-97.042,6
32.681,-96.596,6
30.079,-95.456,6
26.605,-81.972,6
26.605,-80.092,6
25.481,-80.437,6
26.611,-80.128,6
29.759,-95.383,6
33.764,-84.376,6
39.776,-104.742,6
28.794,-81.357,6
40.421,-3.707,6
29.755,-95.72,6
29.738,-95.433,6
25.793,-80.261,6
25.793,-80.274,6
25.793,-80.276,6
26.24,-80.166,6
33.766,-84.377,6
33.656,-117.616,6
40.874,-74.167,6
26.122,-80.384,6
30.07,-95.254,6
40.438,-74.465,6
25.793,-80.302,6
40.761,-74.051,6
25.48,-80.42,6
33.14,-96.782,6
30.068,-95.43,6
40.76,-73.504,6
29.527,-95.018,6
30.068,-95.959,6
30.066,-95.438,6
30.066,-95.45,6
34.08,-118.202,6
26.628,-80.085,6
29.665,-95.557,6
33.771,-118.193,6
33.138,-96.706,6
26.12,-80.145,6
34.084,-118.357,6
40.76,-73.876,6
25.792,-80.353,6
26.12,-80.264,6
25.791,-80.139,6
25.791,-80.141,6
33.454,-112.305,6
25.79,-80.137,6
30.057,-95.597,6
33.135,-96.933,6
30.057,-95.752,6
40.459,-104.872,6
26.634,-80.092,6
33.133,-96.592,6
26.635,-80.103,6
34.1,-117.834,6
25.79,-80.401,6
32.739,-97.151,6
34.103,-118.317,6
29.737,-95.368,6
34.104,-118.335,6
30.052,-95.374,6
25.48,-80.442,6
30.051,-95.502,6
33.771,-117.903,6
25.915,-80.311,6
29.755,-95.4,6
29.737,-95.397,6
33.129,-96.658,6
32.673,-96.996,6
29.68,-95.608,6
32.784,-96.855,6
30.049,-95.402,6
30.046,-95.525,6
30.046,-95.546,6
30.043,-95.181,6
33.78,-118.113,6
30.043,-95.369,6
25.788,-80.191,6
40.536,-74.281,6
26.119,-80.384,6
33.78,-96.556,6
30.041,-95.058,6
33.126,-96.789,6
26.245,-80.265,6
32.726,-97.065,6
26.655,-80.204,6
34.128,-117.906,6
25.788,-80.219,6
26.247,-80.265,6
34.133,-118.241,6
34.135,-118.115,6
34.136,-118.132,6
29.666,-95.257,6
25.788,-80.378,6
25.787,-80.132,6
32.786,-96.808,6
30.032,-95.62,6
25.787,-80.176,6
30.031,-95.554,6
25.863,-80.329,6
32.786,-96.777,6
34.14,-118.341,6
28.859,-81.172,6
30.03,-95.611,6
29.737,-95.883,6
40.765,-74.031,6
34.143,-118.253,6
40.764,-73.88,6
30.028,-95.512,6
25.787,-80.381,6
30.027,-95.404,6
40.79,-73.812,6
26.115,-80.323,6
34.147,-118.262,6
25.786,-80.211,6
28.883,-81.174,6
32.74,-96.66,6
40.594,-75.343,6
34.151,-118.241,6
29.696,-95.755,6
28.584,-81.207,6
25.471,-80.478,6
34.154,-118.249,6
29.653,-95.275,6
32.665,-96.783,6
30.022,-95.267,6
26.683,-80.274,6
28.584,-81.417,6
29.601,-95.38,6
34.161,-118.512,6
40.598,-74.079,6
25.784,-80.182,6
39.861,-105.026,6
30.018,-95.595,6
34.165,-118.284,6
25.47,-80.463,6
25.862,-80.125,6
33.789,-118.165,6
26.703,-80.14,6
30.015,-95.516,6
34.171,-118.405,6
30.014,-95.405,6
33.111,-96.72,6
33.789,-117.897,6
29.652,-95.236,6
33.111,-96.839,6
25.918,-80.264,6
25.782,-80.143,6
33.11,-96.771,6
25.862,-80.323,6
32.662,-96.878,6
33.109,-96.655,6
32.741,-96.883,6
40.822,-74.007,6
29.702,-95.689,6
26.257,-80.175,6
34.177,-118.379,6
30.013,-95.444,6
32.741,-96.697,6
26.257,-80.103,6
39.922,-75.235,6
26.706,-80.076,6
40.6,-73.956,6
33.792,-84.229,6
25.782,-80.258,6
29.736,-95.778,6
40.601,-74.149,6
26.109,-80.331,6
25.781,-80.202,6
33.106,-96.679,6
25.86,-80.121,6
32.792,-96.809,6
33.413,-112.605,6
34.186,-118.443,6
25.781,-80.398,6
34.187,-118.314,6
26.204,-80.12,6
33.106,-96.82,6
33.794,-118.194,6
25.78,-80.203,6
28.909,-81.25,6
30.005,-95.267,6
28.631,-81.539,6
33.633,-117.934,6
32.742,-96.748,6
40.788,-73.839,6
34.192,-118.414,6
26.721,-80.04,6
30.004,-95.404,6
26.726,-80.147,6
33.794,-118.009,6
28.582,-81.303,6
25.584,-80.369,6
30.003,-95.406,6
26.727,-80.126,6
25.465,-80.429,6
32.659,-97.362,6
34.194,-118.408,6
32.794,-96.804,6
34.194,-118.365,6
25.859,-80.128,6
30.002,-95.547,6
29.682,-95.649,6
33.102,-96.7,6
34.199,-118.598,6
33.796,-117.914,6
26.737,-80.103,6
30.001,-95.608,6
32.657,-96.752,6
34.199,-118.449,6
34.199,-84.132,6
26.753,-80.078,6
32.795,-96.816,6
26.106,-80.202,6
34.204,-118.852,6
26.756,-80.062,6
26.17,-80.282,6
29.998,-95.164,6
26.77,-80.038,6
26.786,-80.06,6
29.995,-95.277,6
34.218,-119.078,6
29.994,-95.582,6
32.656,-96.962,6
29.695,-95.492,6
40.608,-74.029,6
29.993,-95.739,6
29.735,-95.593,6
28.635,-81.399,6
32.743,-97.099,6
29.992,-95.439,6
33.093,-96.814,6
29.992,-95.726,6
26.858,-80.111,6
34.233,-84.121,6
29.667,-95.605,6
29.988,-95.197,6
29.761,-95.367,6
25.777,-80.137,6
28.955,-80.888,6
29.545,-95.792,6
29.734,-95.29,6
32.743,-97.047,6
39.766,-104.987,6
25.858,-80.12,6
32.743,-96.919,6
26.998,-82.08,6
26.102,-80.117,6
26.205,-80.175,6
29.986,-95.73,6
25.55,-80.398,6
32.798,-96.823,6
33.089,-96.846,6
29.986,-97.087,6
29.652,-95.71,6
29.985,-95.198,6
34.247,-118.425,6
29.734,-95.341,6
29.651,-95.082,6
29.984,-95.273,6
29.981,-95.503,6
29.98,-95.404,6
34.261,-118.819,6
28.991,-95.928,6
25.776,-80.415,6
33.086,-96.817,6
33.804,-117.893,6
29.978,-95.478,6
29.977,-95.396,6
40.758,-73.86,6
33.086,-96.828,6
29.976,-95.402,6
25.775,-80.205,6
26.265,-80.201,6
34.272,-118.856,6
34.273,-118.797,6
27.294,-80.442,6
29.755,-95.393,6
29.667,-95.29,6
27.316,-80.379,6
34.284,-118.864,6
25.774,-80.206,6
29.667,-95.22,6
25.458,-80.472,6
25.774,-80.322,6
34.305,-118.444,6
29.97,-95.222,6
25.773,-80.13,6
32.8,-96.6,6
25.773,-80.187,6
26.1,-80.255,6
33.082,-96.821,6
29.97,-95.659,6
26.267,-80.205,6
40.619,-74.026,6
34.442,-118.577,6
27.411,-80.337,6
32.801,-97.003,6
34.447,-118.472,6
33.806,-118.17,6
29.965,-90.372,6
34.592,-94.22,6
34.647,-86.776,6
33.667,-117.718,6
32.646,-97.034,6
33.812,-117.835,6
29.964,-95.548,6
27.432,-80.353,6
25.855,-80.123,6
33.816,-118.306,6
40.624,-73.997,6
32.803,-97.4,6
34.708,-82.788,6
33.816,-117.967,6
34.718,-114.516,6
34.813,-89.525,6
27.493,-82.476,6
39.762,-104.983,6
34.861,-106.693,6
34.867,-118.893,6
29.762,-95.42,6
33.669,-84.401,6
32.803,-96.628,6
40.764,-73.985,6
32.804,-97.451,6
29.028,-81.303,6
32.637,-97.09,6
33.076,-96.822,6
29.96,-95.233,6
35.038,-78.956,6
33.369,-96.571,6
40.626,-73.976,6
32.744,-96.581,6
25.447,-80.439,6
25.447,-80.455,6
27.604,-80.509,6
32.636,-96.746,6
39.933,-105.133,6
32.745,-97.101,6
25.771,-80.195,6
29.958,-95.745,6
35.117,-81.079,6
32.635,-97.33,6
25.771,-80.201,6
29.957,-95.396,6
29.956,-95.472,6
27.765,-82.648,6
35.151,-80.97,6
26.094,-80.344,6
28.579,-81.802,6
33.073,-96.717,6
29.953,-95.53,6
35.202,-80.868,6
25.77,-80.207,6
33.823,-117.945,6
29.951,-95.209,6
26.166,-80.117,6
33.672,-117.857,6
25.77,-80.209,6
35.223,-119.218,6
35.224,-81.038,6
33.823,-84.37,6
35.234,-80.656,6
33.824,-118.009,6
35.24,-80.931,6
29.95,-95.392,6
35.254,-80.904,6
40.632,-74.014,6
25.444,-80.457,6
25.77,-80.342,6
27.858,-82.326,6
32.629,-97.161,6
29.699,-95.574,6
35.278,-119.014,6
35.29,-81.113,6
25.928,-80.352,6
32.807,-96.629,6
33.561,-117.663,6
26.274,-80.186,6
33.824,-117.958,6
25.77,-80.36,6
25.77,-80.414,6
35.321,-80.784,6
29.947,-95.257,6
29.947,-95.32,6
35.454,-97.513,6
29.946,-95.214,6
29.946,-95.552,6
28.577,-81.442,6
25.769,-80.313,6
25.315,-80.282,6
27.912,-82.695,6
32.626,-97.131,6
25.769,-80.351,6
32.714,-97.133,6
25.769,-80.376,6
35.878,-97.393,6
29.669,-95.462,6
29.115,-95.451,6
27.931,-82.456,6
29.942,-95.239,6
25.768,-80.198,6
36.046,-80.183,6
36.075,-86.691,6
29.731,-95.475,6
33.066,-96.89,6
32.625,-97.171,6
39.761,-105.005,6
36.158,-115.097,6
27.976,-82.548,6
26.09,-80.25,6
24.566,-81.739,6
36.201,-86.77,6
29.938,-95.483,6
32.624,-97.101,6
29.938,-95.658,6
33.063,-96.911,6
36.264,-86.855,6
33.827,-118.24,6
25.88,-80.319,6
39.76,-104.977,6
36.298,-86.684,6
36.312,-86.632,6
29.669,-95.203,6
33.061,-96.912,6
29.935,-95.249,6
36.341,-86.602,6
36.342,-86.531,6
29.935,-95.584,6
36.364,-86.441,6
29.549,-95.59,6
28.002,-82.601,6
28.008,-82.561,6
29.158,-80.973,6
25.884,-80.312,6
36.436,-86.778,6
36.459,-86.666,6
40.757,-73.97,6
36.546,-119.429,6
32.812,-97.005,6
36.581,-86.512,6
36.791,-76.265,6
25.566,-80.359,6
29.93,-95.709,6
32.812,-96.791,6
25.931,-80.324,6
29.929,-95.207,6
32.618,-96.892,6
40.653,-75.4,6
37.149,-121.649,6
33.058,-96.85,6
29.927,-95.581,6
33.828,-117.93,6
37.22,-121.878,6
25.765,-80.141,6
29.925,-95.498,6
33.829,-118.214,6
29.729,-95.345,6
33.829,-117.852,6
32.747,-96.887,6
33.057,-96.865,6
37.394,-122.056,6
25.765,-80.25,6
25.765,-80.251,6
32.813,-96.622,6
32.612,-97.398,6
28.574,-81.184,6
28.072,-81.679,6
25.765,-80.375,6
29.921,-95.291,6
29.921,-95.292,6
29.753,-95.35,6
29.921,-95.491,6
29.92,-95.726,6
29.919,-95.44,6
25.931,-80.159,6
28.597,-81.308,6
28.116,-82.387,6
28.117,-81.441,6
29.566,-95.743,6
29.918,-95.502,6
29.763,-95.342,6
29.659,-95.641,6
28.12,-81.582,6
37.757,-121.469,6
25.932,-80.35,6
37.76,-121.469,6
40.747,-73.877,6
29.917,-95.69,6
26.083,-80.248,6
25.764,-80.37,6
29.749,-95.784,6
37.794,-121.195,6
28.179,-81.486,6
26.283,-80.245,6
29.222,-82.084,6
37.819,-122.28,6
20.324,-101.85,6
37.822,-122.192,6
29.913,-95.608,6
33.681,-117.811,6
29.911,-95.338,6
28.188,-81.547,6
29.911,-95.639,6
26.284,-80.102,6
29.911,-95.755,6
25.763,-80.409,6
32.817,-96.635,6
25.762,-80.193,6
37.887,-122.282,6
29.91,-95.639,6
37.899,-122.295,6
33.839,-117.956,6
25.934,-80.353,6
29.909,-95.679,6
28.574,-81.54,6
25.761,-80.225,6
37.923,-122.316,6
25.934,-80.335,6
29.908,-95.553,6
26.081,-80.146,6
40.878,-73.913,6
37.929,-122.054,6
29.907,-95.242,6
32.818,-96.467,6
37.935,-121.255,6
29.907,-95.75,6
29.906,-95.697,6
26.081,-80.148,6
25.761,-80.391,6
33.046,-97.011,6
29.727,-95.511,6
29.905,-95.586,6
29.905,-95.667,6
33.044,-96.556,6
25.545,-80.374,6
37.948,-122.331,6
32.592,-96.947,6
40.677,-73.953,6
-34.566,-58.454,6
25.759,-80.26,6
29.902,-95.545,6
26.079,-80.256,6
40.679,-73.799,6
25.759,-80.311,6
33.043,-96.972,6
29.9,-95.709,6
32.588,-96.892,6
29.899,-95.314,6
28.245,-81.253,6
28.247,-81.652,6
29.757,-95.778,6
38.017,-121.894,6
29.755,-95.368,6
29.659,-95.29,6
25.757,-80.261,6
29.726,-95.344,6
25.851,-80.371,6
28.248,-81.34,6
38.02,-107.674,6
32.583,-96.221,6
32.749,-97.339,6
33.041,-97.021,6
19.277,-98.421,6
26.078,-80.321,6
25.756,-80.319,6
26.187,-80.193,6
33.846,-117.889,6
38.243,-122.302,6
25.85,-80.313,6
28.253,-81.215,6
38.313,-88.959,6
38.365,-121.962,6
26.076,-80.226,6
38.392,-121.422,6
26.211,-80.231,6
38.397,-121.478,6
38.399,-121.355,6
38.4,-121.426,6
18.472,-66.105,6
38.406,-121.429,6
29.892,-95.519,6
32.578,-97.354,6
26.074,-80.368,6
38.446,-121.388,6
25.755,-80.431,6
33.037,-96.936,6
33.036,-96.97,6
33.035,-96.65,6
38.456,-94.419,6
25.593,-80.394,6
26.211,-80.142,6
25.754,-80.257,6
28.265,-81.372,6
29.89,-95.469,6
32.569,-96.88,6
29.726,-95.889,6
29.726,-95.902,6
40.692,-74.092,6
29.89,-95.75,6
39.751,-104.822,6
38.476,-121.456,6
29.725,-95.341,6
38.497,-121.34,6
32.824,-96.666,6
29.889,-95.713,6
18.25,-66.5,6
29.888,-95.49,6
38.509,-121.416,6
29.887,-95.615,6
40.694,-73.99,6
32.564,-97.087,6
32.562,-96.534,6
29.886,-95.23,6
26.3,-80.186,6
29.35,-94.931,6
38.541,-90.446,6
40.694,-73.961,6
38.545,-121.748,6
26.07,-80.183,6
25.751,-80.261,6
38.554,-90.401,6
28.653,-81.492,6
38.56,-121.766,6
25.848,-80.187,6
28.289,-81.384,6
28.292,-81.405,6
25.749,-80.253,6
29.882,-95.698,6
29.755,-95.366,6
38.585,-77.306,6
38.59,-90.235,6
29.881,-95.748,6
38.593,-121.318,6
40.771,-74.357,6
32.545,-97.311,6
38.601,-121.426,6
25.89,-80.133,6
28.301,-81.359,6
26.301,-80.236,6
29.88,-95.683,6
29.88,-95.688,6
28.304,-81.445,6
32.828,-96.848,6
38.605,-90.285,6
29.747,-95.377,6
28.569,-81.451,6
29.88,-95.726,6
26.212,-80.134,6
29.724,-95.214,6
25.747,-80.4,6
29.879,-95.324,6
33.028,-96.837,6
28.306,-81.404,6
25.941,-80.311,6
33.86,-118.133,6
29.878,-95.398,6
29.878,-95.411,6
29.765,-95.209,6
33.027,-97.087,6
29.878,-95.537,6
33.861,-118.268,6
38.635,-121.456,6
38.636,-90.265,6
29.688,-95.586,6
29.724,-95.468,6
39.747,-104.847,6
29.877,-95.716,6
25.742,-80.254,6
28.317,-81.448,6
33.547,-86.842,6
29.876,-95.968,6
40.699,-73.609,6
26.212,-80.13,6
29.875,-95.328,6
29.875,-95.571,6
29.875,-95.608,6
38.694,-77.453,6
38.707,-121.315,6
28.654,-81.229,6
25.741,-80.385,6
33.023,-96.989,6
29.874,-95.733,6
32.516,-96.808,6
25.883,-80.349,6
40.701,-73.982,6
29.873,-95.456,6
40.701,-73.782,6
29.873,-95.701,6
28.321,-81.423,6
29.871,-95.714,6
28.327,-81.489,6
29.87,-95.728,6
29.723,-95.465,6
38.773,-90.198,6
28.329,-81.372,6
28.331,-81.354,6
38.785,-77.248,6
29.698,-95.194,6
29.383,-98.373,6
25.847,-80.209,6
25.738,-80.376,6
33.019,-96.459,6
40.704,-73.806,6
25.737,-80.259,6
32.494,-97.52,6
33.862,-117.806,6
29.867,-95.376,6
32.834,-96.824,6
26.062,-80.313,6
29.766,-95.46,6
25.736,-80.241,6
33.863,-118.251,6
25.735,-80.257,6
26.191,-80.207,6
33.018,-97.281,6
28.337,-81.669,6
33.863,-117.934,6
29.866,-95.524,6
32.835,-97.071,6
25.892,-80.29,6
29.393,-94.954,6
32.49,-97.0,6
25.943,-80.297,6
32.724,-96.649,6
33.015,-96.797,6
38.817,-77.05,6
29.722,-95.34,6
29.865,-95.709,6
29.54,-95.744,6
28.339,-81.439,6
29.747,-95.815,6
40.706,-74.008,6
25.734,-80.316,6
28.34,-81.415,6
29.722,-95.629,6
38.842,-94.668,6
25.733,-80.306,6
32.481,-91.713,6
38.858,-77.307,6
29.861,-95.197,6
33.012,-96.544,6
25.732,-80.254,6
28.345,-81.368,6
29.522,-95.732,6
26.058,-80.208,6
28.346,-81.357,6
33.011,-96.768,6
32.837,-97.1,6
39.956,-75.167,6
39.957,-75.148,6
28.346,-81.261,6
25.732,-80.362,6
28.348,-81.612,6
33.254,-97.167,6
29.721,-95.391,6
33.011,-96.91,6
32.837,-96.822,6
29.407,-95.232,6
29.859,-95.446,6
26.055,-80.281,6
40.754,-73.864,6
25.538,-80.405,6
25.731,-80.248,6
29.411,-95.036,6
33.01,-96.796,6
38.894,-77.46,6
33.872,-84.112,6
28.354,-81.317,6
33.873,-84.189,6
25.731,-80.385,6
38.908,-77.038,6
28.362,-81.247,6
29.854,-95.526,6
28.365,-81.363,6
39.789,-104.995,6
32.839,-97.013,6
25.728,-80.261,6
29.767,-95.635,6
32.397,-100.923,6
33.876,-118.249,6
38.948,-76.895,6
29.648,-95.245,6
38.95,-76.891,6
33.877,-118.043,6
33.88,-118.205,6
29.557,-95.833,6
29.606,-95.256,6
33.248,-96.905,6
25.946,-80.281,6
25.727,-80.368,6
38.957,-94.546,6
28.369,-81.371,6
29.85,-95.524,6
32.315,-96.599,6
25.946,-80.17,6
29.746,-95.378,6
32.709,-97.527,6
33.882,-118.374,6
29.85,-95.54,6
28.37,-81.37,6
38.958,-94.715,6
26.049,-80.15,6
29.85,-95.776,6
29.85,-95.781,6
28.372,-81.631,6
33.007,-96.957,6
26.049,-80.218,6
39.83,-105.027,6
40.763,-73.928,6
39.96,-75.168,6
29.849,-95.477,6
28.603,-81.39,6
28.372,-81.552,6
25.724,-80.338,6
38.966,-94.509,6
33.006,-96.729,6
39.741,-104.831,6
29.849,-95.692,6
29.719,-95.62,6
28.374,-81.616,6
29.692,-95.691,6
38.971,-77.555,6
25.724,-80.454,6
25.841,-80.325,6
29.847,-95.371,6
26.047,-80.278,6
38.979,-94.833,6
32.154,-97.15,6
38.979,-77.409,6
38.98,-77.098,6
29.585,-95.477,6
26.318,-80.111,6
8.3,-62.716,6
29.846,-95.702,6
29.846,-95.855,6
26.15,-80.332,6
38.987,-77.062,6
26.044,-80.147,6
28.379,-81.649,6
39.961,-104.986,6
25.721,-80.434,6
26.044,-80.226,6
38.99,-76.99,6
29.564,-95.286,6
40.722,-73.843,6
33.886,-118.327,6
29.845,-95.736,6
28.382,-81.511,6
28.607,-81.192,6
29.45,-95.445,6
32.722,-96.834,6
29.718,-95.501,6
28.563,-81.733,6
29.842,-95.285,6
29.703,-95.295,6
29.451,-95.111,6
29.598,-95.421,6
25.719,-80.427,6
28.383,-81.315,6
28.561,-81.332,6
28.384,-81.245,6
25.718,-80.298,6
29.746,-95.861,6
29.841,-95.646,6
25.718,-80.371,6
39.002,-76.902,6
39.003,-76.901,6
29.84,-95.464,6
40.726,-74.174,6
31.992,-95.318,6
39.004,-76.93,6
28.387,-81.389,6
26.04,-80.252,6
25.839,-80.215,6
33.002,-97.073,6
25.893,-80.289,6
40.747,-73.957,6
26.32,-80.113,6
33.001,-96.702,6
25.839,-80.368,6
29.674,-95.262,6
25.716,-80.159,6
39.013,-77.142,6
33.537,-111.889,6
26.036,-80.205,6
39.022,-76.971,6
25.95,-80.298,6
39.74,-104.708,6
39.024,-95.546,6
29.716,-95.29,6
33.0,-97.315,6
29.459,-98.415,6
39.028,-77.147,6
25.715,-80.387,6
29.674,-95.258,6
25.839,-80.369,6
28.396,-81.485,6
39.043,-77.143,6
29.834,-95.649,6
29.833,-95.2,6
28.402,-81.483,6
29.687,-95.58,6
10.395,-75.563,6
39.046,-77.191,6
40.733,-73.446,6
39.962,-86.158,6
39.05,-94.658,6
29.831,-95.382,6
26.034,-80.222,6
26.034,-80.273,6
39.052,-77.217,6
31.785,35.214,6
39.057,-77.054,6
39.059,-77.13,6
40.734,-73.975,6
29.83,-94.972,6
29.54,-95.68,6
25.707,-80.406,6
40.734,-73.796,6
28.412,-81.392,6
29.769,-95.599,6
26.033,-80.201,6
29.83,-95.749,6
25.952,-80.169,6
31.606,-94.659,6
33.236,-96.801,6
29.691,-95.52,6
32.996,-97.439,6
32.754,-96.588,6
40.735,-74.234,6
26.322,-80.125,6
28.413,-81.232,6
28.664,-81.308,6
32.851,-96.651,6
32.852,-97.411,6
25.707,-80.46,6
29.829,-95.457,6
29.691,-95.536,6
29.757,-95.37,6
28.417,-81.644,6
29.745,-95.388,6
29.715,-95.798,6
29.826,-95.167,6
31.325,-92.426,6
39.085,-77.149,6
28.422,-81.63,6
33.897,-118.172,6
29.825,-95.685,6
39.088,-77.079,6
25.701,-80.259,6
39.739,-104.973,6
25.701,-80.405,6
28.425,-81.212,6
29.822,-95.4,6
32.707,-97.104,6
39.097,-77.196,6
28.426,-81.224,6
28.427,-81.476,6
28.427,-81.467,6
42.901,-83.632,6
41.142,-73.791,6
41.904,-87.835,6
41.904,-87.633,6
41.904,-87.631,6
41.68,-88.15,6
41.908,-87.837,6
42.466,-71.428,6
41.911,-87.634,6
41.161,-73.261,6
42.474,-83.519,6
42.489,-83.293,6
42.497,-83.366,6
42.504,-83.479,6
41.693,-88.096,6
42.52,-83.52,6
42.532,-83.267,6
42.54,-83.506,6
41.919,-87.707,6
40.9,-73.858,6
42.585,-71.788,6
41.702,-87.761,6
42.638,-83.097,6
42.653,-83.102,6
42.704,-71.459,6
41.937,-71.293,6
42.872,-85.683,6
42.876,-85.73,6
42.878,-85.606,6
42.897,-85.766,6
42.898,-85.626,6
42.905,-85.568,6
42.918,-85.664,6
42.93,-85.697,6
42.93,-85.664,6
42.937,-85.695,6
42.94,-85.559,6
42.951,-85.664,6
42.956,-85.591,6
41.725,-88.37,6
42.981,-85.686,6
42.982,-85.592,6
42.985,-85.69,6
42.988,-85.605,6
42.996,-85.666,6
43.015,-85.689,6
41.725,-86.248,6
41.728,-88.032,6
40.976,-73.803,6
43.216,-85.551,6
43.221,-85.556,6
41.966,-87.708,6
43.424,-88.183,6
41.973,-87.955,6
43.668,-79.389,6
41.754,-87.798,6
41.983,-87.822,6
43.727,-79.629,6
41.984,-85.624,6
41.985,-87.694,6
41.761,-88.15,6
43.866,-79.524,6
44.225,-85.359,6
42.001,-88.017,6
42.009,-87.668,6
45.475,-73.431,6
41.77,-88.144,6
45.54,-122.391,6
40.92,-73.896,6
42.017,-88.081,6
42.017,-87.747,6
47.103,-122.539,6
41.778,-88.08,6
41.78,-87.836,6
42.029,-87.725,6
47.934,-122.256,6
48.165,11.528,6
41.787,-69.989,6
52.49,-1.907,6
42.049,-87.891,6
42.062,-88.066,6
41.498,-88.198,6
41.021,-73.761,6
42.089,-71.021,6
42.092,-71.022,6
42.097,-87.8,6
42.098,-87.801,6
42.102,-88.451,6
41.829,-87.815,6
42.121,-71.097,6
41.837,-72.696,6
42.14,-87.933,6
42.147,-87.798,6
42.147,-71.033,6
42.153,-88.026,6
42.17,-71.052,6
41.554,-88.127,6
42.233,-85.729,6
42.235,-87.936,6
41.857,-87.665,6
41.569,-90.518,6
42.269,-83.186,6
42.269,-71.657,6
41.865,-87.655,6
41.042,-73.937,6
42.281,-83.27,6
42.288,-83.278,6
41.871,-87.65,6
41.873,-87.65,6
41.877,-87.814,6
42.314,-71.226,6
42.318,-83.227,6
41.88,-71.062,6
42.336,-71.169,6
42.34,-71.043,6
41.885,-87.797,6
41.885,-87.77,6
42.343,-71.116,6
41.886,-87.615,6
42.346,-71.062,6
42.347,-71.079,6
42.36,-83.445,6
42.051,-88.087,5
41.977,-87.905,5
40.893,-73.849,5
41.896,-88.111,5
40.895,-74.16,5
41.904,-87.632,5
42.335,-71.167,5
41.944,-87.678,5
41.915,-87.652,5
42.505,-71.129,5
41.909,-87.813,5
41.909,-87.674,5
41.711,-72.764,5
41.873,-87.816,5
42.987,-85.816,5
41.992,-70.988,5
41.89,-87.853,5
42.358,-83.069,5
40.908,-73.785,5
42.985,-85.601,5
41.91,-88.339,5
41.513,-73.953,5
42.292,-71.125,5
41.918,-87.917,5
42.02,-87.675,5
44.991,-93.176,5
41.935,-87.772,5
41.768,-88.271,5
42.33,-83.131,5
41.778,-88.178,5
41.918,-87.689,5
42.021,-88.287,5
42.531,-83.577,5
43.571,-89.471,5
41.918,-87.638,5
42.278,-83.611,5
41.919,-88.076,5
47.462,-122.329,5
42.458,-83.373,5
42.275,-83.357,5
42.541,-83.213,5
41.892,-87.623,5
43.056,-87.972,5
42.023,-87.685,5
42.052,-88.085,5
42.549,-83.44,5
42.428,-71.069,5
42.461,-83.044,5
41.153,-73.426,5
42.11,-83.408,5
42.977,-85.715,5
41.963,-87.713,5
41.861,-88.05,5
42.838,-85.627,5
42.046,-87.892,5
42.253,-71.027,5
42.91,-85.614,5
42.554,-82.902,5
42.046,-87.832,5
41.601,-88.238,5
42.824,-86.091,5
41.756,-88.203,5
41.959,-87.722,5
41.923,-87.774,5
43.163,-79.926,5
42.909,-85.559,5
42.351,-71.066,5
41.22,-73.59,5
41.101,-73.439,5
42.325,-83.272,5
42.325,-83.273,5
42.324,-71.419,5
42.323,-71.057,5
42.338,-83.039,5
41.482,-88.086,5
42.01,-87.673,5
41.852,-87.725,5
42.339,-71.05,5
41.988,-87.774,5
41.98,-87.788,5
42.601,-83.168,5
42.422,-83.249,5
45.48,9.203,5
42.206,-87.816,5
42.473,-83.222,5
42.369,-83.308,5
41.851,-87.788,5
42.474,-96.413,5
41.382,-79.704,5
42.347,-83.171,5
42.195,-83.259,5
41.936,-87.785,5
41.828,-87.783,5
42.101,-70.971,5
42.086,-71.372,5
42.638,-71.316,5
41.849,-87.623,5
42.638,-71.055,5
41.645,-70.242,5
42.904,-71.365,5
41.908,-88.092,5
42.902,-85.663,5
42.425,-83.195,5
42.319,-71.051,5
42.17,-71.071,5
42.972,-85.772,5
41.002,-73.66,5
45.534,-122.686,5
47.86,-122.284,5
47.865,-122.25,5
41.846,-87.68,5
41.959,-87.795,5
41.972,-87.79,5
42.826,-85.704,5
42.083,-88.446,5
42.1,-71.027,5
41.846,-87.754,5
42.039,-71.243,5
41.735,-87.799,5
45.55,-122.667,5
42.346,-83.384,5
42.736,-71.016,5
42.382,-88.094,5
41.976,-87.81,5
43.519,-116.126,5
42.062,-88.01,5
43.018,-85.686,5
40.917,-73.891,5
42.318,-83.532,5
45.619,-122.644,5
42.371,-71.122,5
42.406,-71.052,5
41.425,-87.771,5
42.062,-87.904,5
42.013,-87.665,5
42.707,-83.049,5
42.08,-71.357,5
40.996,-75.542,5
41.718,-87.769,5
42.962,-85.662,5
41.886,-87.624,5
43.009,-85.64,5
42.481,-83.468,5
42.408,-71.117,5
42.314,-83.398,5
41.792,-88.237,5
42.411,-71.551,5
41.902,-87.678,5
41.025,-73.72,5
41.957,-87.777,5
42.311,-71.796,5
42.9,-85.666,5
42.956,-85.776,5
42.914,-85.547,5
42.118,-88.006,5
42.132,-88.016,5
42.306,-83.335,5
43.115,-85.514,5
42.49,-83.064,5
42.13,-87.825,5
41.915,-87.753,5
41.942,-88.725,5
43.326,-79.794,5
41.975,-87.751,5
41.75,-88.215,5
41.711,-88.149,5
42.301,-71.429,5
42.393,-88.066,5
42.949,-87.949,5
25.793,-80.223,5
33.606,-112.213,5
26.19,-80.19,5
25.885,-80.341,5
33.581,-83.784,5
32.731,-96.846,5
33.575,-83.979,5
40.786,-73.728,5
25.886,-80.315,5
32.734,-97.337,5
32.734,-97.333,5
25.886,-80.31,5
33.537,-84.372,5
32.734,-97.106,5
26.186,-80.257,5
33.519,-112.097,5
33.514,-86.779,5
25.886,-80.23,5
26.181,-80.139,5
26.181,-80.195,5
33.491,-112.133,5
33.48,-112.072,5
25.887,-80.311,5
33.46,-112.207,5
33.453,-84.24,5
26.174,-80.19,5
32.74,-97.161,5
39.817,-104.938,5
29.756,-95.463,5
32.742,-97.024,5
32.742,-96.883,5
29.701,-95.845,5
32.743,-96.826,5
33.386,-111.877,5
26.168,-80.109,5
32.744,-97.021,5
26.166,-80.147,5
25.575,-80.371,5
26.166,-80.25,5
26.165,-80.165,5
25.889,-80.302,5
29.757,-95.863,5
26.165,-80.272,5
28.597,-81.728,5
32.748,-96.886,5
33.316,-111.739,5
33.301,-96.888,5
29.757,-95.762,5
33.29,-111.863,5
33.286,-96.804,5
25.891,-80.258,5
29.529,-95.557,5
33.277,-96.591,5
26.157,-80.103,5
33.263,-111.787,5
32.752,-97.275,5
33.244,-96.896,5
33.239,-96.521,5
33.239,-96.659,5
32.753,-96.3,5
29.757,-95.402,5
26.147,-80.287,5
25.894,-80.223,5
33.228,-96.515,5
28.595,-81.346,5
25.894,-80.123,5
26.145,-80.249,5
25.897,-80.335,5
32.76,-96.868,5
29.601,-95.267,5
33.206,-96.75,5
33.2,-97.159,5
33.198,-97.135,5
33.194,-96.858,5
33.194,-96.88,5
33.19,-96.83,5
25.579,-80.367,5
32.766,-97.392,5
39.783,-104.785,5
32.766,-96.822,5
26.139,-80.204,5
32.766,-96.677,5
32.767,-96.794,5
40.767,-73.918,5
32.768,-97.411,5
32.768,-97.309,5
25.904,-80.287,5
25.579,-80.349,5
39.783,-104.957,5
33.17,-96.833,5
39.782,-104.799,5
39.782,-104.883,5
29.701,-95.397,5
25.909,-80.153,5
25.58,-80.372,5
33.155,-96.892,5
26.13,-80.148,5
33.151,-96.749,5
33.151,-96.826,5
32.776,-96.31,5
39.778,-104.847,5
33.151,-96.837,5
32.777,-96.479,5
32.778,-96.786,5
33.148,-96.759,5
32.778,-96.574,5
26.125,-80.258,5
26.124,-80.137,5
29.701,-95.289,5
32.78,-97.371,5
33.142,-96.677,5
26.122,-80.201,5
33.142,-96.812,5
32.781,-96.793,5
28.585,-81.269,5
40.768,-73.925,5
32.783,-96.781,5
32.783,-96.77,5
39.77,-104.972,5
32.784,-97.096,5
39.77,-105.054,5
26.119,-98.256,5
29.76,-95.48,5
26.118,-80.14,5
33.123,-97.031,5
29.76,-95.462,5
33.117,-96.779,5
26.116,-80.41,5
32.787,-96.799,5
33.113,-96.831,5
33.113,-97.114,5
26.112,-80.105,5
26.112,-80.216,5
33.112,-96.684,5
-12.134,-76.997,5
33.111,-96.78,5
25.918,-80.156,5
32.79,-96.595,5
40.746,-73.859,5
25.919,-80.214,5
32.791,-96.802,5
25.92,-80.351,5
32.791,-96.795,5
26.109,-80.201,5
26.109,-80.39,5
32.792,-96.805,5
33.106,-96.808,5
33.106,-96.829,5
33.105,-96.66,5
33.105,-96.892,5
29.761,-95.488,5
32.793,-96.815,5
39.769,-105.147,5
26.107,-80.175,5
33.103,-96.798,5
32.794,-96.764,5
25.922,-80.203,5
39.767,-104.982,5
40.781,-73.226,5
40.769,-74.184,5
33.095,-96.912,5
33.09,-96.799,5
28.581,-81.477,5
26.103,-80.418,5
25.924,-80.355,5
32.798,-97.001,5
32.799,-97.308,5
25.585,-80.371,5
26.101,-80.295,5
25.925,-80.15,5
32.801,-96.808,5
39.763,-104.99,5
29.762,-95.756,5
25.586,-80.393,5
40.769,-73.887,5
29.762,-95.463,5
33.08,-96.764,5
33.079,-96.828,5
25.926,-80.154,5
33.076,-96.512,5
33.075,-96.701,5
26.096,-80.202,5
29.762,-95.414,5
28.579,-81.453,5
26.096,-80.246,5
26.094,-80.137,5
26.093,-80.169,5
32.806,-96.805,5
33.073,-96.819,5
33.073,-96.88,5
25.927,-80.284,5
32.807,-96.805,5
29.762,-95.364,5
32.807,-96.481,5
29.651,-95.108,5
32.808,-97.432,5
28.577,-81.518,5
32.809,-96.86,5
33.065,-96.75,5
25.929,-80.134,5
25.929,-80.125,5
33.061,-96.775,5
26.088,-80.154,5
32.812,-96.84,5
25.931,-80.306,5
25.931,-80.295,5
33.057,-96.789,5
25.931,-80.215,5
25.931,-80.205,5
29.702,-95.286,5
25.931,-80.198,5
32.814,-96.818,5
32.815,-97.146,5
25.932,-80.302,5
25.932,-80.158,5
29.603,-95.449,5
32.817,-96.79,5
26.082,-80.243,5
39.754,-104.964,5
25.59,-80.322,5
29.764,-95.403,5
32.821,-117.168,5
33.042,-97.063,5
25.936,-80.259,5
26.078,-80.244,5
39.753,-104.989,5
29.764,-95.372,5
29.65,-95.535,5
33.041,-97.071,5
32.822,-97.163,5
33.04,-96.711,5
32.823,-96.968,5
32.823,-96.654,5
39.752,-105.002,5
32.825,-97.047,5
33.033,-97.384,5
33.032,-96.592,5
33.032,-97.035,5
33.03,-96.708,5
26.069,-80.408,5
33.029,-96.793,5
32.828,-97.091,5
33.029,-96.889,5
29.574,-95.15,5
25.94,-80.139,5
33.027,-96.687,5
40.771,-73.989,5
33.024,-96.692,5
25.941,-80.275,5
33.024,-97.268,5
33.023,-97.264,5
25.941,-80.162,5
29.766,-95.511,5
39.745,-104.989,5
32.834,-96.961,5
33.019,-96.74,5
33.018,-96.696,5
32.835,-97.262,5
26.061,-80.202,5
33.017,-96.589,5
33.016,-96.844,5
40.78,-74.23,5
32.835,-96.587,5
33.015,-96.99,5
25.943,-80.188,5
29.604,-95.222,5
25.944,-80.171,5
32.837,-96.913,5
33.01,-96.598,5
26.053,-80.143,5
33.01,-97.015,5
32.839,-97.069,5
32.839,-96.949,5
25.945,-80.175,5
32.84,-97.5,5
33.009,-96.941,5
32.84,-97.123,5
33.007,-96.684,5
32.84,-96.599,5
32.84,-96.594,5
29.767,-95.396,5
29.648,-95.531,5
33.007,-97.012,5
33.007,-97.437,5
32.842,-97.238,5
25.947,-80.347,5
26.046,-80.208,5
33.005,-96.82,5
33.005,-96.978,5
32.844,-97.142,5
29.768,-95.357,5
25.948,-80.347,5
33.004,-96.883,5
26.043,-80.219,5
32.846,-96.982,5
40.779,-73.956,5
26.04,-80.26,5
33.002,-97.224,5
39.741,-105.019,5
26.039,-80.156,5
33.0,-96.871,5
32.848,-96.986,5
29.703,-95.287,5
32.849,-97.263,5
25.951,-80.134,5
25.952,-80.324,5
32.851,-97.079,5
32.996,-96.749,5
26.033,-80.234,5
32.995,-96.597,5
26.033,-80.319,5
26.032,-80.256,5
32.852,-96.739,5
32.994,-97.018,5
25.953,-80.297,5
39.739,-104.987,5
32.992,-96.709,5
32.992,-96.933,5
32.991,-97.061,5
32.99,-96.873,5
40.868,-74.142,5
26.029,-80.315,5
32.989,-96.704,5
26.028,-80.363,5
32.988,-96.882,5
25.955,-80.332,5
32.987,-96.711,5
32.984,-96.71,5
32.984,-96.877,5
25.956,-80.142,5
32.982,-97.119,5
25.958,-80.145,5
26.024,-80.401,5
32.864,-96.9,5
32.864,-96.643,5
32.865,-97.29,5
25.96,-80.147,5
26.021,-80.15,5
25.961,-80.197,5
25.962,-80.329,5
32.971,-96.881,5
29.771,-95.818,5
39.735,-104.995,5
32.867,-96.766,5
32.867,-96.752,5
28.556,-81.635,5
39.734,-105.109,5
26.019,-80.22,5
40.777,-73.699,5
32.969,-97.042,5
32.869,-96.649,5
32.968,-96.86,5
25.606,-80.372,5
32.967,-97.043,5
26.016,-80.159,5
32.966,-97.038,5
28.553,-81.377,5
32.964,-96.851,5
32.961,-96.759,5
32.877,-97.405,5
26.013,-80.143,5
32.96,-97.264,5
26.013,-80.404,5
32.879,-97.251,5
32.958,-96.673,5
32.958,-96.805,5
32.958,-96.843,5
32.957,-97.095,5
26.012,-80.311,5
25.97,-80.316,5
25.97,-80.146,5
26.011,-80.162,5
32.882,-96.507,5
26.011,-80.36,5
32.886,-96.45,5
32.886,-96.41,5
32.951,-96.85,5
26.01,-80.423,5
25.609,-80.437,5
39.725,-105.002,5
39.725,-105.052,5
25.974,-80.221,5
32.948,-96.822,5
32.89,-96.683,5
26.009,-80.394,5
25.975,-80.156,5
25.976,-80.349,5
32.892,-96.703,5
32.945,-96.82,5
39.724,-104.79,5
25.977,-80.361,5
32.943,-96.651,5
25.977,-80.144,5
32.894,-96.7,5
29.772,-95.366,5
32.943,-97.014,5
32.942,-97.027,5
32.941,-96.878,5
25.979,-80.347,5
26.007,-80.359,5
26.007,-80.361,5
26.006,-80.177,5
40.775,-74.235,5
25.979,-80.199,5
32.898,-97.039,5
25.981,-80.33,5
26.005,-80.27,5
26.005,-80.285,5
32.899,-96.614,5
29.772,-95.171,5
25.612,-80.438,5
32.938,-97.083,5
26.003,-80.334,5
32.936,-96.923,5
29.646,-95.709,5
25.983,-80.308,5
32.935,-96.855,5
32.934,-96.812,5
26.002,-80.207,5
32.904,-97.29,5
32.934,-96.818,5
25.984,-80.301,5
32.934,-96.852,5
32.904,-96.799,5
32.904,-96.713,5
32.933,-96.629,5
29.704,-95.423,5
26.001,-80.195,5
26.001,-80.343,5
25.999,-80.251,5
32.906,-96.385,5
39.711,-104.829,5
32.932,-96.597,5
25.997,-80.306,5
25.985,-80.146,5
32.909,-96.717,5
32.929,-96.995,5
28.549,-81.387,5
32.928,-96.462,5
32.928,-97.173,5
25.994,-80.16,5
32.913,-97.3,5
25.994,-80.339,5
32.927,-96.673,5
25.992,-80.159,5
25.988,-80.279,5
32.915,-96.956,5
25.988,-80.197,5
25.991,-80.131,5
32.916,-96.955,5
32.922,-96.719,5
32.918,-96.95,5
32.918,-96.731,5
32.922,-97.202,5
25.991,-80.342,5
29.774,-95.738,5
39.703,-104.934,5
25.624,-80.318,5
29.643,-95.472,5
28.544,-81.349,5
29.775,-95.458,5
29.775,-95.303,5
39.691,-105.071,5
29.611,-95.682,5
39.688,-105.081,5
29.776,-95.612,5
29.516,-95.424,5
39.686,-104.783,5
29.612,-95.22,5
28.54,-81.37,5
39.681,-105.058,5
29.777,-95.952,5
29.777,-95.782,5
25.633,-80.428,5
29.679,-95.837,5
29.679,-95.842,5
29.778,-95.85,5
29.778,-95.73,5
25.639,-80.447,5
29.706,-95.91,5
25.64,-80.443,5
25.641,-80.41,5
29.779,-95.191,5
28.532,-81.305,5
39.659,-104.846,5
39.656,-104.809,5
29.614,-95.613,5
39.654,-104.979,5
39.65,-105.001,5
39.645,-104.884,5
29.781,-95.546,5
29.706,-95.439,5
28.524,-80.645,5
25.647,-80.414,5
28.523,-81.259,5
39.619,-104.894,5
28.523,-81.473,5
39.609,-104.904,5
29.617,-95.506,5
29.677,-95.172,5
25.652,-80.276,5
39.59,-104.733,5
40.863,-73.903,5
29.784,-95.877,5
29.784,-95.603,5
40.751,-73.942,5
29.784,-95.555,5
29.784,-95.477,5
39.53,-119.814,5
39.51,-104.759,5
29.637,-95.597,5
29.617,-95.17,5
29.785,-95.706,5
29.785,-95.691,5
39.466,-76.627,5
28.513,-81.16,5
29.785,-95.597,5
29.578,-95.25,5
29.785,-95.544,5
39.453,-76.621,5
29.785,-95.356,5
29.785,-95.175,5
29.785,-95.174,5
39.45,-76.815,5
28.513,-81.458,5
39.428,-104.986,5
39.426,-77.463,5
39.423,-77.11,5
29.636,-95.243,5
29.786,-95.455,5
25.66,-80.315,5
40.751,-73.893,5
29.636,-95.42,5
28.506,-81.376,5
39.389,-77.336,5
25.662,-80.41,5
25.663,-80.411,5
29.787,-95.332,5
28.505,-81.588,5
29.708,-95.8,5
39.361,-76.787,5
40.861,-73.93,5
29.788,-95.595,5
39.339,-84.286,5
39.334,-77.475,5
25.666,-80.334,5
29.789,-95.539,5
29.708,-95.527,5
29.708,-95.52,5
25.669,-80.322,5
28.492,-81.297,5
28.492,-81.393,5
29.79,-95.689,5
28.492,-81.459,5
29.62,-95.201,5
39.288,-77.204,5
29.633,-95.467,5
29.791,-95.449,5
25.672,-80.418,5
28.487,-81.402,5
28.487,-81.424,5
39.261,-76.524,5
39.261,-76.697,5
39.256,-77.209,5
39.249,-77.234,5
29.794,-95.686,5
29.794,-95.577,5
25.675,-80.412,5
28.48,-81.251,5
28.48,-81.394,5
29.709,-95.819,5
25.676,-80.443,5
29.562,-95.766,5
29.709,-95.778,5
29.796,-95.791,5
29.796,-95.735,5
39.207,-84.449,5
29.684,-95.82,5
39.203,-77.257,5
28.475,-81.394,5
29.622,-95.449,5
39.194,-77.271,5
29.798,-95.719,5
29.709,-95.4,5
28.473,-81.623,5
29.498,-95.119,5
29.798,-95.138,5
39.189,-77.274,5
29.799,-95.721,5
25.681,-80.341,5
29.799,-95.544,5
29.71,-95.841,5
28.471,-81.473,5
29.677,-95.496,5
39.183,-89.046,5
25.683,-80.32,5
39.179,-77.15,5
39.179,-77.235,5
25.684,-80.392,5
29.677,-95.528,5
25.684,-80.319,5
29.581,-95.668,5
39.177,-77.241,5
39.174,-76.841,5
29.624,-95.244,5
29.624,-95.553,5
29.803,-95.501,5
29.554,-95.694,5
29.803,-95.115,5
29.69,-95.535,5
29.804,-94.995,5
39.167,-77.157,5
29.806,-95.453,5
40.744,-74.227,5
25.686,-80.382,5
29.676,-95.535,5
28.458,-81.404,5
29.676,-95.726,5
39.159,-77.169,5
39.159,-77.2,5
28.455,-81.491,5
29.81,-95.781,5
25.688,-80.394,5
39.152,-77.213,5
28.453,-81.386,5
39.15,-77.17,5
25.689,-80.445,5
25.689,-80.414,5
29.582,-95.153,5
28.452,-81.578,5
28.45,-81.48,5
29.482,-95.508,5
29.675,-95.299,5
40.742,-74.178,5
25.689,-80.306,5
29.712,-95.316,5
29.812,-95.435,5
28.449,-81.474,5
29.813,-95.797,5
25.69,-80.365,5
28.447,-81.46,5
29.69,-95.054,5
29.713,-95.398,5
40.741,-73.99,5
28.442,-81.551,5
40.74,-73.778,5
28.441,-81.558,5
28.44,-81.45,5
25.691,-80.32,5
29.815,-95.541,5
29.815,-95.43,5
29.714,-95.775,5
25.692,-80.402,5
29.816,-95.793,5
39.127,-77.203,5
29.817,-95.805,5
39.126,-94.826,5
39.124,-77.165,5
25.693,-80.158,5
29.817,-95.514,5
29.714,-95.597,5
29.817,-95.34,5
39.116,-76.736,5
29.675,-95.379,5
29.817,-94.897,5
25.695,-80.34,5
25.696,-80.457,5
29.818,-95.558,5
39.113,-76.773,5
39.113,-94.555,5
29.819,-95.72,5
29.675,-95.42,5
29.714,-95.496,5
29.471,-95.439,5
39.1,-76.813,5
28.427,-81.396,5
40.738,-73.921,5
29.822,-95.503,5
29.822,-95.392,5
25.7,-80.296,5
40.738,-74.0,5
28.424,-81.619,5
39.092,-76.816,5
29.825,-95.763,5
29.825,-95.733,5
28.421,-81.339,5
25.702,-80.29,5
28.421,-81.371,5
29.827,-95.5,5
40.737,-73.805,5
25.706,-80.418,5
29.828,-95.489,5
28.416,-81.582,5
25.706,-80.29,5
25.706,-80.288,5
40.735,-73.596,5
28.413,-81.646,5
28.412,-81.42,5
39.065,-77.053,5
28.411,-81.456,5
25.708,-80.403,5
29.675,-95.542,5
40.734,-74.164,5
25.709,-80.411,5
28.408,-81.409,5
25.71,-80.461,5
39.049,-77.452,5
28.406,-81.535,5
29.583,-95.179,5
29.46,-95.275,5
29.833,-95.783,5
39.046,-76.978,5
28.402,-81.245,5
25.711,-80.405,5
29.833,-94.982,5
25.711,-80.279,5
39.045,-94.657,5
28.402,-81.67,5
25.712,-80.399,5
25.712,-80.373,5
29.834,-95.383,5
28.399,-81.22,5
25.713,-80.449,5
39.034,-76.923,5
29.835,-95.556,5
40.731,-73.864,5
39.033,-77.024,5
28.394,-81.336,5
28.394,-81.485,5
29.836,-95.341,5
29.836,-95.31,5
39.027,-84.728,5
39.024,-77.147,5
29.837,-95.714,5
28.392,-81.334,5
40.73,-73.997,5
40.729,-74.011,5
39.019,-76.969,5
39.016,-76.929,5
25.716,-80.274,5
29.839,-95.728,5
39.005,-77.054,5
29.84,-95.408,5
29.717,-95.404,5
39.003,-76.95,5
28.385,-81.4,5
29.841,-95.334,5
28.384,-81.404,5
25.718,-80.275,5
29.842,-95.518,5
29.718,-95.503,5
40.724,-73.998,5
38.996,-76.902,5
38.996,-76.999,5
29.585,-95.664,5
28.38,-81.489,5
29.845,-95.405,5
29.846,-95.96,5
29.846,-95.886,5
29.846,-95.795,5
10.98,-74.841,5
38.986,-77.096,5
38.985,-76.965,5
28.377,-81.553,5
25.721,-80.279,5
29.846,-95.533,5
29.846,-95.517,5
38.982,-77.442,5
38.974,-76.875,5
25.723,-80.276,5
29.848,-95.319,5
29.431,-95.057,5
38.968,-94.732,5
38.967,-76.951,5
38.962,-76.997,5
38.962,-77.027,5
38.962,-77.489,5
28.371,-81.371,5
29.561,-95.391,5
25.726,-80.347,5
29.85,-95.321,5
25.726,-80.323,5
29.43,-98.608,5
28.369,-81.501,5
29.851,-95.452,5
25.727,-80.46,5
38.953,-76.73,5
28.366,-81.429,5
38.947,-77.023,5
29.425,-95.059,5
38.93,-94.663,5
29.72,-95.518,5
38.926,-76.902,5
38.922,-77.483,5
29.855,-95.823,5
25.729,-80.265,5
25.73,-80.437,5
29.856,-95.502,5
25.73,-80.34,5
38.911,-121.062,5
38.91,-94.621,5
25.73,-80.24,5
29.857,-95.643,5
40.71,-73.791,5
40.71,-73.83,5
29.858,-94.924,5
40.71,-73.998,5
28.352,-81.314,5
38.893,-77.187,5
29.41,-95.068,5
29.859,-95.626,5
29.409,-95.811,5
38.886,-76.815,5
25.732,-80.383,5
38.884,-94.709,5
38.883,-76.95,5
28.347,-81.613,5
29.672,-95.756,5
29.86,-95.385,5
25.732,-80.354,5
29.861,-95.656,5
29.861,-95.646,5
29.861,-95.573,5
40.745,-73.876,5
25.732,-80.292,5
38.862,-77.091,5
28.344,-81.456,5
38.858,-77.228,5
28.343,-81.237,5
28.343,-81.345,5
38.857,-77.32,5
29.862,-95.643,5
28.341,-81.265,5
25.733,-80.238,5
38.837,-77.113,5
38.836,-94.693,5
38.831,-77.206,5
40.879,-73.865,5
29.722,-95.486,5
40.755,-73.999,5
38.82,-94.532,5
28.338,-81.438,5
29.723,-95.834,5
25.734,-80.162,5
29.866,-95.193,5
29.867,-95.786,5
25.735,-80.258,5
38.794,-77.515,5
38.791,-121.211,5
29.868,-95.646,5
38.788,-89.91,5
40.704,-73.899,5
38.787,-104.737,5
28.333,-81.525,5
40.704,-73.994,5
38.774,-121.27,5
29.87,-95.722,5
28.327,-81.355,5
38.768,-121.335,5
38.761,-121.308,5
29.87,-95.541,5
29.87,-95.501,5
29.723,-95.425,5
28.326,-81.413,5
29.87,-95.414,5
29.723,-95.378,5
38.759,-90.459,5
29.871,-95.733,5
38.756,-90.415,5
29.723,-95.344,5
29.871,-95.525,5
28.324,-81.386,5
25.739,-80.255,5
29.872,-95.734,5
25.739,-80.238,5
29.872,-95.417,5
29.683,-95.578,5
29.873,-95.632,5
29.874,-95.702,5
38.733,-93.217,5
29.874,-95.523,5
38.711,-90.311,5
38.694,-77.217,5
28.317,-81.428,5
40.699,-73.994,5
29.876,-95.511,5
29.724,-95.469,5
38.666,-77.346,5
38.657,-121.264,5
29.877,-95.625,5
38.644,-121.136,5
38.641,-90.639,5
29.877,-95.315,5
29.361,-95.441,5
28.31,-81.424,5
38.633,-90.204,5
29.878,-95.506,5
38.63,-90.093,5
29.724,-95.346,5
28.308,-81.436,5
28.308,-81.442,5
40.696,-74.171,5
38.617,-90.257,5
28.308,-82.325,5
29.88,-95.73,5
29.724,-95.12,5
25.747,-80.235,5
25.748,-80.258,5
38.595,-90.254,5
38.589,-90.483,5
38.589,-121.298,5
38.585,-90.493,5
38.584,-121.371,5
38.575,-121.483,5
40.695,-73.918,5
29.884,-95.748,5
38.558,-121.337,5
29.885,-95.701,5
25.751,-80.221,5
29.885,-95.486,5
25.752,-80.237,5
29.725,-95.484,5
28.283,-81.641,5
29.725,-95.475,5
28.282,-81.344,5
29.887,-95.496,5
38.52,-121.475,5
40.694,-74.001,5
38.518,-121.409,5
28.273,-81.465,5
38.507,-121.442,5
38.498,-121.434,5
25.753,-80.246,5
38.476,-121.493,5
25.754,-80.378,5
29.89,-95.619,5
25.754,-80.375,5
38.453,-122.75,5
29.892,-95.739,5
29.892,-95.696,5
25.755,-80.396,5
38.356,-75.636,5
38.324,-121.939,5
28.254,-81.322,5
25.755,-80.235,5
18.683,-68.413,5
28.253,-81.606,5
38.245,-85.611,5
28.252,-81.586,5
38.207,-122.179,5
29.896,-95.604,5
25.756,-80.249,5
38.135,-121.261,5
29.897,-95.742,5
40.683,-73.838,5
29.897,-95.638,5
29.282,-94.801,5
25.757,-80.319,5
38.02,-121.956,5
29.898,-95.458,5
29.726,-95.339,5
38.016,-122.141,5
19.418,-99.161,5
28.245,-81.46,5
37.997,-121.81,5
29.693,-95.516,5
25.758,-80.267,5
37.994,-122.031,5
29.727,-95.918,5
25.758,-80.19,5
37.978,-121.305,5
28.24,-81.487,5
29.902,-95.588,5
29.902,-95.489,5
25.76,-80.283,5
37.96,-122.367,5
25.76,-80.199,5
25.76,-80.191,5
28.227,-81.15,5
28.226,-82.329,5
29.904,-95.39,5
29.727,-95.539,5
28.214,-81.476,5
29.727,-95.498,5
37.941,-122.321,5
28.211,-81.679,5
29.906,-95.333,5
20.06,-102.719,5
25.761,-80.308,5
40.756,-73.764,5
37.919,-122.372,5
29.909,-95.629,5
28.199,-81.467,5
29.909,-95.491,5
25.761,-80.194,5
37.896,-122.061,5
29.67,-95.577,5
28.187,-82.701,5
29.911,-95.457,5
37.822,-122.001,5
29.693,-95.324,5
25.763,-80.231,5
28.158,-81.439,5
28.148,-81.465,5
29.916,-95.456,5
29.916,-95.333,5
29.917,-95.505,5
37.754,-121.434,5
29.918,-95.52,5
25.764,-80.27,5
29.919,-95.454,5
37.745,-121.405,5
37.731,-121.941,5
20.965,-86.832,5
37.73,-122.189,5
37.714,-122.133,5
25.765,-80.369,5
29.922,-95.589,5
29.922,-95.557,5
29.211,-81.044,5
29.922,-95.504,5
29.922,-95.447,5
29.923,-95.65,5
28.061,-82.571,5
29.923,-95.452,5
37.554,-122.059,5
37.497,-121.974,5
37.47,-122.148,5
29.589,-95.098,5
37.39,-122.071,5
40.757,-73.971,5
37.389,-121.865,5
37.349,-108.557,5
28.046,-82.691,5
29.926,-95.384,5
37.256,-121.999,5
29.927,-95.586,5
29.73,-95.823,5
29.928,-95.648,5
36.999,-122.065,5
29.928,-95.448,5
36.977,-84.118,5
36.8,-120.74,5
29.93,-95.505,5
25.766,-80.223,5
29.73,-95.581,5
29.93,-95.262,5
36.481,-86.86,5
40.652,-74.224,5
25.766,-80.215,5
36.389,-86.448,5
28.004,-82.512,5
29.933,-95.576,5
40.651,-74.023,5
29.933,-95.426,5
25.766,-80.202,5
29.933,-95.254,5
29.73,-95.313,5
36.333,-86.555,5
36.323,-86.621,5
29.143,-95.421,5
29.936,-95.464,5
29.937,-95.66,5
36.297,-86.595,5
29.937,-95.481,5
27.981,-82.513,5
29.937,-95.413,5
36.24,-83.292,5
29.938,-95.626,5
29.938,-95.432,5
36.18,-86.771,5
40.646,-75.472,5
36.179,-86.606,5
25.767,-80.136,5
25.768,-80.368,5
29.731,-95.501,5
40.757,-73.881,5
36.15,-86.813,5
25.768,-80.253,5
29.94,-95.297,5
29.941,-95.701,5
36.107,-95.838,5
29.941,-95.496,5
36.087,-115.139,5
29.731,-95.462,5
36.072,-86.594,5
36.07,-79.8,5
36.06,-95.877,5
27.944,-82.338,5
35.967,-83.933,5
29.943,-95.373,5
35.961,-86.815,5
25.768,-80.186,5
25.768,-80.184,5
29.944,-95.584,5
29.107,-81.003,5
29.945,-95.599,5
29.694,-95.609,5
29.732,-95.909,5
25.769,-80.271,5
25.769,-80.236,5
35.466,139.616,5
40.634,-74.023,5
40.634,-75.381,5
35.454,-120.64,5
29.947,-95.654,5
29.947,-95.573,5
29.947,-95.463,5
35.354,-80.821,5
35.316,-81.204,5
29.694,-95.529,5
29.949,-95.401,5
35.261,-80.798,5
29.949,-94.838,5
29.732,-95.477,5
29.95,-95.427,5
25.77,-80.256,5
29.732,-95.439,5
35.226,-100.248,5
29.952,-95.77,5
29.952,-95.591,5
35.201,-81.372,5
25.77,-80.131,5
29.953,-95.268,5
29.953,-93.985,5
29.669,-95.751,5
25.771,-80.321,5
35.168,-80.743,5
29.955,-95.527,5
29.955,-95.482,5
27.767,-82.669,5
29.955,-95.432,5
27.739,-82.392,5
35.137,-101.632,5
29.957,-95.486,5
29.732,-95.241,5
29.958,-95.537,5
35.108,-81.006,5
40.63,-73.631,5
40.629,-74.156,5
29.959,-95.452,5
25.449,-80.46,5
29.96,-95.528,5
29.733,-95.523,5
34.995,-78.13,5
40.625,-74.0,5
29.733,-95.514,5
27.477,-82.546,5
27.459,-82.666,5
27.446,-80.348,5
34.69,-118.076,5
40.624,-74.0,5
29.964,-95.476,5
34.591,-118.134,5
29.733,-95.403,5
29.965,-95.171,5
29.966,-95.581,5
29.966,-95.419,5
40.621,-74.027,5
34.448,-118.662,5
29.967,-95.669,5
29.694,-95.368,5
27.391,-82.46,5
27.386,-82.556,5
25.773,-80.193,5
29.734,-95.777,5
25.457,-80.468,5
29.97,-95.704,5
25.773,-80.132,5
29.97,-95.394,5
34.308,-118.431,5
34.305,-118.439,5
25.774,-80.214,5
34.283,-118.441,5
27.312,-80.409,5
40.618,-74.023,5
25.775,-80.215,5
34.269,-118.479,5
27.285,-80.419,5
27.284,-80.35,5
34.269,-118.779,5
40.618,-74.074,5
25.775,-80.137,5
27.274,-80.372,5
29.978,-95.271,5
34.26,-118.336,5
27.265,-80.285,5
34.26,-118.404,5
25.776,-80.372,5
34.258,-85.085,5
29.981,-95.278,5
27.26,-80.389,5
29.982,-95.426,5
27.251,-80.276,5
27.242,-80.345,5
40.611,-75.362,5
40.823,-73.902,5
34.242,-118.429,5
34.241,-118.54,5
25.777,-80.214,5
29.987,-95.552,5
26.944,-80.131,5
34.238,-118.528,5
40.758,-73.541,5
29.988,-95.728,5
34.238,-118.644,5
29.988,-95.404,5
34.237,-118.556,5
26.886,-80.113,5
40.823,-73.939,5
29.989,-95.325,5
29.989,-95.185,5
29.99,-95.636,5
29.99,-95.568,5
29.695,-95.509,5
40.747,-73.734,5
26.846,-80.059,5
25.778,-80.273,5
29.991,-95.434,5
29.992,-95.742,5
28.946,-81.246,5
40.608,-73.994,5
34.224,-118.452,5
26.829,-80.091,5
34.218,-118.541,5
29.735,-95.565,5
29.995,-95.311,5
25.779,-80.271,5
34.215,-118.843,5
29.591,-95.206,5
34.213,-118.536,5
29.997,-95.408,5
26.761,-80.081,5
34.211,-118.388,5
25.78,-80.374,5
26.759,-80.096,5
25.78,-80.298,5
34.2,-118.405,5
34.2,-118.43,5
30.001,-95.764,5
26.739,-80.111,5
29.735,-95.459,5
34.198,-118.401,5
30.001,-95.155,5
34.196,-118.548,5
30.002,-95.417,5
40.604,-74.084,5
30.004,-95.46,5
28.911,-81.278,5
34.193,-118.499,5
34.192,-118.368,5
40.603,-73.986,5
34.191,-118.531,5
30.006,-95.409,5
34.189,-118.387,5
30.007,-95.572,5
34.189,-118.454,5
34.189,-118.505,5
29.735,-95.328,5
29.667,-95.681,5
26.718,-80.079,5
34.189,-118.659,5
34.187,-118.364,5
26.713,-80.06,5
28.905,-81.233,5
30.01,-95.421,5
34.183,-118.452,5
25.782,-80.205,5
30.013,-95.602,5
30.013,-95.516,5
34.177,-118.254,5
29.736,-95.627,5
34.173,-118.537,5
25.783,-80.239,5
34.17,-118.151,5
40.6,-74.147,5
29.667,-95.747,5
34.168,-118.418,5
25.784,-80.355,5
34.167,-118.368,5
30.017,-95.645,5
30.017,-95.442,5
40.598,-73.963,5
30.018,-95.807,5
34.162,-118.254,5
34.162,-118.261,5
34.162,-118.377,5
26.691,-80.155,5
26.69,-80.204,5
26.686,-80.245,5
40.597,-75.488,5
26.685,-80.126,5
30.021,-95.428,5
34.159,-118.329,5
34.156,-118.283,5
25.785,-80.226,5
29.544,-95.355,5
29.736,-95.505,5
4.217,-72.771,5
26.68,-80.191,5
25.786,-80.368,5
34.15,-118.25,5
25.786,-80.267,5
26.677,-80.055,5
34.149,-118.357,5
26.677,-80.078,5
29.736,-95.43,5
30.026,-95.586,5
30.026,-95.415,5
25.786,-80.201,5
34.145,-118.258,5
30.027,-95.457,5
34.142,-118.029,5
25.787,-80.38,5
25.787,-80.328,5
30.03,-95.608,5
34.139,-117.983,5
30.031,-95.505,5
30.032,-95.494,5
30.034,-95.527,5
25.788,-80.224,5
40.562,-75.486,5
30.039,-95.686,5
34.129,-118.705,5
25.788,-80.2,5
34.12,-117.503,5
25.788,-80.134,5
25.478,-80.467,5
40.516,-105.06,5
34.114,-118.194,5
26.651,-80.262,5
34.113,-117.576,5
40.875,-74.54,5
30.047,-95.411,5
30.048,-95.543,5
30.048,-95.493,5
30.049,-95.471,5
34.107,-117.888,5
25.789,-80.179,5
29.737,-95.374,5
34.102,-118.008,5
25.79,-80.376,5
25.79,-80.332,5
30.054,-95.58,5
40.818,-73.927,5
34.096,-118.19,5
29.738,-95.646,5
30.059,-95.546,5
29.738,-95.602,5
34.086,-117.896,5
30.061,-95.348,5
30.061,-95.344,5
28.802,-81.335,5
25.792,-80.241,5
30.065,-95.969,5
29.665,-95.725,5
40.817,-73.895,5
25.793,-80.386,5
30.07,-95.768,5
29.664,-95.066,5
34.072,-117.618,5
34.071,-117.596,5
34.07,-117.742,5
40.419,-3.701,5
34.07,-118.404,5
30.075,-95.457,5
26.609,-80.19,5
40.407,-104.689,5
25.793,-80.203,5
34.068,-117.924,5
30.08,-95.5,5
28.792,-81.592,5
30.081,-95.543,5
29.697,-95.813,5
34.067,-118.313,5
34.066,-118.229,5
30.086,-95.522,5
34.062,-118.245,5
25.795,-80.204,5
26.586,-80.136,5
40.364,-105.544,5
25.796,-80.321,5
34.059,-118.028,5
25.796,-80.199,5
30.096,-95.44,5
25.798,-80.373,5
34.053,-118.317,5
26.573,-80.106,5
26.571,-80.089,5
30.108,-95.732,5
25.799,-80.252,5
40.215,-76.879,5
29.739,-95.474,5
34.043,-118.321,5
30.116,-95.204,5
34.042,-118.324,5
30.117,-95.407,5
29.739,-95.414,5
25.801,-80.223,5
25.494,-80.452,5
40.761,-73.961,5
30.124,-95.396,5
34.034,-118.439,5
25.802,-80.245,5
29.74,-96.108,5
26.51,-80.122,5
40.179,-105.067,5
34.031,-118.396,5
29.74,-95.798,5
34.03,-118.243,5
30.135,-95.445,5
25.497,-80.435,5
25.804,-80.334,5
25.804,-80.242,5
30.139,-95.27,5
25.804,-80.216,5
25.804,-80.214,5
30.142,-95.558,5
40.149,-74.9,5
30.145,-95.552,5
29.74,-95.5,5
34.021,-118.301,5
34.021,-118.485,5
34.02,-117.64,5
30.153,-95.581,5
26.461,-80.073,5
30.159,-95.812,5
30.16,-95.434,5
25.806,-80.241,5
30.161,-95.478,5
34.017,-118.298,5
34.017,-118.445,5
30.163,-95.455,5
30.165,-95.642,5
25.499,-80.437,5
30.166,-95.45,5
26.44,-80.081,5
26.439,-80.083,5
26.439,-80.112,5
30.168,-95.238,5
34.012,-118.08,5
40.098,-74.872,5
30.17,-95.066,5
34.009,-118.254,5
25.808,-80.328,5
26.424,-80.09,5
30.176,-95.452,5
34.007,-118.265,5
25.808,-80.193,5
40.085,-75.394,5
30.187,-95.262,5
29.685,-95.557,5
25.809,-80.339,5
26.407,-80.159,5
25.809,-80.29,5
26.405,-80.198,5
25.809,-80.211,5
25.81,-80.316,5
30.197,-95.079,5
33.993,-84.001,5
29.741,-95.359,5
30.2,-95.341,5
25.81,-80.204,5
30.202,-97.666,5
25.81,-80.199,5
33.992,-118.258,5
33.988,-118.386,5
30.21,-95.5,5
29.558,-95.086,5
33.986,-118.25,5
25.811,-80.334,5
33.985,-118.338,5
26.389,-80.128,5
33.983,-117.59,5
33.982,-118.406,5
33.982,-118.467,5
25.811,-80.169,5
33.979,-118.414,5
30.224,-81.509,5
33.976,-118.245,5
30.226,-95.5,5
33.973,-118.148,5
33.971,-118.158,5
30.235,-95.711,5
29.742,-95.416,5
26.369,-80.203,5
28.697,-81.263,5
30.248,-92.748,5
40.762,-73.972,5
25.814,-80.375,5
30.252,-95.579,5
33.964,-118.174,5
28.697,-81.309,5
33.96,-84.132,5
26.362,-80.125,5
33.959,-118.271,5
25.816,-80.312,5
29.698,-95.826,5
30.29,-95.447,5
30.291,-95.477,5
30.291,-95.465,5
33.953,-84.549,5
30.293,-95.172,5
33.952,-117.324,5
28.685,-81.529,5
26.358,-80.197,5
25.818,-80.25,5
33.949,-118.38,5
25.819,-80.33,5
33.948,-118.162,5
30.318,-81.703,5
25.819,-80.186,5
25.82,-80.36,5
26.348,-80.144,5
33.941,-118.266,5
29.743,-95.339,5
26.346,-80.2,5
25.822,-80.333,5
25.822,-80.279,5
33.936,-117.94,5
30.357,-95.09,5
40.8,-73.961,5
33.934,-117.28,5
28.677,-81.44,5
33.933,-118.203,5
33.932,-118.329,5
33.931,-84.001,5
26.34,-80.199,5
30.404,-97.719,5
29.744,-95.612,5
25.824,-80.188,5
39.996,-105.092,5
33.928,-118.363,5
33.927,-118.123,5
25.825,-80.271,5
33.926,-118.33,5
33.925,-118.324,5
33.923,-84.334,5
25.826,-80.275,5
25.826,-80.266,5
33.92,-117.414,5
25.827,-80.352,5
25.828,-80.37,5
29.744,-95.459,5
33.917,-118.123,5
30.512,-96.773,5
33.916,-117.865,5
25.829,-80.367,5
33.914,-118.079,5
33.914,-118.171,5
30.56,-96.269,5
30.575,-97.441,5
33.912,-84.891,5
29.744,-95.329,5
25.831,-80.322,5
25.831,-80.27,5
33.911,-98.523,5
30.618,-96.296,5
33.911,-118.185,5
33.91,-118.246,5
25.832,-80.363,5
33.908,-84.364,5
30.628,-94.856,5
33.907,-118.249,5
30.639,-94.905,5
29.698,-95.687,5
29.745,-95.586,5
25.835,-80.331,5
39.968,-75.147,5
25.835,-80.13,5
33.903,-84.368,5
26.327,-80.159,5
33.902,-118.307,5
30.982,-103.742,5
25.836,-80.21,5
33.901,-118.145,5
25.837,-80.325,5
25.837,-80.295,5
25.837,-80.283,5
26.324,-80.213,5
26.323,-80.117,5
31.493,-97.114,5
33.893,-118.213,5
25.839,-80.217,5
39.961,-75.147,5
25.534,-80.365,5
33.887,-118.127,5
33.886,-118.068,5
39.961,-75.164,5
39.96,-75.142,5
33.882,-84.256,5
25.842,-80.379,5
26.318,-80.187,5
28.66,-81.42,5
33.881,-84.128,5
29.746,-95.376,5
32.324,-106.814,5
33.88,-118.146,5
25.842,-80.367,5
26.317,-80.09,5
25.842,-80.297,5
33.878,-118.139,5
33.876,-118.191,5
25.844,-80.245,5
25.537,-80.517,5
33.873,-118.293,5
33.871,-118.281,5
25.845,-80.242,5
33.87,-118.058,5
32.45,-93.87,5
33.87,-118.15,5
29.747,-96.301,5
32.469,-95.402,5
25.846,-80.12,5
33.864,-117.879,5
32.488,-96.816,5
25.847,-80.207,5
32.516,-97.329,5
32.52,-96.742,5
32.529,-96.851,5
32.531,-96.832,5
25.54,-80.376,5
33.855,-117.841,5
25.848,-80.174,5
25.849,-80.385,5
33.852,-117.958,5
32.569,-97.105,5
33.849,-84.639,5
32.574,-96.888,5
29.699,-95.808,5
26.298,-80.25,5
33.847,-118.165,5
33.846,-117.554,5
39.948,-75.159,5
32.581,-96.897,5
32.583,-97.001,5
25.85,-80.273,5
32.585,-96.432,5
29.659,-95.139,5
29.748,-95.448,5
32.592,-96.82,5
33.842,-117.952,5
25.851,-80.202,5
33.841,-117.89,5
32.597,-96.936,5
32.599,-96.838,5
25.852,-80.32,5
25.852,-80.141,5
26.282,-80.291,5
25.853,-80.369,5
29.749,-95.797,5
25.546,-80.379,5
32.604,-96.822,5
25.853,-80.269,5
33.832,-118.122,5
33.831,-117.94,5
32.606,-96.932,5
-23.313,-51.16,5
33.831,-118.311,5
33.83,-84.326,5
25.853,-80.157,5
32.61,-97.093,5
25.547,-80.377,5
39.938,-94.756,5
33.828,-118.299,5
32.619,-117.072,5
39.934,-74.891,5
26.274,-80.175,5
26.273,-80.204,5
28.638,-81.446,5
33.823,-117.931,5
33.823,-117.997,5
26.272,-80.137,5
33.822,-118.328,5
33.821,-84.252,5
33.818,-84.629,5
33.818,-117.963,5
25.855,-80.298,5
26.271,-80.171,5
25.855,-80.128,5
33.812,-118.366,5
26.27,-80.135,5
32.645,-96.715,5
25.856,-80.285,5
33.806,-118.273,5
25.857,-80.12,5
32.649,-97.009,5
25.858,-80.322,5
32.65,-97.121,5
32.651,-96.755,5
33.802,-84.428,5
25.858,-80.312,5
33.802,-117.939,5
33.8,-118.269,5
32.654,-97.374,5
32.654,-96.427,5
26.261,-80.246,5
26.26,-80.085,5
32.657,-96.657,5
25.859,-80.176,5
33.794,-117.937,5
32.659,-96.59,5
33.794,-118.092,5
32.66,-96.868,5
28.629,-80.828,5
32.661,-97.067,5
29.75,-94.934,5
33.792,-118.292,5
26.258,-80.102,5
32.662,-97.015,5
32.662,-96.881,5
29.751,-95.791,5
32.663,-96.881,5
33.791,-118.097,5
26.255,-80.204,5
25.862,-80.223,5
26.254,-80.185,5
28.625,-81.237,5
33.788,-117.854,5
26.252,-80.175,5
39.922,-75.383,5
32.666,-97.127,5
26.249,-80.255,5
25.864,-80.314,5
32.669,-97.42,5
25.552,-80.4,5
33.782,-118.255,5
33.782,-118.275,5
39.916,-104.969,5
33.777,-84.268,5
33.777,-117.86,5
25.865,-80.218,5
26.242,-80.241,5
39.905,-75.568,5
26.242,-81.67,5
33.773,-117.776,5
26.241,-80.254,5
29.752,-95.574,5
32.68,-97.132,5
29.699,-95.371,5
32.682,-97.03,5
32.683,-97.085,5
33.756,-118.016,5
32.684,-96.576,5
25.868,-80.233,5
33.753,-84.373,5
32.685,-96.662,5
33.747,-117.863,5
28.615,-81.478,5
28.612,-81.387,5
25.87,-80.335,5
32.693,-96.799,5
28.61,-81.285,5
33.738,-117.89,5
32.697,-97.679,5
25.871,-80.318,5
33.735,-117.919,5
26.228,-80.162,5
32.698,-97.074,5
39.891,-104.988,5
33.729,-117.787,5
29.687,-95.289,5
33.729,-118.303,5
40.79,-74.461,5
32.7,-96.656,5
25.871,-80.276,5
29.687,-95.176,5
33.716,-117.827,5
39.884,-104.792,5
26.219,-80.182,5
32.705,-97.089,5
29.753,-95.461,5
33.699,-83.971,5
25.562,-80.396,5
26.214,-80.149,5
39.867,-105.016,5
29.753,-95.36,5
33.692,-117.84,5
33.686,-117.74,5
26.21,-80.176,5
32.711,-96.836,5
29.571,-95.391,5
32.713,-96.894,5
32.714,-96.628,5
32.715,-97.259,5
33.671,-117.919,5
32.717,-96.687,5
29.656,-95.526,5
32.717,-96.676,5
32.719,-97.011,5
32.72,-97.053,5
32.721,-97.145,5
26.201,-80.204,5
29.655,-95.276,5
25.882,-80.234,5
32.723,-96.676,5
33.639,-84.438,5
40.787,-73.941,5
26.194,-80.162,5
25.883,-80.287,5
32.725,-96.89,5
33.628,-112.088,5
25.883,-80.237,5
26.192,-80.138,5
28.807,-81.326,4
37.537,-122.3,4
33.287,-96.61,4
25.789,-80.222,4
40.499,-74.423,4
26.065,-80.399,4
30.05,-95.382,4
30.05,-95.182,4
34.106,-117.674,4
25.789,-80.22,4
25.789,-80.198,4
28.319,-81.417,4
25.765,-80.21,4
26.186,-80.291,4
38.7,-90.147,4
29.675,-95.604,4
40.716,-73.979,4
25.789,-80.141,4
29.737,-95.375,4
28.418,-81.405,4
26.281,-80.249,4
25.765,-80.198,4
25.876,-80.169,4
37.428,-121.871,4
34.103,-117.605,4
26.119,-80.135,4
25.914,-80.164,4
32.707,-96.987,4
33.024,-96.998,4
39.918,-104.984,4
29.717,-95.478,4
26.247,-80.201,4
32.831,-96.933,4
38.692,-121.366,4
29.559,-95.566,4
30.053,-95.183,4
38.949,-76.91,4
29.875,-95.493,4
25.914,-80.176,4
29.84,-95.75,4
28.366,-81.455,4
33.024,-96.993,4
39.859,-75.008,4
29.831,-95.214,4
40.48,-74.477,4
34.098,-118.316,4
29.925,-95.482,4
25.853,-80.355,4
25.79,-80.238,4
29.738,-95.909,4
33.873,-118.354,4
38.677,-90.407,4
29.925,-95.363,4
29.649,-95.616,4
29.827,-94.919,4
29.653,-95.185,4
30.056,-95.6,4
32.782,-96.737,4
33.002,-97.058,4
38.946,-76.92,4
30.056,-95.35,4
32.782,-96.781,4
25.79,-80.148,4
25.583,-80.359,4
25.741,-80.25,4
33.783,-118.167,4
38.673,-77.321,4
25.791,-80.337,4
29.926,-95.502,4
30.058,-97.807,4
34.091,-118.321,4
29.565,-95.564,4
26.245,-80.156,4
30.059,-95.545,4
29.828,-95.78,4
26.632,-80.151,4
34.09,-118.361,4
30.059,-95.248,4
29.926,-95.397,4
26.21,-80.189,4
38.672,-90.442,4
25.913,-80.309,4
32.541,-96.866,4
37.28,-121.951,4
37.275,-121.855,4
34.086,-84.526,4
25.864,-80.215,4
32.74,-97.467,4
32.721,-117.116,4
26.165,-98.29,4
33.138,-96.8,4
25.742,-80.294,4
33.002,-96.705,4
28.316,-81.389,4
33.579,-101.879,4
25.583,-80.373,4
33.138,-96.752,4
29.876,-95.617,4
40.659,-74.0,4
34.082,-117.4,4
28.315,-81.433,4
37.215,-93.382,4
25.913,-80.311,4
29.724,-95.48,4
33.024,-96.69,4
28.032,-82.406,4
28.365,-81.263,4
25.792,-80.213,4
37.108,-121.64,4
33.832,-117.938,4
21.478,-104.885,4
37.048,-76.385,4
40.655,-74.007,4
34.08,-118.305,4
29.738,-95.533,4
37.044,-76.404,4
33.139,-96.709,4
29.747,-95.355,4
34.079,-117.57,4
25.729,-80.437,4
39.105,-94.417,4
29.876,-95.33,4
34.078,-118.344,4
25.582,-80.395,4
38.669,-121.315,4
36.999,-122.066,4
39.866,-84.135,4
38.936,-76.991,4
25.766,-80.255,4
40.817,-73.813,4
29.556,-95.156,4
29.763,-95.389,4
28.314,-81.352,4
25.888,-80.317,4
32.606,-96.825,4
26.16,-80.117,4
36.797,-76.076,4
28.314,-81.448,4
34.074,-118.239,4
39.776,-104.866,4
34.074,-118.269,4
36.774,-76.452,4
25.912,-80.184,4
40.714,-73.661,4
26.3,-80.093,4
33.779,-118.167,4
29.659,-95.406,4
25.742,-80.247,4
34.073,-83.941,4
25.793,-80.296,4
25.88,-80.338,4
29.763,-95.403,4
29.93,-95.289,4
26.616,-80.147,4
33.779,-118.184,4
38.657,-90.152,4
36.499,-86.641,4
29.877,-95.694,4
26.615,-80.178,4
29.877,-95.665,4
30.072,-95.456,4
25.912,-80.299,4
40.765,-73.817,4
28.016,-82.392,4
34.071,-117.619,4
29.664,-95.532,4
40.652,-73.693,4
29.854,-95.765,4
29.854,-95.741,4
33.059,-97.284,4
29.653,-82.345,4
40.714,-73.83,4
30.074,-95.532,4
29.167,-81.045,4
38.649,-90.285,4
26.087,-80.137,4
25.729,-80.419,4
33.147,-96.817,4
32.725,-96.648,4
33.147,-96.81,4
26.609,-80.106,4
26.217,-80.283,4
39.093,-94.608,4
25.842,-80.368,4
29.819,-95.454,4
25.793,-80.213,4
30.076,-95.612,4
29.524,-95.096,4
40.696,-73.925,4
25.853,-80.129,4
40.815,-73.85,4
32.422,-96.849,4
25.71,-80.4,4
28.662,-81.395,4
40.387,-74.571,4
25.766,-80.207,4
38.642,-121.437,4
33.702,-117.955,4
26.605,-80.057,4
28.363,-81.379,4
28.62,-81.314,4
34.068,-117.718,4
39.825,-104.908,4
39.047,-76.979,4
26.209,-80.192,4
28.405,-81.413,4
36.374,-86.505,4
25.911,-80.178,4
33.83,-118.26,4
36.373,-86.457,4
25.744,-80.259,4
28.643,-81.482,4
39.912,-75.175,4
25.853,-80.122,4
39.047,-77.046,4
33.777,-118.115,4
38.925,-77.032,4
28.788,-81.361,4
30.081,-95.445,4
29.701,-95.763,4
30.082,-95.73,4
29.934,-95.613,4
29.878,-95.73,4
29.724,-95.391,4
39.047,-77.104,4
30.082,-95.326,4
40.738,-73.444,4
26.124,-80.203,4
26.19,-80.136,4
25.845,-80.311,4
25.948,-80.119,4
29.763,-95.416,4
32.83,-96.667,4
40.384,-74.413,4
34.064,-118.169,4
34.064,-118.258,4
30.085,-95.495,4
34.063,-117.231,4
32.709,-117.159,4
33.148,-96.833,4
32.846,-96.986,4
28.309,-81.239,4
36.343,-86.792,4
25.941,-80.308,4
33.06,-96.324,4
32.675,-97.138,4
25.729,-80.306,4
25.588,-80.398,4
33.774,-84.51,4
32.778,-96.773,4
25.795,-80.132,4
34.061,-118.049,4
39.001,-77.037,4
32.811,-96.826,4
26.042,-80.2,4
34.061,-118.09,4
39.001,-94.633,4
25.596,-80.364,4
29.72,-95.493,4
29.552,-95.149,4
29.936,-95.612,4
30.092,-95.425,4
29.936,-95.518,4
29.936,-95.488,4
38.92,-94.714,4
26.277,-80.135,4
30.093,-95.428,4
39.905,-75.355,4
29.7,-95.208,4
40.696,-73.987,4
25.796,-80.209,4
32.811,-97.144,4
29.841,-95.49,4
29.685,-95.836,4
38.919,-77.04,4
28.308,-81.404,4
34.056,-117.807,4
26.127,-80.251,4
25.797,-80.353,4
30.095,-95.403,4
25.797,-80.337,4
25.797,-80.324,4
29.936,-95.25,4
26.241,-80.251,4
40.712,-73.807,4
25.745,-80.248,4
33.558,-96.614,4
29.464,-95.47,4
40.351,-74.618,4
32.749,-96.681,4
26.149,-80.285,4
29.855,-95.53,4
25.73,-80.404,4
33.773,-118.023,4
33.15,-96.726,4
30.099,-95.29,4
36.277,-86.722,4
28.775,-81.29,4
36.27,-115.241,4
28.652,-81.329,4
29.139,-81.343,4
32.778,-97.288,4
25.854,-80.383,4
32.811,-117.116,4
26.574,-80.116,4
32.616,-96.822,4
40.712,-74.009,4
34.052,-117.917,4
25.767,-80.213,4
38.622,-90.234,4
25.767,-80.199,4
26.571,-80.118,4
25.945,-80.2,4
36.245,-115.161,4
38.618,-121.286,4
36.201,-86.519,4
25.798,-80.231,4
27.98,-82.552,4
29.739,-95.615,4
38.617,-77.287,4
38.915,-94.491,4
26.554,-80.07,4
29.855,-95.389,4
28.307,-81.411,4
-27.502,-64.869,4
29.67,-95.245,4
30.106,-95.5,4
25.929,-80.157,4
36.191,-86.482,4
34.051,-118.333,4
29.749,-95.485,4
26.176,-80.287,4
25.767,-80.147,4
26.127,-80.14,4
29.938,-95.353,4
29.855,-95.372,4
25.73,-80.393,4
26.165,-80.239,4
29.731,-95.599,4
33.064,-96.842,4
32.81,-97.226,4
33.827,-117.91,4
32.713,-97.281,4
29.855,-95.336,4
29.842,-95.789,4
25.799,-80.19,4
30.11,-94.174,4
25.948,-80.154,4
34.044,-118.233,4
29.669,-95.244,4
40.645,-74.052,4
29.879,-95.16,4
26.128,-80.262,4
36.166,-86.799,4
25.746,-80.178,4
29.939,-93.981,4
29.94,-96.251,4
29.684,-95.387,4
39.75,-105.219,4
29.452,-95.242,4
26.275,-80.137,4
26.545,-80.096,4
25.493,-80.414,4
36.152,-86.782,4
29.699,-95.396,4
33.77,-117.956,4
33.028,-96.792,4
27.961,-82.464,4
40.644,-74.018,4
38.614,-90.201,4
26.09,-80.228,4
25.801,-80.393,4
26.241,-81.751,4
34.039,-118.281,4
34.039,-118.303,4
28.362,-81.651,4
28.305,-81.424,4
32.337,-96.628,4
34.038,-118.267,4
36.129,-115.153,4
34.038,-118.283,4
26.319,-80.134,4
29.941,-95.732,4
32.727,-96.556,4
34.037,-117.521,4
34.037,-117.644,4
25.496,-80.46,4
25.768,-80.203,4
29.842,-95.653,4
29.941,-95.6,4
30.123,-95.404,4
24.99,-80.541,4
29.739,-95.308,4
39.739,-104.905,4
27.952,-82.474,4
29.664,-95.613,4
25.801,-80.214,4
34.036,-118.406,4
33.349,-96.593,4
29.88,-95.703,4
36.096,-115.176,4
26.529,-80.077,4
25.768,-80.202,4
38.609,-90.24,4
25.854,-80.319,4
40.641,-74.025,4
34.034,-117.035,4
30.126,-95.444,4
34.034,-118.232,4
25.845,-80.254,4
25.549,-80.399,4
28.404,-81.425,4
26.526,-80.059,4
30.127,-95.444,4
29.842,-95.646,4
36.085,-86.939,4
25.747,-80.249,4
29.543,-95.422,4
29.739,-94.948,4
32.828,-96.849,4
25.802,-80.232,4
25.747,-80.246,4
26.067,-80.242,4
25.802,-80.204,4
30.13,-95.41,4
34.033,-118.114,4
32.626,-97.072,4
36.051,-79.904,4
33.153,-96.838,4
25.802,-80.201,4
25.91,-97.468,4
33.066,-96.882,4
33.154,-96.685,4
29.832,-95.361,4
30.132,-95.656,4
25.802,-80.19,4
27.946,-82.775,4
26.24,-80.129,4
25.803,-80.24,4
34.031,-118.364,4
29.586,-95.54,4
30.133,-95.55,4
26.507,-80.09,4
29.74,-95.812,4
40.753,-73.864,4
33.652,-117.969,4
34.03,-118.15,4
29.669,-95.262,4
26.24,-80.15,4
25.893,-80.355,4
25.768,-80.199,4
32.809,-96.789,4
40.174,-74.09,4
32.828,-97.009,4
29.758,-95.256,4
29.702,-95.362,4
29.721,-95.775,4
27.939,-82.455,4
25.576,-80.384,4
34.029,-84.321,4
27.935,-82.316,4
30.137,-95.26,4
29.684,-95.471,4
29.832,-95.332,4
29.655,-95.504,4
28.403,-81.428,4
29.943,-95.312,4
26.299,-80.187,4
30.139,-95.472,4
26.132,-80.263,4
40.161,-74.416,4
29.762,-95.248,4
35.915,-80.247,4
25.172,-80.374,4
40.153,-75.266,4
26.133,-80.26,4
26.133,-80.162,4
30.14,-95.271,4
26.274,-80.187,4
28.36,-81.362,4
38.594,-90.508,4
34.025,-118.406,4
25.928,-80.151,4
32.681,-97.276,4
35.878,-78.793,4
26.067,-80.165,4
25.73,-80.309,4
26.133,-80.104,4
25.804,-80.199,4
29.694,-95.651,4
40.635,-74.136,4
38.907,-77.058,4
26.462,-80.068,4
25.889,-80.331,4
29.828,-95.523,4
38.905,-77.181,4
25.928,-80.165,4
34.021,-84.196,4
25.498,-80.45,4
26.135,-80.293,4
29.758,-95.354,4
33.159,-96.723,4
35.787,-78.72,4
32.681,-97.011,4
40.756,-73.976,4
40.725,-74.181,4
34.021,-118.282,4
40.781,-74.162,4
25.748,-80.207,4
28.299,-81.474,4
33.892,-118.096,4
26.043,-80.147,4
32.681,-96.608,4
35.748,-81.207,4
33.161,-96.892,4
32.563,-96.863,4
33.764,-117.891,4
40.888,-73.834,4
34.02,-117.899,4
29.654,-95.24,4
38.904,-77.063,4
28.402,-81.219,4
29.551,-95.782,4
29.765,-95.557,4
34.02,-118.397,4
28.752,-81.565,4
40.123,-104.978,4
34.019,-118.174,4
34.019,-118.302,4
25.769,-80.333,4
27.895,-82.721,4
25.806,-80.382,4
29.946,-95.608,4
25.58,-80.506,4
28.749,-82.024,4
30.158,-95.069,4
40.724,-73.376,4
40.634,-73.984,4
34.018,-84.311,4
29.732,-95.844,4
39.761,-104.998,4
25.749,-80.392,4
32.827,-97.053,4
38.585,-90.334,4
27.894,-82.33,4
26.455,-80.095,4
35.676,-88.767,4
39.95,-75.193,4
29.725,-95.595,4
30.161,-95.469,4
33.824,-118.298,4
33.165,-5.567,4
26.273,-80.223,4
29.833,-95.748,4
40.753,-73.86,4
28.295,-81.417,4
30.162,-95.185,4
25.806,-80.206,4
25.73,-80.158,4
29.947,-95.676,4
38.998,-76.995,4
26.135,-80.155,4
38.582,-121.407,4
32.772,-96.824,4
34.016,-118.112,4
40.829,-73.945,4
29.947,-95.574,4
29.857,-95.131,4
25.749,-80.246,4
26.167,-80.318,4
29.672,-95.682,4
25.806,-80.138,4
38.576,-121.255,4
33.761,-117.835,4
32.772,-97.104,4
29.741,-95.882,4
29.422,-95.257,4
29.694,-95.578,4
30.166,-95.46,4
33.761,-117.905,4
26.03,-80.216,4
40.745,-73.919,4
38.575,-121.448,4
30.167,-95.503,4
27.884,-82.66,4
26.439,-80.203,4
29.883,-95.705,4
25.849,-80.298,4
40.748,-73.97,4
28.735,-81.356,4
32.683,-97.042,4
28.383,-81.492,4
38.998,-77.031,4
40.695,-73.909,4
29.721,-95.623,4
39.099,-76.936,4
35.351,-80.689,4
33.759,-117.986,4
26.091,-80.227,4
29.948,-95.459,4
33.292,-112.042,4
25.808,-80.353,4
39.934,-105.132,4
40.754,-73.986,4
29.843,-95.498,4
29.948,-95.091,4
29.564,-95.691,4
33.758,-117.834,4
29.883,-95.455,4
33.823,-118.3,4
32.845,-97.184,4
34.008,-84.176,4
27.871,-82.327,4
25.711,-80.416,4
35.281,-80.847,4
40.793,-73.799,4
26.208,-80.109,4
32.771,-97.102,4
29.859,-95.847,4
32.684,-97.114,4
33.071,-96.898,4
29.57,-95.746,4
32.807,-96.941,4
33.17,-96.922,4
32.999,-96.828,4
25.94,-80.262,4
32.684,-97.021,4
39.739,-89.451,4
25.841,-80.341,4
29.824,-95.219,4
26.417,-80.1,4
33.675,-117.993,4
28.716,-81.357,4
28.402,-81.428,4
38.561,-121.414,4
28.559,-81.379,4
25.854,-80.182,4
25.699,-80.317,4
40.749,-73.866,4
30.184,-95.7,4
25.77,-80.264,4
25.809,-80.352,4
29.859,-95.664,4
25.927,-80.207,4
33.031,-96.827,4
27.818,-82.734,4
25.542,-80.384,4
38.894,-94.791,4
29.697,-95.462,4
25.809,-80.343,4
26.092,-80.275,4
29.884,-95.472,4
30.189,-95.703,4
26.167,-80.278,4
29.716,-95.504,4
32.635,-97.111,4
25.877,-80.271,4
33.073,-96.86,4
26.07,-80.357,4
32.848,-96.764,4
39.826,-104.773,4
32.77,-97.104,4
32.806,-96.813,4
32.635,-96.668,4
26.313,-80.202,4
29.059,-82.222,4
25.504,-80.443,4
25.809,-80.268,4
29.885,-95.704,4
30.194,-95.524,4
40.788,-74.182,4
28.578,-81.208,4
25.809,-80.255,4
27.796,-97.391,4
27.795,-82.706,4
32.709,-97.319,4
25.72,-80.276,4
35.204,-80.865,4
33.995,-83.71,4
33.995,-117.49,4
25.893,-80.312,4
33.753,-84.386,4
29.844,-95.651,4
26.176,-80.148,4
32.737,-96.66,4
33.752,-117.888,4
32.769,-96.629,4
33.173,-96.768,4
33.993,-118.442,4
27.787,-82.736,4
26.299,-80.258,4
29.885,-95.614,4
33.01,-96.592,4
32.686,-96.556,4
25.904,-80.21,4
32.687,-97.326,4
33.75,-117.94,4
30.203,-95.184,4
28.708,-81.316,4
29.683,-95.458,4
25.849,-80.297,4
29.859,-95.508,4
25.771,-80.36,4
38.545,-121.274,4
25.94,-80.312,4
28.381,-81.425,4
25.595,-80.409,4
26.272,-80.25,4
33.988,-84.572,4
32.687,-97.129,4
35.191,-80.763,4
29.954,-95.574,4
25.752,-80.259,4
27.771,-82.74,4
39.112,-76.928,4
33.987,-118.312,4
26.137,-80.183,4
25.854,-80.12,4
27.77,-82.653,4
38.891,-77.085,4
26.15,-80.325,4
29.68,-95.303,4
33.747,-84.543,4
33.851,-84.211,4
29.701,-95.538,4
33.483,-112.272,4
35.164,-80.933,4
32.73,-97.271,4
33.074,-96.862,4
35.15,-79.027,4
29.662,-95.257,4
29.955,-90.075,4
29.742,-95.825,4
26.215,-80.181,4
33.981,-118.275,4
29.04,-81.332,4
25.752,-80.221,4
33.979,-84.077,4
30.216,-95.594,4
29.732,-95.297,4
35.147,-80.847,4
25.731,-80.24,4
29.765,-95.634,4
29.956,-95.391,4
26.384,-80.174,4
25.812,-80.367,4
6.45,3.431,4
35.141,-80.888,4
29.662,-95.529,4
26.138,-80.324,4
33.978,-118.371,4
30.22,-95.429,4
32.639,-97.071,4
30.221,-95.237,4
29.886,-95.545,4
33.818,-117.984,4
40.073,-75.038,4
32.752,-96.765,4
38.54,-90.338,4
26.094,-80.195,4
25.812,-80.328,4
32.825,-96.839,4
26.056,-80.153,4
30.224,-95.702,4
33.976,-118.05,4
26.096,-80.296,4
38.531,-77.349,4
33.033,-97.09,4
29.958,-95.709,4
25.903,-80.356,4
25.902,-80.152,4
25.812,-80.26,4
29.825,-95.798,4
33.975,-118.132,4
29.742,-95.455,4
33.975,-118.337,4
32.768,-117.15,4
28.279,-81.341,4
33.974,-118.236,4
25.753,-80.395,4
25.753,-80.389,4
39.044,-77.107,4
33.004,-96.765,4
29.887,-95.499,4
30.229,-95.694,4
28.579,-81.258,4
33.701,-117.89,4
28.401,-81.488,4
40.63,-74.022,4
25.812,-80.134,4
39.808,-104.779,4
25.813,-80.369,4
25.901,-80.214,4
33.005,-97.268,4
26.372,-80.182,4
33.074,-96.557,4
38.519,-90.21,4
26.096,-80.213,4
39.071,-77.046,4
25.849,-80.152,4
25.706,-80.388,4
32.804,-96.8,4
30.239,-95.491,4
33.49,-112.079,4
25.813,-80.256,4
33.817,-117.983,4
33.97,-118.128,4
25.841,-80.312,4
38.884,-94.701,4
33.694,-117.748,4
25.813,-80.217,4
33.969,-118.289,4
32.767,-97.008,4
40.757,-73.791,4
38.516,-121.449,4
25.939,-80.316,4
40.827,-73.862,4
40.836,-73.922,4
33.849,-117.96,4
26.139,-80.111,4
26.178,-80.22,4
25.753,-80.261,4
32.766,-97.014,4
33.966,-118.423,4
28.348,-81.647,4
29.742,-95.392,4
33.034,-96.993,4
30.253,-95.11,4
25.579,-80.353,4
39.071,-77.126,4
33.673,-117.944,4
40.803,-73.938,4
33.867,-118.151,4
25.814,-80.306,4
32.844,-96.85,4
33.964,-118.37,4
33.963,-117.423,4
34.961,-81.0,4
32.766,-97.492,4
33.961,-118.051,4
34.908,-81.034,4
29.961,-95.587,4
29.888,-95.311,4
33.961,-118.14,4
33.19,-97.102,4
25.814,-80.123,4
30.26,-97.755,4
39.741,-104.952,4
40.693,-73.91,4
33.743,-117.77,4
33.379,-111.878,4
29.845,-95.539,4
33.96,-118.347,4
28.594,-81.318,4
25.869,-80.2,4
29.59,-95.462,4
33.08,-96.878,4
29.661,-95.048,4
33.08,-96.826,4
25.772,-80.256,4
30.271,-95.432,4
33.959,-118.254,4
28.272,-81.599,4
29.889,-95.695,4
25.706,-80.293,4
26.056,-80.135,4
26.361,-80.136,4
26.098,-80.251,4
25.697,-80.162,4
25.9,-80.177,4
25.753,-80.249,4
30.281,-97.766,4
40.057,-74.939,4
32.474,-97.383,4
25.9,-80.189,4
28.379,-81.5,4
33.957,-84.121,4
29.962,-95.476,4
38.988,-77.026,4
28.379,-81.618,4
29.4,-95.839,4
29.963,-95.594,4
27.467,-81.434,4
34.735,-100.543,4
33.955,-117.306,4
33.816,-118.352,4
33.955,-118.22,4
32.754,-97.332,4
33.193,-96.693,4
30.287,-97.749,4
25.926,-80.297,4
40.046,-75.099,4
40.692,-73.738,4
30.288,-97.732,4
33.815,-118.336,4
33.849,-118.146,4
32.692,-97.408,4
32.763,-96.767,4
25.572,-80.383,4
25.817,-80.273,4
33.813,-84.438,4
33.954,-118.114,4
33.743,-117.852,4
25.944,-80.279,4
39.857,-105.029,4
33.035,-96.938,4
30.293,-95.821,4
26.359,-80.121,4
25.509,-80.42,4
33.743,-118.103,4
25.817,-80.22,4
39.762,-8.927,4
29.89,-95.699,4
30.298,-97.758,4
29.861,-95.709,4
33.198,-96.794,4
29.733,-95.437,4
26.271,-80.233,4
34.648,-86.776,4
32.763,-96.94,4
40.692,-73.906,4
40.036,-75.023,4
32.801,-96.782,4
32.575,-97.012,4
39.894,-74.94,4
33.38,-111.806,4
30.303,-95.407,4
33.005,-97.015,4
34.558,-118.104,4
25.513,-80.383,4
30.304,-81.64,4
26.317,-80.113,4
32.824,-96.828,4
26.351,-80.072,4
33.951,-118.246,4
29.551,-95.148,4
32.744,-97.073,4
34.49,-117.637,4
40.737,-74.758,4
38.873,-94.815,4
34.488,-118.161,4
25.819,-80.382,4
33.812,-118.352,4
32.824,-97.072,4
33.949,-118.208,4
25.452,-80.469,4
33.607,-112.217,4
40.621,-73.982,4
38.471,-121.456,4
32.693,-96.636,4
34.468,-117.461,4
29.743,-95.389,4
30.317,-97.728,4
26.232,-80.163,4
25.754,-80.261,4
25.578,-80.338,4
29.75,-95.94,4
33.256,-96.898,4
33.672,-117.838,4
29.966,-95.213,4
40.842,-73.834,4
27.412,-80.434,4
25.773,-80.274,4
40.62,-75.515,4
28.262,-81.321,4
33.946,-118.366,4
30.325,-95.462,4
33.945,-117.355,4
10.965,-74.795,4
25.82,-80.293,4
30.326,-95.41,4
33.082,-97.027,4
33.944,-84.126,4
28.346,-81.629,4
32.801,-97.096,4
40.01,-85.962,4
39.07,-76.964,4
33.944,-118.269,4
38.46,-90.08,4
26.317,-80.181,4
29.967,-95.253,4
29.397,-95.01,4
29.743,-95.356,4
33.74,-84.345,4
26.232,-80.183,4
29.861,-95.529,4
25.82,-80.122,4
27.401,-80.39,4
29.743,-95.354,4
26.208,-80.252,4
30.335,-95.466,4
25.821,-80.376,4
33.94,-118.194,4
32.762,-97.109,4
25.732,-80.307,4
25.821,-80.322,4
28.679,-81.181,4
33.848,-117.891,4
32.645,-96.532,4
27.382,-82.55,4
33.847,-117.952,4
34.42,-85.243,4
40.709,-73.666,4
28.611,-81.481,4
29.658,-95.176,4
25.822,-80.358,4
26.073,-80.14,4
27.381,-80.312,4
26.218,-80.282,4
34.368,-118.514,4
38.867,-76.935,4
29.861,-95.4,4
25.973,-80.141,4
38.865,-77.399,4
32.89,-97.268,4
28.678,-81.308,4
32.949,-96.905,4
26.009,-80.249,4
34.326,-118.508,4
29.753,-95.641,4
33.038,-96.718,4
29.67,-95.419,4
40.774,-74.196,4
26.1,-80.297,4
33.937,-118.341,4
29.97,-95.561,4
32.947,-96.652,4
25.974,-80.143,4
32.947,-96.794,4
32.949,-96.626,4
29.97,-95.558,4
25.975,-80.219,4
25.975,-80.19,4
29.702,-95.423,4
39.724,-104.706,4
33.879,-118.336,4
29.698,-95.803,4
32.946,-96.81,4
32.892,-96.973,4
32.892,-96.726,4
32.761,-96.676,4
38.41,-96.181,4
29.97,-95.428,4
27.349,-82.498,4
32.945,-96.807,4
26.008,-80.335,4
33.381,-111.97,4
26.207,-80.15,4
25.976,-80.21,4
38.407,-75.562,4
26.1,-80.212,4
29.702,-95.479,4
40.618,-73.631,4
25.856,-80.284,4
25.822,-80.248,4
29.305,-94.767,4
28.399,-81.386,4
25.774,-80.335,4
39.042,-77.053,4
25.925,-80.17,4
32.8,-96.804,4
25.774,-80.256,4
32.943,-96.822,4
32.696,-97.015,4
25.774,-80.232,4
33.935,-117.944,4
34.289,-118.439,4
25.732,-80.26,4
26.213,-80.123,4
25.944,-80.333,4
26.007,-80.269,4
27.319,-80.344,4
25.774,-80.207,4
32.942,-96.77,4
28.58,-81.21,4
4.752,-74.093,4
32.942,-96.804,4
32.942,-96.806,4
25.978,-80.199,4
25.733,-80.413,4
39.722,-105.141,4
26.074,-80.365,4
25.898,-80.26,4
32.888,-96.676,4
25.857,-80.375,4
32.896,-96.897,4
32.896,-96.691,4
28.571,-81.417,4
25.847,-80.384,4
32.897,-97.352,4
33.04,-97.031,4
40.004,-75.262,4
33.934,-84.608,4
30.369,-95.074,4
39.037,-76.661,4
26.006,-80.225,4
32.696,-96.767,4
29.973,-95.237,4
29.646,-95.572,4
29.974,-95.48,4
32.939,-96.569,4
25.775,-80.369,4
25.721,-80.319,4
38.392,-121.43,4
28.377,-81.189,4
38.369,-93.751,4
29.598,-96.167,4
33.083,-96.821,4
34.275,-118.476,4
25.602,-80.439,4
32.939,-97.065,4
39.949,-104.985,4
29.822,-95.768,4
32.939,-97.255,4
25.981,-80.308,4
39.72,-104.818,4
32.951,-96.868,4
28.655,-81.548,4
29.762,-95.918,4
29.648,-95.68,4
26.101,-80.218,4
33.933,-118.047,4
32.9,-96.772,4
29.975,-95.698,4
26.231,-80.136,4
32.951,-96.779,4
29.862,-95.683,4
33.298,-96.83,4
25.733,-80.318,4
29.894,-95.493,4
29.704,-95.514,4
33.806,-118.061,4
32.937,-96.984,4
32.937,-97.26,4
29.894,-95.477,4
32.936,-96.744,4
32.368,-96.805,4
32.887,-96.479,4
33.04,-96.295,4
27.292,-80.4,4
39.717,-104.802,4
25.982,-80.143,4
26.101,-80.206,4
26.003,-80.31,4
29.47,-95.51,4
33.211,-96.919,4
38.293,-122.308,4
40.784,-73.847,4
32.902,-96.564,4
32.936,-97.032,4
33.932,-118.247,4
29.976,-95.514,4
39.874,-104.924,4
32.936,-97.262,4
25.983,-80.33,4
29.976,-95.474,4
25.983,-80.297,4
32.578,-96.676,4
32.934,-96.614,4
29.298,-94.799,4
29.734,-95.556,4
32.836,-97.004,4
40.685,-74.187,4
25.823,-80.277,4
28.252,-81.321,4
25.936,-80.124,4
28.397,-81.226,4
26.342,-80.207,4
32.799,-96.825,4
34.269,-118.694,4
29.607,-95.19,4
27.285,-80.383,4
26.267,-80.198,4
32.904,-96.636,4
26.001,-80.148,4
29.977,-95.515,4
38.242,-85.618,4
33.931,-118.137,4
25.823,-80.271,4
39.959,-75.162,4
32.933,-96.773,4
26.169,-80.307,4
32.906,-97.037,4
38.211,-75.685,4
30.391,-86.323,4
26.0,-80.201,4
32.933,-96.803,4
32.749,-96.848,4
26.0,-80.309,4
32.933,-96.84,4
33.697,-84.468,4
25.999,-80.143,4
29.761,-94.939,4
29.52,-95.432,4
29.895,-93.922,4
29.734,-95.485,4
29.009,-80.918,4
33.561,-117.629,4
28.571,-81.395,4
40.616,-74.036,4
39.726,-104.941,4
28.341,-81.436,4
33.642,-117.72,4
32.951,-96.683,4
28.55,-81.541,4
29.896,-95.645,4
25.715,-80.44,4
40.778,-73.909,4
40.616,-75.445,4
38.166,-122.254,4
33.087,-96.637,4
38.845,-77.12,4
26.102,-80.38,4
38.162,-122.234,4
25.756,-80.254,4
39.787,-104.784,4
32.908,-96.581,4
29.667,-95.476,4
39.068,-77.13,4
29.979,-95.551,4
29.607,-95.074,4
32.886,-97.376,4
32.931,-96.733,4
32.909,-96.868,4
26.01,-80.143,4
38.154,-122.254,4
40.765,-73.823,4
29.896,-95.294,4
29.734,-95.429,4
32.909,-96.665,4
29.748,-95.825,4
27.263,-80.431,4
34.258,-82.068,4
25.892,-80.167,4
33.805,-118.325,4
25.986,-80.201,4
29.734,-95.423,4
32.93,-96.973,4
32.836,-97.088,4
25.986,-80.151,4
29.981,-95.469,4
39.709,-77.49,4
29.981,-95.404,4
25.986,-80.142,4
32.649,-96.869,4
25.776,-80.352,4
25.986,-80.136,4
28.34,-81.17,4
39.945,-75.148,4
32.912,-96.944,4
32.928,-96.617,4
32.884,-96.876,4
25.885,-80.24,4
40.784,-73.016,4
28.983,-82.137,4
32.912,-96.748,4
27.258,-80.381,4
28.983,-95.988,4
32.65,-97.234,4
25.994,-80.29,4
38.1,-122.233,4
39.726,-104.662,4
38.098,-122.587,4
27.255,-80.405,4
33.264,-96.847,4
25.776,-80.334,4
25.987,-80.177,4
29.863,-95.637,4
29.897,-95.417,4
39.097,-77.157,4
25.993,-80.124,4
29.774,-95.819,4
28.549,-81.502,4
40.88,-73.873,4
32.009,-97.143,4
25.993,-80.295,4
25.993,-80.319,4
34.255,-118.732,4
39.931,-104.969,4
29.863,-95.585,4
40.758,-73.689,4
25.988,-80.292,4
33.928,-118.171,4
29.984,-95.728,4
25.776,-80.229,4
32.843,-96.784,4
25.757,-80.366,4
29.984,-95.3,4
39.862,-104.78,4
32.915,-96.74,4
25.458,-80.467,4
32.581,-96.67,4
32.798,-96.785,4
29.769,-95.409,4
25.989,-80.28,4
32.916,-97.42,4
25.825,-80.337,4
32.492,-96.733,4
32.953,-96.807,4
38.983,-94.86,4
25.777,-80.344,4
32.917,-96.956,4
25.991,-80.249,4
40.738,-73.872,4
25.991,-80.275,4
32.798,-96.79,4
25.936,-80.153,4
32.917,-96.624,4
40.708,-74.008,4
25.757,-80.245,4
34.246,-118.591,4
29.847,-95.851,4
39.708,-104.799,4
25.991,-80.32,4
32.736,-97.106,4
25.757,-80.225,4
25.825,-80.297,4
32.821,-97.428,4
32.922,-97.373,4
25.924,-80.352,4
26.102,-80.269,4
39.033,-76.912,4
26.169,-80.193,4
25.584,-80.338,4
27.147,-80.217,4
32.92,-96.767,4
29.607,-95.012,4
32.921,-96.973,4
39.739,-104.99,4
34.242,-118.45,4
40.61,-73.991,4
25.622,-80.355,4
26.143,-80.195,4
29.576,-95.415,4
32.881,-96.866,4
25.623,-80.418,4
34.242,-118.523,4
39.703,-105.125,4
28.546,-81.665,4
32.881,-96.901,4
25.889,-80.159,4
26.211,-80.103,4
32.995,-96.504,4
39.702,-104.934,4
39.702,-105.079,4
29.774,-95.307,4
25.625,-80.393,4
25.757,-80.223,4
38.011,-121.972,4
33.09,-96.816,4
34.24,-83.884,4
33.803,-117.908,4
40.834,-73.849,4
29.774,-95.176,4
25.626,-80.446,4
28.395,-81.506,4
33.803,-118.011,4
28.376,-81.434,4
29.822,-95.512,4
28.545,-81.586,4
29.642,-95.103,4
34.239,-118.461,4
29.847,-95.71,4
39.697,-104.882,4
39.697,-104.986,4
29.775,-95.752,4
28.544,-80.792,4
39.993,-104.953,4
34.238,-118.461,4
32.881,-97.156,4
29.667,-95.603,4
33.891,-117.563,4
32.797,-96.814,4
28.595,-81.323,4
32.881,-97.401,4
26.046,-80.249,4
25.7,-80.398,4
29.987,-95.349,4
25.723,-80.339,4
33.667,-112.107,4
25.953,-80.31,4
26.337,-80.213,4
25.878,-80.324,4
29.735,-95.821,4
29.987,-95.18,4
28.244,-81.458,4
40.706,-73.897,4
29.641,-95.569,4
25.968,-80.144,4
26.294,-80.173,4
38.822,-77.148,4
28.571,-81.204,4
33.091,-96.83,4
28.541,-81.372,4
37.996,-122.124,4
33.925,-117.907,4
29.776,-95.594,4
29.776,-95.562,4
28.375,-81.509,4
33.731,-84.831,4
29.64,-95.385,4
25.628,-80.383,4
32.716,-96.641,4
28.605,-81.409,4
29.776,-95.393,4
29.657,-95.239,4
29.864,-95.205,4
33.015,-96.992,4
34.236,-118.395,4
40.866,-73.924,4
25.629,-80.351,4
29.988,-95.254,4
29.705,-95.518,4
29.702,-95.609,4
26.012,-80.128,4
33.846,-118.197,4
25.464,-80.49,4
32.76,-97.462,4
33.093,-96.873,4
25.632,-80.307,4
38.975,-77.016,4
28.539,-81.144,4
34.236,-118.548,4
25.778,-80.337,4
26.866,-80.102,4
40.75,-73.937,4
39.745,-104.99,4
34.234,-118.558,4
32.796,-96.626,4
32.743,-96.804,4
29.777,-95.431,4
25.95,-80.143,4
29.704,-95.622,4
29.744,-95.538,4
34.231,-118.524,4
29.394,-95.807,4
25.758,-80.193,4
29.865,-95.669,4
28.539,-81.378,4
26.191,-80.104,4
34.23,-116.057,4
29.99,-95.272,4
39.028,-77.054,4
25.759,-80.447,4
25.759,-80.38,4
29.705,-95.219,4
28.602,-81.171,4
32.587,-96.962,4
25.465,-80.454,4
25.891,-80.164,4
29.778,-95.633,4
25.841,-80.278,4
25.888,-80.132,4
39.674,-104.769,4
29.515,-95.735,4
32.654,-96.839,4
29.75,-95.617,4
38.973,-84.673,4
39.67,-104.901,4
25.896,-80.267,4
28.536,-81.491,4
26.844,-80.075,4
25.935,-80.157,4
29.901,-95.384,4
33.22,-96.861,4
28.553,-81.43,4
29.526,-95.324,4
29.865,-95.486,4
34.225,-118.377,4
37.974,-121.802,4
29.992,-95.512,4
39.729,-104.832,4
26.105,-80.419,4
33.798,-84.392,4
29.779,-95.745,4
33.922,-118.261,4
25.923,-80.299,4
32.654,-96.581,4
28.238,-82.356,4
39.666,-104.809,4
40.719,-73.797,4
29.993,-95.747,4
29.727,-95.889,4
39.661,-104.999,4
28.237,-81.324,4
29.551,-95.698,4
29.993,-95.531,4
29.613,-95.282,4
29.847,-94.861,4
29.779,-95.333,4
30.463,-97.804,4
40.678,-73.934,4
26.825,-80.087,4
34.223,-118.243,4
34.221,-118.442,4
25.607,-80.389,4
26.047,-80.208,4
40.746,-73.599,4
33.731,-117.983,4
29.714,-95.504,4
28.531,-81.316,4
32.962,-96.82,4
39.655,-104.766,4
40.607,-74.259,4
32.82,-97.068,4
40.868,-73.864,4
25.562,-80.359,4
29.993,-95.269,4
26.812,-80.289,4
29.689,-95.709,4
26.162,-80.102,4
34.22,-118.404,4
10.99,-74.81,4
32.962,-96.782,4
28.394,-81.482,4
29.78,-95.258,4
39.652,-105.066,4
39.651,-104.983,4
28.529,-81.594,4
39.928,-105.121,4
25.84,-80.304,4
25.968,-80.296,4
33.92,-118.093,4
28.921,-81.269,4
29.678,-95.419,4
29.511,-95.448,4
29.781,-95.795,4
25.759,-80.197,4
34.218,-118.873,4
28.581,-81.21,4
34.217,-118.247,4
25.551,-80.41,4
33.608,-117.873,4
32.962,-96.648,4
40.731,-74.001,4
26.806,-80.074,4
29.836,-95.502,4
32.964,-97.335,4
38.808,-77.077,4
29.836,-95.414,4
29.866,-95.45,4
29.902,-95.312,4
28.526,-80.68,4
25.76,-80.351,4
40.607,-75.374,4
29.687,-95.409,4
29.392,-94.925,4
26.261,-80.118,4
37.961,-122.04,4
25.646,-80.338,4
29.781,-95.351,4
28.525,-81.445,4
25.76,-80.263,4
39.63,-104.747,4
29.903,-95.743,4
34.214,-118.537,4
25.647,-80.426,4
25.735,-80.332,4
25.76,-80.23,4
26.782,-80.036,4
29.848,-95.513,4
25.779,-80.27,4
37.957,-122.508,4
38.97,-77.104,4
37.956,-120.422,4
28.337,-81.671,4
26.763,-80.127,4
25.779,-80.222,4
38.805,-90.471,4
32.873,-96.633,4
25.648,-80.385,4
40.785,-80.245,4
29.782,-95.485,4
28.373,-81.278,4
29.706,-95.397,4
26.029,-80.128,4
25.648,-80.339,4
29.998,-95.722,4
26.015,-80.116,4
33.918,-118.146,4
29.998,-95.676,4
25.779,-80.195,4
25.649,-80.39,4
29.783,-95.778,4
39.065,-76.878,4
25.943,-80.338,4
32.873,-97.101,4
29.744,-95.457,4
33.798,-117.897,4
32.966,-96.819,4
29.706,-95.284,4
39.603,-104.723,4
38.801,-77.179,4
26.289,-80.269,4
34.207,-118.529,4
39.602,-104.891,4
39.598,-104.897,4
29.998,-95.196,4
29.529,-95.755,4
32.872,-97.103,4
29.689,-95.589,4
29.783,-95.459,4
33.844,-118.34,4
26.017,-80.302,4
29.617,-95.498,4
32.795,-96.791,4
28.225,-81.639,4
34.205,-118.86,4
25.736,-80.388,4
28.223,-82.387,4
33.098,-96.861,4
29.783,-95.185,4
39.581,-105.032,4
32.758,-96.762,4
34.202,-118.458,4
39.566,-104.966,4
29.783,-94.976,4
25.655,-80.383,4
26.106,-80.189,4
29.771,-95.383,4
33.916,-84.109,4
25.78,-80.331,4
29.867,-95.656,4
39.554,-104.995,4
32.657,-96.907,4
29.999,-95.187,4
29.266,-94.833,4
32.871,-97.399,4
25.829,-80.384,4
25.573,-80.363,4
39.55,-104.816,4
25.761,-80.417,4
29.691,-95.167,4
32.394,-96.844,4
25.964,-80.356,4
26.017,-80.174,4
32.735,-96.409,4
33.861,-118.047,4
32.591,-97.034,4
29.567,-95.43,4
29.592,-95.624,4
25.656,-80.415,4
29.707,-95.675,4
30.0,-95.404,4
32.724,-96.567,4
29.707,-95.599,4
26.018,-80.322,4
25.736,-80.25,4
39.533,-104.872,4
39.754,-104.858,4
25.942,-80.162,4
26.32,-80.078,4
32.795,-97.349,4
39.528,-106.218,4
39.755,-104.99,4
39.522,-76.182,4
28.335,-81.422,4
32.658,-97.363,4
33.099,-96.808,4
29.744,-95.424,4
33.099,-96.115,4
25.657,-80.386,4
28.515,-81.313,4
25.922,-80.354,4
29.704,-95.659,4
28.515,-81.334,4
33.798,-118.28,4
32.834,-96.833,4
29.727,-95.496,4
30.001,-95.408,4
25.893,-80.356,4
29.905,-95.343,4
26.062,-80.17,4
39.082,-94.642,4
28.514,-81.458,4
39.47,-104.78,4
32.993,-96.873,4
32.7,-96.891,4
25.859,-80.281,4
29.785,-95.616,4
30.002,-95.677,4
29.785,-95.606,4
29.785,-95.6,4
30.538,-97.815,4
39.986,-75.088,4
32.834,-96.983,4
39.459,-105.415,4
34.195,-118.327,4
25.963,-80.163,4
34.195,-118.446,4
33.224,-96.982,4
32.819,-97.16,4
28.411,-81.315,4
30.002,-95.435,4
39.982,-75.829,4
28.513,-81.24,4
39.448,-84.406,4
29.906,-95.692,4
39.443,-76.834,4
29.658,-95.539,4
25.921,-80.289,4
25.529,-80.414,4
25.659,-80.37,4
25.659,-80.358,4
39.429,-76.792,4
29.868,-95.681,4
25.883,-80.307,4
40.605,-73.987,4
26.146,-80.326,4
39.421,-77.419,4
34.194,-118.426,4
28.512,-81.456,4
32.869,-97.301,4
26.728,-80.093,4
40.677,-75.261,4
29.505,-95.457,4
29.906,-95.558,4
19.42,-99.166,4
29.761,-95.415,4
39.417,-77.427,4
33.104,-96.683,4
30.003,-95.147,4
29.695,-95.257,4
38.967,-76.955,4
40.772,-73.925,4
30.004,-95.705,4
33.913,-118.37,4
39.392,-77.311,4
33.686,-117.788,4
32.819,-115.554,4
28.509,-81.397,4
28.601,-81.415,4
33.891,-118.201,4
29.618,-95.508,4
25.78,-80.233,4
40.777,-73.262,4
37.934,-122.343,4
40.604,-75.442,4
26.172,-81.752,4
30.004,-95.286,4
25.942,-80.317,4
40.764,-73.954,4
40.704,-73.896,4
29.53,-95.164,4
29.787,-95.603,4
25.606,-80.442,4
32.793,-96.806,4
28.506,-81.458,4
33.006,-96.719,4
29.907,-95.587,4
40.674,-75.346,4
29.707,-95.174,4
29.555,-95.649,4
28.506,-81.488,4
39.378,-76.79,4
33.912,-118.313,4
25.963,-80.319,4
39.376,-76.768,4
25.664,-80.451,4
30.005,-95.39,4
38.965,-76.912,4
32.818,-96.605,4
29.849,-95.653,4
29.619,-95.574,4
29.68,-95.81,4
33.285,-111.553,4
30.006,-95.725,4
28.504,-81.345,4
30.006,-95.495,4
29.504,-95.519,4
33.842,-84.386,4
32.818,-96.62,4
29.83,-95.379,4
37.929,-122.517,4
28.502,-81.379,4
40.731,-74.15,4
29.788,-95.744,4
34.189,-118.379,4
39.976,-105.085,4
29.253,-82.221,4
32.659,-96.964,4
30.602,-96.302,4
29.908,-95.582,4
29.538,-95.135,4
26.063,-80.199,4
29.656,-95.57,4
33.663,-117.856,4
40.67,-73.931,4
37.927,-122.056,4
32.842,-97.15,4
34.188,-118.371,4
29.788,-95.201,4
29.908,-95.389,4
32.97,-96.821,4
29.677,-95.235,4
29.744,-95.296,4
29.635,-95.392,4
37.927,-122.353,4
29.789,-95.815,4
28.332,-81.409,4
37.924,-122.319,4
32.818,-96.811,4
26.718,-81.932,4
32.818,-96.821,4
29.789,-95.741,4
29.748,-95.441,4
39.324,-76.689,4
28.332,-81.494,4
26.108,-80.137,4
29.736,-95.92,4
28.496,-81.439,4
39.321,-76.451,4
32.708,-96.98,4
28.495,-81.42,4
34.187,-118.455,4
32.833,-96.643,4
29.708,-95.555,4
38.784,-77.569,4
33.911,-117.881,4
39.317,-77.076,4
25.668,-80.371,4
29.771,-95.965,4
37.911,-122.068,4
34.187,-118.476,4
38.783,-77.209,4
32.792,-96.794,4
25.669,-80.446,4
25.669,-80.433,4
29.909,-95.588,4
33.107,-96.829,4
39.746,-104.998,4
29.635,-95.646,4
33.842,-118.351,4
39.291,-76.575,4
25.669,-80.287,4
40.751,-73.826,4
39.112,-76.857,4
25.716,-80.388,4
30.01,-95.59,4
29.708,-95.513,4
29.728,-95.598,4
38.777,-121.369,4
28.56,-81.281,4
29.634,-95.562,4
29.79,-95.46,4
25.96,-80.123,4
33.108,-96.86,4
29.671,-95.646,4
29.91,-95.723,4
39.106,-77.549,4
29.501,-95.187,4
29.62,-95.215,4
25.781,-80.137,4
25.782,-80.402,4
34.184,-118.502,4
39.288,-76.871,4
25.762,-80.236,4
34.183,-118.423,4
29.849,-95.479,4
25.671,-80.441,4
28.49,-81.401,4
33.409,-111.951,4
29.791,-95.575,4
34.183,-118.592,4
26.048,-80.195,4
25.762,-80.197,4
39.28,-77.205,4
29.633,-95.424,4
29.688,-95.622,4
39.97,-75.139,4
26.109,-80.252,4
34.181,-118.301,4
30.011,-95.413,4
30.011,-95.317,4
39.278,-76.626,4
39.756,-104.859,4
25.672,-80.443,4
37.873,-122.273,4
32.866,-97.208,4
32.866,-97.213,4
33.908,-84.363,4
34.179,-118.309,4
33.0,-97.009,4
26.164,-80.32,4
30.012,-95.56,4
25.673,-80.433,4
32.661,-97.278,4
28.486,-81.402,4
26.021,-80.151,4
32.866,-117.214,4
25.782,-80.198,4
28.669,-81.444,4
29.869,-95.395,4
29.792,-95.514,4
29.91,-95.333,4
32.791,-96.75,4
28.486,-81.463,4
32.791,-96.789,4
29.728,-95.546,4
39.064,-77.06,4
26.023,-80.299,4
29.793,-95.79,4
33.662,-117.657,4
29.243,-81.108,4
32.735,-96.815,4
29.793,-95.729,4
33.108,-96.734,4
39.253,-76.71,4
39.064,-77.073,4
32.791,-97.041,4
25.763,-80.373,4
29.793,-95.545,4
39.252,-77.226,4
40.6,-73.978,4
33.417,-86.78,4
32.757,-97.191,4
38.773,-90.684,4
29.793,-95.316,4
32.865,-96.928,4
26.064,-80.29,4
29.869,-95.37,4
28.647,-81.39,4
38.772,-77.546,4
39.244,-77.234,4
34.174,-118.397,4
39.242,-76.661,4
32.661,-96.909,4
28.482,-81.436,4
29.794,-95.706,4
25.783,-80.301,4
25.674,-80.311,4
39.97,-75.148,4
29.794,-95.58,4
33.511,-86.803,4
33.875,-118.002,4
29.736,-95.618,4
25.783,-80.296,4
30.014,-95.273,4
25.783,-80.267,4
25.832,-80.183,4
25.832,-80.121,4
29.911,-95.479,4
29.77,-95.224,4
32.864,-96.698,4
25.675,-80.409,4
29.794,-95.126,4
32.85,-96.99,4
26.111,-80.161,4
26.193,-80.273,4
29.87,-95.784,4
33.007,-96.718,4
34.171,-118.608,4
39.023,-84.569,4
25.763,-80.293,4
29.795,-95.727,4
33.418,-111.829,4
28.479,-81.423,4
28.479,-81.454,4
29.795,-95.491,4
26.111,-80.105,4
39.217,-121.062,4
26.023,-80.154,4
25.763,-80.259,4
40.729,-73.852,4
30.016,-95.834,4
39.213,-76.847,4
32.977,-96.716,4
28.186,-81.649,4
32.595,-97.396,4
39.212,-76.852,4
25.848,-80.366,4
29.913,-95.545,4
38.768,-90.332,4
25.677,-80.468,4
29.796,-95.718,4
29.796,-95.712,4
25.783,-80.143,4
32.719,-97.452,4
25.763,-80.254,4
25.677,-80.279,4
26.083,-80.282,4
39.206,-84.47,4
28.476,-81.407,4
29.87,-95.697,4
26.259,-80.244,4
39.204,-94.451,4
32.864,-96.879,4
32.816,-96.791,4
33.629,-117.641,4
33.905,-118.159,4
33.243,-96.727,4
33.72,-84.425,4
25.7,-80.16,4
25.833,-80.207,4
37.813,-122.262,4
25.763,-80.237,4
29.622,-95.417,4
29.796,-95.123,4
30.017,-95.387,4
29.709,-95.57,4
25.784,-80.262,4
29.77,-95.246,4
30.017,-95.299,4
33.423,-112.592,4
25.958,-80.186,4
39.199,-76.621,4
29.63,-95.231,4
29.85,-95.693,4
29.736,-95.566,4
29.797,-95.549,4
32.833,-97.215,4
29.63,-95.536,4
29.629,-95.474,4
25.763,-80.203,4
38.762,-77.442,4
26.112,-80.255,4
25.679,-80.415,4
29.677,-95.426,4
32.981,-97.306,4
29.87,-95.646,4
26.33,-80.289,4
25.68,-80.358,4
39.193,-77.186,4
33.228,-97.094,4
39.742,-104.871,4
29.87,-95.601,4
29.87,-95.57,4
29.798,-95.573,4
40.857,-74.123,4
25.848,-80.333,4
29.914,-95.436,4
25.763,-80.192,4
29.798,-95.469,4
39.192,-77.248,4
33.426,-112.166,4
28.472,-81.417,4
29.628,-95.441,4
32.708,-96.631,4
40.748,-73.893,4
39.19,-77.227,4
26.693,-80.088,4
25.708,-80.435,4
26.692,-80.151,4
30.02,-95.745,4
29.799,-95.727,4
30.02,-95.606,4
29.647,-95.487,4
26.204,-80.195,4
39.968,-75.136,4
37.797,-121.897,4
26.304,-80.103,4
25.785,-80.297,4
32.662,-96.875,4
32.982,-96.613,4
37.795,-122.397,4
28.326,-81.401,4
39.187,-78.101,4
25.957,-80.129,4
29.747,-95.379,4
25.683,-80.461,4
25.683,-80.455,4
26.256,-80.246,4
25.764,-80.484,4
30.021,-95.733,4
32.703,-96.629,4
32.534,-96.856,4
26.189,-80.276,4
29.626,-95.267,4
32.756,-96.866,4
29.753,-95.354,4
28.156,-82.278,4
33.791,-117.883,4
25.684,-80.399,4
29.623,-95.495,4
30.021,-95.337,4
25.835,-80.181,4
25.534,-80.478,4
26.16,-80.194,4
25.848,-80.327,4
28.469,-81.612,4
28.153,-81.612,4
28.627,-81.412,4
26.684,-80.252,4
26.113,-80.322,4
29.66,-95.396,4
29.801,-95.422,4
29.736,-95.526,4
38.759,-77.021,4
32.663,-96.891,4
25.883,-80.297,4
29.736,-95.521,4
32.862,-96.769,4
29.376,-98.629,4
26.113,-80.216,4
32.998,-96.873,4
32.719,-97.052,4
29.719,-95.416,4
33.84,-118.065,4
33.79,-118.102,4
25.684,-80.312,4
40.727,-74.038,4
28.145,-81.617,4
29.527,-95.48,4
29.625,-95.608,4
32.992,-96.849,4
26.114,-80.288,4
25.685,-80.441,4
28.467,-81.474,4
33.113,-96.861,4
34.153,-118.45,4
30.023,-95.336,4
29.624,-95.493,4
29.803,-95.795,4
33.79,-118.169,4
26.151,-80.323,4
39.964,-86.156,4
33.859,-118.209,4
25.685,-80.38,4
37.769,-122.195,4
29.728,-95.336,4
25.708,-80.384,4
25.836,-80.303,4
29.803,-95.406,4
33.79,-118.187,4
29.71,-95.14,4
40.703,-74.01,4
37.768,-122.396,4
33.902,-118.292,4
40.883,-73.863,4
25.685,-80.364,4
25.572,-80.32,4
32.841,-97.242,4
28.464,-81.399,4
29.586,-95.645,4
33.114,-96.887,4
37.764,-121.984,4
29.736,-95.432,4
39.17,-77.186,4
29.581,-95.419,4
32.741,-97.237,4
26.204,-98.231,4
28.14,-82.484,4
29.805,-95.852,4
25.956,-80.13,4
39.169,-77.242,4
29.728,-95.322,4
25.786,-80.237,4
28.462,-81.457,4
29.805,-95.51,4
39.168,-77.171,4
37.76,-121.463,4
40.752,-73.875,4
28.461,-81.384,4
28.461,-81.426,4
25.686,-80.409,4
26.253,-80.174,4
34.148,-118.24,4
33.007,-96.611,4
26.253,-80.19,4
28.646,-81.485,4
26.674,-80.051,4
28.46,-81.407,4
25.786,-80.218,4
29.806,-95.485,4
30.856,-83.292,4
29.806,-95.416,4
25.956,-80.192,4
29.711,-95.574,4
28.46,-81.456,4
33.116,-96.837,4
29.736,-95.427,4
33.053,-96.813,4
28.459,-81.359,4
29.693,-95.269,4
38.753,-90.322,4
29.807,-95.712,4
32.537,-97.422,4
29.807,-95.516,4
40.744,-74.025,4
26.174,-80.295,4
25.786,-80.131,4
29.681,-95.362,4
29.871,-95.375,4
33.683,-117.752,4
32.756,-97.097,4
32.815,-97.002,4
29.711,-95.494,4
39.793,-104.774,4
29.838,-95.647,4
40.667,-73.8,4
29.918,-95.472,4
39.738,-104.996,4
26.671,-80.298,4
25.726,-80.392,4
29.69,-95.395,4
32.985,-96.918,4
26.033,-80.182,4
33.902,-118.309,4
29.808,-95.243,4
39.163,-76.72,4
29.736,-95.243,4
28.457,-81.399,4
25.687,-80.448,4
30.028,-95.579,4
29.809,-95.562,4
29.85,-95.441,4
26.151,-80.32,4
39.16,-77.277,4
29.809,-95.504,4
34.145,-118.491,4
32.787,-96.81,4
29.918,-95.395,4
26.085,-80.18,4
33.788,-117.885,4
30.028,-95.42,4
29.919,-95.658,4
28.424,-81.405,4
29.809,-95.308,4
32.665,-96.896,4
29.711,-95.393,4
32.985,-96.71,4
40.742,-73.788,4
29.831,-95.699,4
33.119,-96.771,4
40.702,-73.885,4
29.81,-95.782,4
29.753,-95.565,4
30.03,-95.616,4
33.119,-96.733,4
32.986,-97.167,4
25.863,-80.374,4
33.838,-84.009,4
40.778,-73.827,4
10.264,-67.961,4
25.764,-80.202,4
26.667,-80.111,4
32.986,-96.905,4
29.717,-95.671,4
25.836,-80.193,4
33.901,-117.484,4
25.931,-80.164,4
28.114,-81.746,4
39.152,-77.281,4
39.941,-75.025,4
28.37,-81.665,4
28.453,-81.399,4
29.693,-95.796,4
29.851,-95.816,4
29.823,-95.531,4
25.837,-80.379,4
33.891,-118.206,4
34.138,-118.235,4
28.452,-81.387,4
29.712,-95.579,4
37.731,-122.162,4
40.58,-74.29,4
28.452,-81.489,4
32.733,-97.149,4
25.689,-80.402,4
29.831,-95.658,4
29.729,-95.578,4
25.689,-80.391,4
38.745,-90.409,4
39.148,-121.586,4
33.554,-111.899,4
40.737,-73.612,4
33.23,-96.903,4
34.137,-118.233,4
40.742,-74.004,4
37.729,-119.573,4
29.712,-95.492,4
29.921,-95.674,4
29.921,-95.63,4
29.729,-95.557,4
25.764,-80.192,4
25.572,-80.373,4
33.711,-117.883,4
33.523,-101.794,4
25.69,-80.429,4
32.786,-97.099,4
29.873,-95.877,4
29.675,-95.535,4
37.721,-122.17,4
25.931,-80.179,4
33.022,-97.084,4
40.854,-73.869,4
32.786,-97.382,4
29.812,-95.349,4
25.765,-80.412,4
32.859,-96.63,4
32.987,-96.802,4
28.321,-81.441,4
40.748,-73.887,4
40.573,-74.581,4
40.572,-74.55,4
39.144,-76.991,4
28.32,-81.339,4
33.898,-118.245,4
40.741,-73.789,4
39.144,-77.222,4
39.143,-77.165,4
28.447,-81.394,4
25.788,-80.249,4
26.153,-80.233,4
28.32,-81.426,4
39.142,-77.182,4
26.302,-80.175,4
29.839,-95.694,4
32.832,-96.706,4
29.713,-95.815,4
29.873,-95.415,4
25.788,-80.215,4
38.739,-77.22,4
39.962,-75.138,4
32.832,-96.83,4
25.74,-80.243,4
34.129,-117.997,4
29.519,-95.087,4
29.713,-95.5,4
40.741,-73.873,4
26.203,-80.29,4
39.054,-77.103,4
40.84,-73.917,4
26.064,-80.251,4
10.378,-75.493,4
29.737,-95.584,4
25.691,-80.402,4
28.443,-81.346,4
33.897,-118.291,4
33.126,-96.818,4
32.858,-96.951,4
39.138,-76.687,4
32.858,-96.958,4
26.656,-80.104,4
34.127,-117.439,4
25.475,-80.483,4
30.04,-95.368,4
28.441,-81.476,4
28.073,-82.737,4
39.138,-77.189,4
40.795,-73.944,4
29.851,-95.271,4
33.126,-96.787,4
33.895,-84.22,4
25.691,-80.352,4
32.814,-97.191,4
39.078,-77.147,4
33.895,-118.197,4
25.477,-80.468,4
29.815,-95.715,4
29.737,-95.567,4
39.135,-76.735,4
31.474,-106.063,4
40.665,-73.07,4
40.779,-74.026,4
33.895,-118.264,4
39.133,-76.751,4
32.735,-97.123,4
28.436,-81.233,4
29.816,-95.904,4
33.231,-96.92,4
39.133,-84.511,4
33.895,-118.294,4
28.813,-81.353,4
39.13,-77.244,4
38.955,-76.91,4
40.7,-74.235,4
28.367,-81.399,4
26.652,-80.093,4
33.873,-117.877,4
29.666,-95.52,4
20.984,-156.67,4
25.692,-80.287,4
29.816,-95.501,4
40.746,-73.957,4
39.129,-84.593,4
25.693,-80.443,4
33.127,-96.816,4
37.682,-121.877,4
39.126,-77.241,4
26.249,-80.187,4
33.001,-96.677,4
25.863,-80.312,4
25.951,-80.144,4
40.524,-80.27,4
34.117,-117.536,4
28.32,-81.48,4
25.863,-80.238,4
34.116,-117.421,4
25.727,-80.325,4
29.817,-95.771,4
25.788,-80.132,4
26.119,-80.145,4
29.923,-95.719,4
28.624,-81.209,4
28.433,-81.256,4
29.817,-95.729,4
28.433,-81.447,4
26.281,-80.152,4
29.923,-95.647,4
25.765,-80.238,4
33.658,-117.742,4
32.729,-97.305,4
29.714,-95.65,4
37.644,-77.592,4
39.918,-104.97,4
25.695,-80.43,4
29.724,-95.616,4
28.431,-81.309,4
32.602,-97.389,4
39.117,-94.573,4
25.74,-80.239,4
39.861,-105.094,4
33.238,-97.198,4
25.864,-80.307,4
33.893,-118.182,4
37.555,-121.968,4
26.648,-80.091,4
25.695,-80.311,4
28.431,-81.47,4
29.714,-95.554,4
26.064,-80.232,4
26.648,-80.135,4
29.549,-95.491,4
25.839,-80.382,4
30.049,-95.541,4
25.765,-80.229,4
28.058,-82.727,4
40.764,-73.869,4
29.852,-95.517,4
26.034,-80.156,4
26.029,-80.27,4
32.99,-96.754,4
30.049,-95.235,4
29.818,-95.37,4
33.238,-96.903,4
40.93,-73.82,4
40.952,-74.22,4
42.229,-83.23,4
41.558,-87.716,4
41.851,-87.639,4
47.672,-122.12,4
42.029,-88.096,4
42.203,-83.23,4
41.926,-87.748,4
41.965,-87.803,4
42.192,-87.944,4
41.197,-73.247,4
42.03,-87.745,4
41.849,-87.752,4
42.643,-83.16,4
42.39,-83.055,4
40.999,-73.662,4
42.031,-71.216,4
42.655,-71.244,4
42.347,-83.332,4
47.907,11.538,4
42.364,-71.057,4
41.93,-87.841,4
40.97,-73.711,4
41.93,-87.758,4
41.907,-87.856,4
44.536,-88.03,4
42.426,-71.009,4
41.931,-88.028,4
42.358,-71.167,4
42.155,-71.073,4
42.684,-83.194,4
41.901,-87.752,4
41.421,-87.752,4
42.967,-85.681,4
42.146,-71.123,4
41.658,-88.544,4
42.966,-85.71,4
42.965,-85.631,4
42.427,-83.398,4
42.957,-85.591,4
41.989,-87.783,4
41.932,-87.693,4
42.956,-85.472,4
41.886,-87.625,4
41.978,-87.864,4
42.956,-85.684,4
42.344,-83.165,4
41.025,-75.251,4
42.036,-87.75,4
40.962,-73.858,4
42.953,-85.648,4
42.038,-71.437,4
40.99,-73.807,4
42.733,-87.943,4
41.933,-87.734,4
42.95,-85.679,4
51.225,6.776,4
48.131,11.548,4
42.948,-85.071,4
41.79,-87.737,4
41.791,-87.942,4
42.04,-87.857,4
51.521,-0.658,4
42.04,-87.84,4
42.04,-74.121,4
40.919,-74.123,4
52.109,20.784,4
42.041,-88.061,4
42.041,-87.847,4
42.041,-87.748,4
42.81,-85.683,4
42.934,-85.34,4
41.751,-88.308,4
42.107,-80.118,4
42.812,-85.669,4
42.105,-87.875,4
41.749,-87.789,4
42.933,-85.693,4
41.433,-73.15,4
41.899,-87.714,4
42.096,-87.956,4
42.932,-85.683,4
43.087,-85.494,4
41.938,-87.826,4
42.433,-83.436,4
42.928,-85.692,4
42.83,-86.137,4
42.835,-85.698,4
42.089,-71.044,4
42.34,-71.087,4
42.919,-85.587,4
42.047,-87.893,4
41.507,-87.847,4
41.944,-87.707,4
42.839,-85.635,4
41.897,-87.926,4
41.807,-71.453,4
42.082,-71.027,4
42.366,-71.016,4
42.08,-71.027,4
42.049,-87.678,4
41.944,-87.717,4
42.851,-85.601,4
42.914,-85.606,4
41.486,-88.298,4
42.914,-85.733,4
42.078,-86.462,4
42.006,-88.084,4
40.962,-73.84,4
42.913,-85.605,4
42.854,-71.521,4
42.911,-85.568,4
42.857,-85.846,4
42.339,-83.241,4
42.338,-71.251,4
42.864,-85.572,4
42.865,-85.203,4
42.075,-88.067,4
42.337,-71.072,4
41.991,-87.749,4
42.057,-87.75,4
42.337,-83.152,4
41.48,-88.078,4
42.873,-85.628,4
42.903,-85.6,4
44.886,-93.212,4
41.942,-87.726,4
41.94,-87.809,4
42.88,-85.598,4
42.881,-85.595,4
42.061,-71.017,4
43.645,-79.38,4
41.801,-88.158,4
42.007,-88.061,4
41.908,-87.647,4
42.068,-71.057,4
42.899,-85.705,4
43.562,-79.591,4
43.072,-89.398,4
41.975,-87.901,4
41.983,-87.694,4
42.443,-71.106,4
42.449,-83.286,4
42.455,-83.345,4
41.641,-87.447,4
45.003,-84.507,4
42.362,-83.411,4
42.329,-83.145,4
41.291,-73.932,4
40.894,-73.818,4
41.76,-88.274,4
41.881,-87.638,4
42.403,-83.62,4
43.809,-79.458,4
41.899,-87.773,4
42.466,-83.392,4
45.426,10.946,4
42.355,-71.06,4
45.468,-91.113,4
42.472,-83.259,4
43.03,-85.618,4
41.879,-71.374,4
43.565,-84.779,4
41.879,-87.625,4
45.518,-122.676,4
42.011,-87.663,4
41.746,-88.295,4
43.028,-85.633,4
41.959,-87.788,4
42.319,-71.392,4
42.319,-83.302,4
42.477,-70.94,4
41.728,-88.131,4
42.318,-71.083,4
43.02,-85.725,4
41.995,-87.787,4
42.359,-71.058,4
41.968,-87.706,4
42.013,-87.664,4
42.312,-83.114,4
41.877,-71.43,4
41.957,-88.071,4
42.309,-83.296,4
41.775,-88.035,4
42.492,-82.935,4
46.271,-119.198,4
42.302,-71.079,4
42.496,-83.33,4
46.413,-63.8,4
41.725,-87.648,4
41.915,-87.665,4
47.047,-122.829,4
41.278,-73.781,4
41.762,-72.689,4
42.99,-85.664,4
41.968,-87.72,4
41.916,-87.634,4
42.352,-83.274,4
41.337,-82.732,4
42.293,-83.465,4
41.87,-71.056,4
42.525,-70.958,4
42.284,-83.193,4
43.864,-79.383,4
41.919,-87.688,4
42.545,-70.886,4
47.49,-122.188,4
40.891,-73.862,4
41.92,-88.07,4
42.977,-85.617,4
41.92,-87.959,4
42.259,-71.003,4
41.998,-87.865,4
43.552,-79.635,4
42.255,-89.024,4
41.565,-87.507,4
42.248,-71.804,4
42.247,-71.796,4
41.923,-87.8,4
41.04,-74.76,4
41.659,-88.446,4
47.617,-122.345,4
42.373,-71.244,4
41.855,-70.537,4
41.134,-74.005,4
42.35,-83.179,4
42.972,-85.644,3
43.742,-79.261,3
43.748,-79.271,3
41.987,-88.113,3
41.987,-87.658,3
41.757,-87.905,3
41.968,-87.806,3
40.983,-74.029,3
41.992,-87.681,3
41.994,-87.75,3
43.224,-85.551,3
43.22,-85.77,3
43.211,-77.71,3
43.196,-85.666,3
41.763,-88.294,3
41.358,-71.704,3
41.9,-87.882,3
40.995,-73.884,3
41.998,-87.697,3
43.149,-80.331,3
44.005,-103.072,3
43.126,-89.313,3
42.0,-87.993,3
42.0,-87.668,3
42.361,-71.056,3
41.964,-87.67,3
42.002,-87.948,3
41.963,-87.822,3
44.685,-85.656,3
41.73,-88.315,3
44.698,-93.192,3
42.004,-87.712,3
43.081,-85.595,3
42.005,-87.663,3
41.962,-87.836,3
41.766,-87.934,3
41.962,-88.069,3
42.007,-87.882,3
44.937,-93.169,3
44.938,-93.37,3
41.38,-74.312,3
44.976,-93.269,3
42.009,-87.919,3
41.961,-87.919,3
41.96,-88.192,3
45.353,-75.807,3
42.01,-87.946,3
43.036,-76.138,3
45.457,-73.755,3
45.508,-73.561,3
42.011,-87.683,3
43.03,-85.678,3
45.545,-94.157,3
43.02,-88.24,3
41.726,-87.825,3
43.016,-85.683,3
45.678,-122.666,3
43.001,-85.593,3
42.015,-87.728,3
42.363,-83.283,3
42.993,-85.634,3
42.363,-71.121,3
42.985,-85.327,3
47.153,-122.422,3
47.226,-123.114,3
42.984,-75.958,3
42.02,-70.987,3
41.955,-88.149,3
41.954,-87.746,3
47.57,-122.669,3
42.026,-88.147,3
41.953,-87.811,3
47.608,-122.315,3
47.613,-122.335,3
47.617,-122.343,3
47.624,-122.316,3
41.782,-88.337,3
42.028,-87.785,3
41.951,-71.131,3
47.668,-122.695,3
42.395,-83.056,3
41.984,-87.664,3
42.031,-87.728,3
42.972,-86.181,3
47.931,-122.223,3
42.033,-87.81,3
41.949,-87.771,3
41.783,-87.803,3
48.151,-122.167,3
42.395,-83.415,3
41.948,-87.705,3
49.192,-123.082,3
42.962,-87.929,3
41.723,-87.803,3
41.787,-88.332,3
40.921,-73.768,3
50.097,8.595,3
42.037,-87.959,3
41.903,-87.836,3
42.039,-87.797,3
41.946,-87.815,3
42.942,-85.68,3
41.945,-87.755,3
42.935,-85.68,3
41.897,-87.947,3
52.577,-2.185,3
42.933,-83.609,3
42.933,-85.669,3
42.042,-87.75,3
42.931,-78.815,3
42.931,-85.683,3
42.045,-87.739,3
42.045,-87.682,3
40.922,-74.176,3
42.047,-87.977,3
41.011,-74.284,3
42.051,-87.747,3
42.053,-87.849,3
42.054,-88.086,3
42.906,-85.7,3
42.056,-70.929,3
42.057,-87.853,3
41.798,-87.752,3
42.902,-85.702,3
42.394,-71.079,3
42.063,-88.083,3
41.942,-87.735,3
42.898,-85.542,3
41.941,-87.676,3
42.068,-71.022,3
42.889,-85.703,3
42.872,-71.496,3
41.804,-87.738,3
41.939,-87.778,3
42.854,-85.576,3
42.846,-85.601,3
42.085,-88.085,3
42.367,-71.234,3
41.81,-87.753,3
42.83,-86.083,3
41.823,-71.394,3
42.812,-86.016,3
42.108,-71.011,3
41.713,-88.414,3
42.805,-85.498,3
42.783,-86.128,3
41.83,-88.013,3
41.936,-89.017,3
42.116,-87.909,3
41.934,-87.706,3
42.12,-72.6,3
41.524,-87.84,3
42.735,-84.554,3
42.127,-87.937,3
42.129,-87.933,3
42.136,-87.934,3
41.933,-88.043,3
42.137,-87.943,3
41.838,-87.691,3
42.705,-71.188,3
41.842,-87.785,3
42.703,-71.148,3
41.711,-88.283,3
42.685,-83.131,3
42.154,-87.912,3
42.682,-83.327,3
42.159,-71.541,3
41.93,-87.996,3
41.848,-87.806,3
42.654,-71.33,3
42.653,-71.329,3
42.176,-83.25,3
42.619,-83.318,3
41.926,-87.64,3
42.608,-82.818,3
42.2,-72.627,3
41.851,-87.803,3
41.851,-87.762,3
41.851,-87.635,3
42.215,-71.248,3
42.22,-87.987,3
42.224,-70.971,3
41.7,-106.39,3
41.854,-87.652,3
41.924,-87.652,3
42.234,-70.981,3
42.241,-89.046,3
41.856,-70.585,3
42.575,-83.167,3
42.247,-83.019,3
42.566,-83.03,3
41.179,-73.19,3
42.252,-87.947,3
42.552,-71.48,3
42.255,-83.674,3
40.9,-74.118,3
41.86,-87.749,3
42.551,-71.741,3
41.861,-87.995,3
41.864,-87.727,3
42.27,-71.416,3
42.542,-83.433,3
41.572,-87.463,3
42.542,-83.486,3
41.865,-87.747,3
41.898,-87.863,3
41.865,-87.651,3
42.39,-87.858,3
41.919,-87.739,3
42.276,-71.114,3
42.533,-83.352,3
42.278,-83.215,3
41.583,-87.637,3
41.867,-87.624,3
42.529,-83.431,3
42.527,-71.251,3
42.286,-83.445,3
42.526,-83.466,3
41.87,-87.647,3
42.288,-71.118,3
41.87,-87.625,3
41.872,-87.678,3
41.874,-88.004,3
40.904,-73.869,3
42.505,-83.316,3
41.688,-87.789,3
42.495,-83.347,3
40.907,-74.195,3
41.915,-87.725,3
42.304,-83.446,3
41.898,-87.672,3
42.312,-87.905,3
42.312,-83.119,3
42.388,-71.093,3
41.878,-71.388,3
41.914,-87.764,3
42.318,-83.191,3
40.914,-73.851,3
41.912,-87.635,3
42.322,-83.225,3
42.323,-83.224,3
42.324,-83.401,3
42.464,-70.963,3
42.329,-71.057,3
42.331,-71.053,3
42.455,-83.416,3
41.883,-87.752,3
42.333,-71.058,3
42.334,-83.285,3
42.45,-83.489,3
42.448,-88.295,3
41.883,-87.629,3
42.441,-71.501,3
41.884,-87.649,3
42.338,-83.187,3
42.338,-71.589,3
42.34,-87.841,3
42.388,-83.318,3
42.43,-71.041,3
42.342,-83.22,3
42.427,-71.007,3
42.344,-83.232,3
41.907,-87.642,3
42.344,-83.154,3
41.9,-91.731,3
41.887,-87.805,3
42.424,-71.088,3
41.905,-87.673,3
42.415,-71.178,3
42.351,-83.179,3
42.413,-71.115,3
41.89,-87.634,3
41.89,-87.633,3
41.891,-87.659,3
42.353,-71.062,3
41.891,-72.653,3
42.356,-83.071,3
41.112,-83.21,3
42.402,-71.022,3
40.899,-74.178,3
41.975,-88.041,3
41.75,-87.569,3
41.977,-87.877,3
43.623,-89.764,3
41.973,-87.846,3
41.979,-87.696,3
41.979,-87.656,3
41.327,-74.106,3
41.972,-87.845,3
41.981,-87.691,3
41.982,-87.691,3
43.711,-79.33,3
41.894,-87.633,3
41.755,-88.288,3
41.984,-87.82,3
43.732,-73.811,3
26.009,-80.3,3
30.35,-95.27,3
32.949,-96.802,3
30.351,-97.543,3
32.949,-96.769,3
32.891,-97.143,3
29.575,-95.352,3
33.739,-84.408,3
26.009,-80.132,3
26.008,-80.32,3
25.976,-80.336,3
25.973,-80.198,3
28.552,-81.563,3
26.008,-80.343,3
26.345,-80.274,3
30.355,-95.604,3
32.893,-96.774,3
29.688,-95.303,3
25.973,-80.206,3
26.008,-80.377,3
32.888,-96.655,3
32.945,-97.297,3
25.977,-80.279,3
26.007,-80.155,3
25.822,-80.242,3
40.007,-105.282,3
32.943,-96.958,3
26.007,-80.178,3
26.007,-80.234,3
25.882,-80.192,3
32.942,-96.736,3
32.942,-96.757,3
39.723,-104.997,3
32.895,-96.622,3
32.895,-96.563,3
29.646,-95.568,3
33.935,-118.039,3
40.776,-73.874,3
30.365,-97.695,3
32.941,-97.174,3
32.897,-97.203,3
32.951,-96.905,3
25.822,-80.2,3
32.897,-96.519,3
26.006,-80.304,3
25.981,-80.371,3
33.209,-96.636,3
32.898,-97.036,3
26.005,-80.229,3
33.933,-117.94,3
26.343,-80.201,3
32.888,-96.772,3
32.899,-97.248,3
26.004,-80.147,3
26.191,-80.144,3
32.9,-97.044,3
25.611,-80.366,3
32.938,-96.735,3
32.938,-96.812,3
39.718,-104.994,3
28.551,-81.478,3
25.897,-80.198,3
32.888,-97.286,3
25.982,-80.297,3
32.887,-79.979,3
39.718,-105.015,3
32.936,-96.809,3
32.887,-96.76,3
29.773,-95.707,3
39.717,-105.072,3
39.714,-104.909,3
26.002,-80.179,3
32.936,-97.261,3
30.381,-95.718,3
30.385,-95.451,3
25.609,-80.454,3
32.934,-96.73,3
29.744,-95.791,3
33.643,-112.063,3
33.932,-118.37,3
30.387,-87.061,3
32.934,-96.82,3
28.55,-81.278,3
26.342,-80.213,3
25.984,-80.294,3
32.761,-97.157,3
32.933,-96.527,3
33.495,-84.187,3
26.001,-80.29,3
29.772,-95.602,3
32.906,-96.955,3
39.714,-105.006,3
25.999,-80.142,3
39.712,-104.993,3
25.984,-80.226,3
32.906,-96.452,3
33.212,-97.148,3
33.212,-96.631,3
33.213,-97.148,3
32.933,-97.321,3
25.615,-80.414,3
25.615,-80.375,3
32.907,-96.895,3
39.711,-104.92,3
32.932,-96.915,3
29.773,-95.206,3
32.952,-97.123,3
25.972,-80.207,3
25.984,-80.224,3
32.932,-96.971,3
25.984,-80.171,3
25.985,-80.31,3
29.772,-95.768,3
32.931,-96.732,3
29.607,-95.176,3
33.733,-117.996,3
32.909,-96.719,3
25.823,-80.201,3
32.93,-96.819,3
28.553,-81.757,3
32.93,-96.85,3
32.885,-96.732,3
32.91,-96.739,3
32.885,-96.999,3
32.884,-96.656,3
39.71,-104.821,3
25.995,-80.238,3
32.929,-96.762,3
25.995,-80.293,3
30.408,-95.808,3
30.408,-91.059,3
33.213,-97.139,3
26.011,-80.392,3
32.928,-96.822,3
25.824,-80.324,3
25.987,-80.308,3
25.994,-80.118,3
25.824,-80.191,3
33.64,-84.429,3
25.994,-80.296,3
25.971,-80.196,3
30.419,-86.937,3
30.42,-87.236,3
32.926,-96.809,3
32.913,-96.675,3
32.953,-96.818,3
32.926,-96.811,3
25.993,-80.281,3
28.549,-81.594,3
25.988,-80.363,3
25.988,-80.298,3
33.732,-116.388,3
32.915,-96.992,3
32.925,-97.112,3
26.195,-80.098,3
39.709,-104.872,3
32.915,-96.862,3
32.924,-96.76,3
32.76,-97.008,3
26.011,-80.165,3
25.618,-80.352,3
33.213,-96.851,3
32.882,-97.18,3
32.923,-96.971,3
32.923,-97.436,3
32.922,-96.366,3
25.971,-80.377,3
33.928,-118.357,3
32.954,-96.823,3
33.64,-117.716,3
32.918,-96.856,3
29.654,-95.564,3
32.881,-96.62,3
25.897,-80.334,3
32.921,-96.73,3
32.955,-96.823,3
32.919,-96.648,3
39.708,-104.93,3
32.921,-96.785,3
-12.073,-76.976,3
32.921,-97.52,3
25.99,-80.249,3
39.707,-104.814,3
29.644,-95.578,3
32.881,-96.902,3
33.215,-97.165,3
29.609,-95.251,3
29.774,-95.294,3
26.183,-80.166,3
39.727,-104.992,3
32.881,-96.972,3
39.698,-105.011,3
39.697,-104.826,3
29.775,-95.91,3
39.697,-104.879,3
29.643,-95.488,3
29.643,-95.507,3
29.775,-95.812,3
29.609,-95.212,3
32.955,-96.726,3
25.559,-80.365,3
39.695,-104.775,3
32.881,-97.16,3
32.955,-96.592,3
39.695,-104.939,3
29.775,-95.39,3
25.627,-80.403,3
33.925,-84.099,3
29.775,-95.241,3
25.969,-80.358,3
30.437,-95.492,3
39.727,-104.982,3
29.679,-95.741,3
29.641,-95.392,3
39.992,-75.233,3
39.687,-75.607,3
32.959,-96.809,3
29.776,-95.809,3
40.777,-73.936,3
39.687,-104.913,3
33.215,-97.113,3
33.925,-118.386,3
39.685,-104.85,3
33.924,-84.058,3
39.685,-105.064,3
26.012,-80.147,3
29.776,-95.362,3
39.682,-105.123,3
29.776,-95.132,3
32.959,-96.683,3
25.63,-80.357,3
25.896,-80.154,3
39.679,-104.841,3
32.879,-111.727,3
33.924,-118.349,3
29.679,-95.832,3
39.679,-104.967,3
28.539,-81.307,3
30.451,-97.666,3
39.678,-104.779,3
29.777,-95.429,3
25.634,-80.438,3
25.634,-80.424,3
25.968,-80.145,3
29.777,-95.328,3
30.454,-97.798,3
29.704,-95.64,3
29.64,-95.51,3
29.64,-95.588,3
39.676,-104.851,3
29.778,-95.92,3
33.731,-117.861,3
26.013,-80.31,3
39.676,-104.965,3
33.923,-118.034,3
32.96,-96.991,3
25.636,-80.31,3
39.729,-104.992,3
39.674,-104.939,3
39.672,-104.825,3
29.515,-95.8,3
39.669,-104.892,3
29.772,-95.818,3
25.968,-80.192,3
40.777,-73.925,3
29.684,-95.71,3
29.779,-95.784,3
39.668,-104.891,3
29.779,-95.78,3
40.75,-73.886,3
28.534,-81.534,3
32.877,-97.379,3
32.876,-96.62,3
25.64,-80.339,3
32.962,-97.681,3
39.663,-104.995,3
29.779,-95.434,3
25.826,-80.356,3
29.515,-95.815,3
25.641,-80.372,3
29.706,-95.807,3
25.642,-80.336,3
39.788,-105.086,3
40.796,-74.145,3
25.886,-80.161,3
29.706,-95.685,3
39.655,-105.014,3
25.644,-80.336,3
29.513,-95.529,3
28.53,-81.286,3
33.615,-117.704,3
29.513,-95.725,3
29.78,-95.404,3
29.614,-95.242,3
28.53,-81.468,3
39.653,-104.979,3
29.639,-95.652,3
29.678,-95.208,3
28.528,-81.45,3
39.649,-84.237,3
29.781,-95.785,3
39.646,-104.877,3
25.644,-80.324,3
32.876,-97.236,3
26.015,-80.312,3
29.781,-95.58,3
26.015,-80.263,3
29.638,-95.385,3
33.22,-96.768,3
25.646,-80.393,3
39.639,-104.728,3
29.51,-95.182,3
28.526,-81.286,3
25.646,-80.352,3
32.875,-117.242,3
39.631,-78.75,3
29.615,-95.481,3
26.191,-80.205,3
25.966,-80.185,3
25.965,-80.154,3
33.918,-84.36,3
33.222,-97.114,3
29.678,-95.66,3
25.647,-80.4,3
26.015,-80.23,3
25.648,-80.413,3
39.62,-104.81,3
25.871,-80.309,3
39.62,-105.03,3
30.496,-97.657,3
32.965,-96.671,3
29.509,-95.112,3
29.782,-95.531,3
33.918,-118.079,3
28.522,-81.307,3
40.864,-74.146,3
29.617,-95.693,3
39.609,-105.108,3
25.649,-80.356,3
28.522,-81.458,3
26.016,-80.196,3
28.521,-81.661,3
29.509,-95.461,3
29.783,-95.562,3
39.886,-104.81,3
32.872,-97.4,3
25.653,-80.409,3
25.828,-80.356,3
39.588,-74.849,3
28.517,-81.329,3
32.967,-96.723,3
25.654,-80.333,3
25.655,-80.412,3
39.732,-105.019,3
29.707,-95.68,3
25.656,-80.445,3
25.964,-80.257,3
39.553,-104.77,3
29.707,-95.678,3
29.784,-95.592,3
39.732,-104.985,3
28.517,-81.472,3
29.784,-95.57,3
25.525,-80.425,3
29.784,-95.548,3
39.545,-104.856,3
39.545,-104.871,3
28.516,-81.187,3
29.617,-95.197,3
25.829,-80.373,3
28.516,-81.501,3
29.689,-95.573,3
26.018,-80.321,3
29.784,-95.041,3
25.657,-80.481,3
28.515,-81.21,3
39.511,-104.763,3
39.5,-106.041,3
39.473,-83.969,3
32.87,-97.335,3
25.829,-80.371,3
32.869,-96.616,3
32.7,-97.018,3
25.829,-80.248,3
29.785,-95.692,3
25.829,-80.207,3
39.471,-76.612,3
39.468,-76.615,3
29.704,-95.712,3
25.526,-80.423,3
28.672,-81.47,3
39.456,-77.427,3
32.7,-96.855,3
33.913,-83.319,3
32.7,-96.765,3
40.75,-73.988,3
29.507,-95.188,3
39.442,-76.345,3
29.507,-95.433,3
29.786,-95.687,3
25.83,-80.272,3
29.786,-95.534,3
25.83,-80.269,3
25.66,-80.416,3
32.969,-96.725,3
39.98,-104.822,3
29.786,-95.438,3
39.414,-77.411,3
39.407,-76.782,3
29.786,-95.27,3
39.406,-74.507,3
33.224,-96.981,3
28.51,-81.465,3
26.019,-80.178,3
39.734,-104.985,3
29.787,-95.745,3
29.787,-95.734,3
29.787,-95.711,3
39.39,-76.553,3
33.726,-84.411,3
28.506,-81.444,3
32.868,-96.938,3
25.83,-80.122,3
29.787,-95.575,3
29.787,-95.55,3
25.663,-80.443,3
29.787,-95.536,3
25.664,-80.45,3
32.757,-96.673,3
39.374,-77.411,3
2.968,-75.292,3
29.689,-95.53,3
32.867,-96.682,3
39.371,-77.209,3
33.724,-117.843,3
28.504,-82.562,3
39.371,-77.211,3
39.363,-76.78,3
39.363,-84.494,3
29.708,-95.738,3
32.867,-96.755,3
25.665,-80.435,3
39.349,-76.673,3
29.754,-95.297,3
25.665,-80.43,3
33.911,-117.525,3
29.635,-95.164,3
28.5,-81.581,3
39.339,-120.994,3
29.788,-95.451,3
25.666,-80.434,3
28.499,-81.313,3
30.609,-96.32,3
25.605,-80.372,3
28.498,-81.436,3
29.789,-95.778,3
25.962,-80.139,3
25.667,-80.389,3
39.326,-77.349,3
29.789,-95.729,3
32.866,-96.757,3
29.789,-95.717,3
29.708,-95.576,3
25.668,-80.457,3
29.635,-95.464,3
39.318,-76.769,3
39.318,-84.523,3
39.31,-76.61,3
26.02,-80.152,3
29.789,-94.892,3
30.615,-96.297,3
26.02,-80.151,3
32.866,-97.206,3
39.971,-75.217,3
25.831,-80.241,3
33.225,-96.97,3
33.722,-117.789,3
25.871,-80.119,3
29.79,-95.584,3
39.29,-76.526,3
28.492,-81.417,3
32.757,-96.96,3
29.555,-95.828,3
28.492,-81.595,3
29.708,-95.403,3
33.721,-84.41,3
25.67,-80.435,3
29.791,-95.869,3
32.701,-96.385,3
25.671,-80.457,3
29.791,-95.752,3
28.49,-81.411,3
28.489,-81.307,3
28.489,-81.324,3
29.791,-95.547,3
29.708,-95.256,3
33.909,-118.327,3
25.671,-80.372,3
39.279,-84.367,3
25.672,-80.453,3
29.791,-95.203,3
29.791,-95.181,3
29.684,-95.677,3
28.487,-81.417,3
28.557,-81.485,3
39.268,-76.589,3
33.907,-84.31,3
32.976,-96.98,3
29.792,-95.54,3
32.757,-97.126,3
32.865,-96.68,3
25.673,-80.35,3
29.792,-95.187,3
29.792,-95.037,3
39.257,-76.712,3
25.674,-80.449,3
40.858,-74.025,3
39.252,-76.643,3
26.023,-80.277,3
32.865,-96.764,3
29.793,-95.456,3
29.793,-95.454,3
32.865,-96.781,3
39.246,-76.696,3
29.632,-95.435,3
29.793,-95.192,3
28.483,-81.436,3
29.77,-95.179,3
39.24,-77.095,3
28.481,-81.309,3
39.238,-76.651,3
32.977,-97.282,3
29.794,-95.5,3
39.236,-76.82,3
32.977,-96.741,3
33.226,-96.805,3
32.703,-97.071,3
25.675,-80.372,3
25.675,-80.323,3
32.756,-96.464,3
26.023,-80.169,3
39.221,-76.694,3
29.795,-95.752,3
32.977,-96.737,3
25.676,-80.375,3
28.479,-81.457,3
26.333,-80.216,3
25.676,-80.374,3
25.676,-80.372,3
25.833,-80.291,3
40.872,-73.956,3
32.977,-96.705,3
33.611,-112.015,3
25.676,-80.318,3
28.478,-81.47,3
32.977,-96.7,3
29.631,-95.21,3
25.833,-80.236,3
29.631,-95.321,3
25.678,-80.455,3
26.332,-80.176,3
28.475,-81.252,3
32.979,-96.904,3
29.709,-95.673,3
28.475,-81.445,3
39.201,-77.273,3
29.631,-95.442,3
39.201,-84.469,3
25.678,-80.308,3
32.863,-96.541,3
32.863,-96.761,3
28.473,-81.368,3
29.63,-95.42,3
40.752,-74.053,3
39.199,-85.925,3
29.797,-95.393,3
25.68,-80.452,3
30.674,-88.088,3
39.97,-75.164,3
29.709,-95.397,3
33.904,-84.261,3
29.629,-95.784,3
39.192,-76.794,3
32.981,-96.662,3
29.798,-95.165,3
39.189,-76.591,3
33.904,-84.482,3
28.472,-81.623,3
29.799,-95.794,3
30.698,-95.547,3
32.982,-96.879,3
32.756,-96.669,3
32.863,-97.279,3
28.471,-81.382,3
25.682,-80.422,3
29.647,-95.48,3
29.628,-95.501,3
26.221,-80.176,3
29.627,-95.358,3
29.623,-95.555,3
29.677,-95.486,3
39.967,-75.182,3
33.228,-96.909,3
32.983,-96.867,3
25.683,-80.318,3
28.469,-80.542,3
29.71,-95.512,3
25.894,-80.186,3
29.71,-95.511,3
28.468,-81.073,3
39.179,-77.271,3
29.801,-95.537,3
39.178,-76.789,3
29.677,-95.618,3
29.495,-94.99,3
28.468,-81.378,3
33.513,-112.27,3
40.752,-73.944,3
39.966,-75.225,3
29.802,-95.752,3
32.862,-96.86,3
29.802,-95.733,3
29.802,-95.725,3
32.983,-96.654,3
25.836,-80.366,3
29.71,-95.396,3
28.468,-81.472,3
28.467,-81.313,3
32.862,-96.958,3
32.862,-96.959,3
25.957,-80.302,3
32.756,-97.062,3
39.173,-77.243,3
29.803,-95.752,3
39.173,-84.413,3
29.757,-95.368,3
29.803,-95.474,3
40.855,-73.855,3
26.146,-80.323,3
25.685,-80.367,3
28.464,-81.246,3
39.171,-120.142,3
40.752,-73.928,3
29.804,-95.427,3
40.744,-73.867,3
32.862,-97.212,3
29.804,-95.374,3
25.686,-80.439,3
39.885,-105.007,3
39.169,-77.209,3
10.004,-84.11,3
32.861,-96.752,3
29.805,-95.414,3
25.956,-80.183,3
29.77,-95.41,3
29.806,-95.859,3
29.806,-95.763,3
39.167,-76.567,3
33.902,-118.299,3
29.494,-95.759,3
25.686,-80.403,3
28.46,-81.562,3
28.459,-81.313,3
25.686,-80.402,3
40.744,-73.959,3
29.807,-95.574,3
28.459,-81.459,3
39.166,-77.186,3
25.686,-80.396,3
39.166,-84.626,3
29.581,-95.418,3
25.836,-80.225,3
25.686,-80.372,3
25.686,-80.353,3
29.808,-95.645,3
33.515,-112.153,3
29.77,-95.461,3
39.164,-77.226,3
39.963,-75.165,3
28.557,-81.206,3
28.457,-81.459,3
25.687,-80.438,3
40.742,-73.608,3
39.16,-77.28,3
25.687,-80.433,3
29.675,-95.175,3
39.16,-77.296,3
25.687,-80.429,3
32.756,-97.329,3
33.23,-96.971,3
25.956,-80.28,3
25.687,-80.428,3
28.608,-81.192,3
25.687,-80.357,3
29.81,-95.81,3
29.77,-95.603,3
39.156,-77.276,3
25.687,-80.337,3
40.742,-73.797,3
29.81,-95.5,3
32.86,-96.761,3
39.155,-77.302,3
39.154,-77.195,3
32.986,-96.806,3
29.755,-95.561,3
29.485,-95.763,3
25.688,-80.307,3
29.553,-95.376,3
25.688,-80.162,3
39.15,-77.147,3
39.149,-76.719,3
26.192,-80.175,3
26.326,-80.269,3
33.9,-118.301,3
-23.507,-46.185,3
29.483,-95.454,3
29.811,-95.394,3
29.811,-95.38,3
33.899,-117.849,3
40.742,-73.993,3
32.986,-96.803,3
25.689,-80.35,3
29.481,-95.194,3
29.66,-95.441,3
25.837,-80.322,3
40.855,-74.117,3
39.147,-94.8,3
32.986,-96.661,3
32.704,-96.779,3
25.69,-80.401,3
33.899,-118.182,3
29.812,-95.43,3
39.145,-84.338,3
32.987,-96.803,3
29.812,-95.418,3
29.812,-95.41,3
29.812,-95.315,3
40.742,-74.228,3
25.837,-80.18,3
26.027,-80.198,3
25.874,-80.213,3
29.813,-95.768,3
32.755,-96.976,3
25.691,-80.438,3
28.446,-81.262,3
39.142,-77.187,3
32.987,-96.75,3
39.141,-77.185,3
39.141,-77.192,3
25.954,-80.121,3
39.141,-77.193,3
10.374,-75.472,3
29.813,-95.31,3
29.479,-98.697,3
25.691,-80.434,3
39.14,-77.188,3
29.478,-95.056,3
6.151,-75.614,3
26.147,-80.25,3
39.139,-77.199,3
29.814,-95.371,3
25.874,-80.172,3
32.755,-97.032,3
29.556,-95.158,3
10.379,-75.479,3
29.815,-95.771,3
29.703,-95.112,3
39.137,-77.152,3
28.439,-81.35,3
39.137,-77.707,3
39.136,-77.207,3
29.714,-95.854,3
40.74,-73.983,3
32.989,-96.834,3
25.602,-80.36,3
29.816,-95.707,3
29.703,-95.172,3
29.816,-95.689,3
29.816,-95.681,3
29.816,-95.665,3
25.954,-80.182,3
25.693,-80.442,3
25.838,-80.226,3
32.857,-96.994,3
28.435,-81.405,3
29.817,-95.854,3
29.474,-95.095,3
33.235,-95.914,3
31.571,-110.334,3
29.817,-95.793,3
25.693,-80.37,3
29.817,-95.785,3
29.77,-95.78,3
33.236,-96.788,3
25.693,-80.308,3
25.693,-80.306,3
25.693,-80.167,3
29.817,-95.695,3
31.648,-94.635,3
39.12,-76.847,3
25.694,-80.311,3
31.685,-102.323,3
33.894,-84.547,3
39.119,-77.168,3
39.118,-76.969,3
32.99,-96.985,3
25.838,-80.201,3
33.894,-118.292,3
29.817,-95.163,3
33.704,-84.443,3
40.74,-74.009,3
28.559,-81.503,3
39.115,-77.187,3
25.695,-80.157,3
25.602,-80.378,3
32.856,-96.559,3
33.893,-118.344,3
29.818,-95.546,3
39.962,-83.001,3
26.029,-80.288,3
39.113,-77.207,3
26.019,-80.209,3
32.99,-96.657,3
25.953,-80.12,3
32.856,-97.401,3
29.473,-95.439,3
39.112,-77.21,3
25.697,-80.432,3
28.431,-81.565,3
25.839,-80.371,3
25.697,-80.161,3
32.991,-96.845,3
28.43,-81.26,3
28.43,-81.307,3
29.819,-95.21,3
29.691,-95.695,3
26.148,-80.285,3
32.855,-97.009,3
39.105,-94.538,3
25.698,-80.296,3
31.803,-106.197,3
40.739,-73.865,3
29.82,-95.696,3
39.103,-77.13,3
25.699,-80.438,3
29.82,-95.426,3
39.788,-104.809,3
39.101,-76.815,3
29.821,-95.729,3
29.647,-82.421,3
28.428,-81.404,3
29.821,-95.509,3
28.428,-81.534,3
32.754,-97.002,3
25.699,-80.426,3
39.1,-84.52,3
39.099,-77.527,3
32.993,-96.885,3
29.675,-95.459,3
29.757,-95.404,3
28.559,-81.365,3
29.822,-95.498,3
32.854,-96.978,3
28.425,-81.461,3
40.738,-73.993,3
26.031,-80.16,3
39.093,-94.58,3
29.823,-95.466,3
25.567,-80.327,3
25.893,-80.207,3
39.091,-77.003,3
39.09,-84.708,3
25.702,-80.384,3
39.088,-76.941,3
29.714,-95.127,3
28.423,-81.339,3
28.422,-81.255,3
33.889,-84.38,3
25.702,-80.309,3
25.702,-80.301,3
29.825,-95.332,3
29.825,-94.923,3
25.839,-80.199,3
33.888,-118.08,3
33.888,-118.309,3
25.702,-80.287,3
39.084,-77.078,3
39.084,-84.154,3
29.826,-95.367,3
39.08,-76.944,3
32.994,-96.801,3
25.705,-80.285,3
28.419,-81.398,3
29.827,-95.755,3
29.827,-95.743,3
29.827,-95.73,3
29.827,-95.708,3
29.827,-95.705,3
39.078,-77.125,3
33.888,-118.334,3
39.077,-76.937,3
39.077,-77.08,3
31.939,-102.141,3
28.418,-81.415,3
29.828,-95.688,3
39.077,-77.139,3
32.995,-96.937,3
32.852,-96.928,3
26.32,-80.128,3
29.828,-95.481,3
39.076,-77.143,3
29.828,-95.432,3
39.075,-77.088,3
32.852,-97.017,3
39.072,-77.073,3
28.415,-81.532,3
32.754,-97.348,3
32.852,-97.115,3
28.414,-81.228,3
28.414,-81.476,3
29.829,-95.407,3
40.736,-73.816,3
29.829,-95.205,3
25.707,-80.41,3
40.735,-73.81,3
39.066,-94.585,3
32.851,-96.838,3
32.997,-96.714,3
32.85,-96.652,3
29.467,-95.468,3
39.74,-104.843,3
29.83,-95.503,3
29.83,-95.486,3
29.83,-95.445,3
26.32,-80.203,3
39.065,-84.61,3
32.997,-96.683,3
33.887,-118.123,3
32.042,-98.132,3
40.734,-74.058,3
32.998,-96.837,3
39.057,-77.108,3
28.41,-81.414,3
33.703,-117.932,3
39.057,-84.522,3
25.84,-80.261,3
29.831,-95.488,3
39.052,-94.405,3
29.465,-95.114,3
33.886,-118.223,3
32.999,-96.835,3
29.832,-95.772,3
39.049,-76.981,3
29.715,-95.288,3
25.711,-80.458,3
25.711,-80.445,3
29.769,-95.608,3
25.577,-80.34,3
29.833,-95.684,3
33.885,-118.184,3
26.035,-80.362,3
32.116,-96.063,3
28.402,-81.429,3
32.848,-96.633,3
32.125,-110.874,3
32.752,-96.647,3
32.848,-96.81,3
28.4,-81.463,3
40.882,-74.054,3
25.951,-80.306,3
29.834,-95.502,3
40.753,-73.822,3
29.46,-98.446,3
32.205,-98.24,3
28.4,-81.572,3
33.883,-117.544,3
28.661,-81.387,3
39.035,-77.059,3
25.715,-80.453,3
33.883,-117.964,3
29.716,-95.485,3
32.234,-101.511,3
40.731,-73.744,3
25.95,-80.123,3
29.459,-95.097,3
39.033,-76.682,3
29.521,-95.56,3
28.395,-81.465,3
29.835,-95.2,3
33.24,-111.597,3
25.841,-80.28,3
39.033,-77.202,3
39.032,-77.026,3
39.031,-94.299,3
28.394,-81.34,3
28.661,-81.414,3
39.027,-76.908,3
28.393,-81.249,3
28.393,-81.335,3
26.035,-80.139,3
33.7,-117.799,3
25.715,-80.256,3
25.841,-80.202,3
25.842,-97.478,3
25.876,-80.2,3
32.735,-97.501,3
33.882,-118.331,3
39.023,-76.69,3
29.716,-95.169,3
32.847,-96.595,3
10.407,-75.505,3
32.304,-96.864,3
39.018,-76.963,3
29.838,-95.65,3
40.727,-74.077,3
29.838,-95.351,3
29.838,-95.337,3
39.741,-105.101,3
28.388,-81.417,3
29.839,-95.75,3
33.245,-111.888,3
29.453,-95.46,3
25.717,-80.28,3
28.388,-81.472,3
29.839,-95.704,3
40.727,-74.16,3
25.717,-80.279,3
28.388,-81.491,3
29.674,-95.3,3
25.717,-80.275,3
26.04,-80.148,3
28.387,-81.486,3
39.005,-77.363,3
10.426,-75.537,3
39.003,-76.864,3
29.84,-95.526,3
32.846,-96.784,3
33.002,-96.613,3
29.717,-95.313,3
29.84,-95.305,3
33.88,-117.947,3
32.322,-96.667,3
39.003,-77.0,3
33.003,-97.015,3
29.718,-95.863,3
32.846,-96.943,3
29.841,-95.66,3
39.879,-74.165,3
29.755,-95.629,3
39.0,-77.032,3
39.0,-77.077,3
29.842,-95.647,3
40.754,-73.987,3
29.718,-95.661,3
29.768,-95.196,3
29.842,-95.393,3
25.948,-80.205,3
28.383,-81.316,3
39.0,-95.396,3
32.734,-96.79,3
32.845,-96.993,3
28.383,-81.408,3
28.382,-81.408,3
28.382,-81.412,3
38.997,-77.09,3
29.843,-95.273,3
29.703,-95.298,3
29.844,-95.797,3
32.342,-96.643,3
32.706,-96.282,3
32.352,-84.963,3
25.72,-80.279,3
38.995,-94.672,3
40.723,-74.008,3
38.993,-77.027,3
29.673,-95.278,3
29.844,-95.144,3
38.993,-94.443,3
25.842,-80.273,3
29.718,-95.344,3
33.004,-96.643,3
38.992,-76.935,3
28.379,-81.377,3
38.991,-76.676,3
25.721,-80.442,3
38.989,-76.917,3
29.845,-95.518,3
29.845,-95.478,3
28.378,-81.403,3
28.378,-81.424,3
26.045,-80.386,3
25.947,-80.165,3
29.718,-95.297,3
25.843,-80.386,3
28.378,-81.488,3
39.96,-104.984,3
29.718,-95.259,3
38.986,-77.423,3
38.985,-76.822,3
33.251,-96.906,3
29.846,-95.548,3
25.843,-80.199,3
33.876,-117.569,3
25.721,-80.276,3
25.722,-80.41,3
32.843,-96.814,3
40.72,-74.043,3
29.585,-95.474,3
29.847,-95.774,3
39.959,-75.195,3
38.981,-77.1,3
25.723,-80.379,3
25.947,-80.209,3
38.979,-76.931,3
28.375,-81.258,3
26.047,-80.311,3
33.876,-118.043,3
32.843,-97.249,3
33.53,-84.672,3
40.719,-74.01,3
32.842,-96.765,3
38.971,-94.763,3
32.842,-96.771,3
33.006,-96.731,3
38.97,-76.934,3
38.97,-76.953,3
29.848,-95.351,3
38.969,-94.747,3
40.718,-73.958,3
33.253,-96.972,3
33.875,-84.318,3
29.648,-95.572,3
25.599,-80.374,3
40.845,-73.866,3
40.718,-73.99,3
38.965,-77.387,3
38.963,-76.909,3
26.316,-80.087,3
29.849,-95.51,3
25.599,-80.377,3
33.007,-96.85,3
25.724,-80.312,3
28.608,-81.391,3
33.007,-96.719,3
25.725,-80.46,3
25.725,-80.432,3
33.875,-118.045,3
25.725,-80.324,3
28.371,-81.425,3
33.875,-118.171,3
29.85,-95.646,3
29.673,-95.743,3
29.85,-95.579,3
28.564,-81.269,3
29.719,-95.371,3
29.719,-95.343,3
40.765,-73.822,3
32.405,-97.253,3
33.874,-117.602,3
28.37,-81.517,3
29.698,-95.384,3
28.37,-81.64,3
25.726,-80.312,3
38.957,-77.024,3
29.851,-95.718,3
33.008,-96.732,3
25.844,-80.188,3
40.718,-73.995,3
39.743,-104.994,3
38.955,-76.85,3
28.369,-81.512,3
28.368,-81.425,3
38.955,-76.868,3
40.717,-73.987,3
32.84,-97.088,3
25.845,-80.314,3
38.952,-77.41,3
32.839,-96.591,3
25.727,-80.24,3
29.852,-95.261,3
40.716,-73.986,3
40.715,-74.291,3
29.853,-95.665,3
29.605,-95.026,3
29.853,-95.532,3
29.853,-95.507,3
38.942,-95.26,3
29.853,-95.412,3
38.94,-76.994,3
32.751,-97.086,3
29.605,-95.355,3
40.714,-73.986,3
38.93,-77.031,3
25.729,-80.326,3
29.854,-95.6,3
29.72,-95.52,3
39.744,-105.225,3
38.929,-77.21,3
33.872,-117.919,3
33.872,-117.926,3
25.729,-80.32,3
29.854,-95.325,3
38.922,-77.547,3
28.363,-81.542,3
38.92,-76.891,3
32.432,-97.224,3
33.872,-118.355,3
40.714,-74.069,3
29.424,-95.058,3
38.918,-77.221,3
32.707,-96.893,3
28.362,-81.452,3
40.712,-74.093,3
25.73,-80.387,3
25.73,-80.382,3
38.912,-104.725,3
29.72,-95.323,3
40.712,-74.209,3
32.435,-96.986,3
25.877,-80.285,3
33.695,-84.011,3
40.754,-73.883,3
38.909,-77.043,3
38.909,-77.448,3
39.744,-104.993,3
28.36,-81.398,3
28.36,-81.56,3
28.656,-81.226,3
28.358,-81.384,3
29.687,-95.53,3
38.903,-77.049,3
38.902,-77.217,3
28.358,-81.498,3
38.901,-77.033,3
29.858,-95.843,3
25.945,-80.277,3
39.874,-104.778,3
25.577,-80.469,3
25.731,-80.373,3
29.721,-95.556,3
29.415,-98.65,3
32.728,-96.88,3
38.898,-94.798,3
28.353,-81.42,3
25.731,-80.328,3
25.731,-80.307,3
33.869,-117.913,3
29.859,-95.686,3
33.01,-96.828,3
26.054,-80.16,3
33.869,-118.177,3
32.837,-96.475,3
40.71,-74.007,3
28.35,-81.669,3
25.845,-80.146,3
25.944,-80.138,3
38.888,-76.806,3
26.056,-80.203,3
28.348,-81.42,3
29.86,-95.782,3
29.86,-95.781,3
29.86,-95.778,3
25.732,-80.437,3
33.868,-118.198,3
25.846,-80.384,3
25.732,-80.377,3
29.721,-95.363,3
40.868,-72.983,3
28.347,-81.33,3
38.881,-76.963,3
28.347,-81.456,3
33.255,-96.971,3
38.881,-94.727,3
38.879,-76.929,3
39.791,-104.904,3
40.71,-74.191,3
32.837,-97.048,3
33.866,-118.009,3
28.346,-81.423,3
38.873,-76.775,3
32.478,-96.984,3
29.861,-95.613,3
29.703,-95.609,3
33.865,-84.173,3
26.154,-80.203,3
32.483,-97.024,3
25.732,-80.263,3
38.863,-77.079,3
32.836,-96.936,3
40.709,-73.991,3
29.747,-95.778,3
25.943,-80.146,3
29.755,-95.362,3
33.864,-118.255,3
40.708,-73.898,3
38.849,-77.353,3
28.342,-81.378,3
38.848,-77.121,3
29.862,-95.483,3
29.586,-95.097,3
25.847,-80.309,3
25.733,-80.256,3
29.862,-95.286,3
33.015,-96.999,3
29.863,-95.628,3
25.734,-80.39,3
38.833,-121.202,3
29.722,-95.57,3
40.771,-73.895,3
40.708,-74.006,3
29.692,-95.439,3
28.34,-81.441,3
33.265,-96.837,3
29.671,-95.628,3
28.34,-81.671,3
40.707,-74.005,3
38.829,-77.428,3
38.828,-94.497,3
25.891,-80.131,3
13.693,-89.127,3
-34.706,-58.402,3
25.847,-80.258,3
25.597,-80.405,3
28.339,-81.423,3
29.394,-94.986,3
33.015,-96.837,3
33.015,-96.81,3
29.865,-95.662,3
40.705,-73.892,3
38.82,-104.781,3
32.835,-96.933,3
32.75,-96.868,3
38.816,-77.145,3
28.337,-80.608,3
29.865,-95.334,3
32.835,-97.019,3
29.866,-95.693,3
29.866,-95.686,3
26.306,-80.092,3
28.337,-81.528,3
26.061,-80.235,3
33.018,-97.311,3
38.805,-77.058,3
14.046,-86.373,3
39.956,-104.919,3
29.569,-95.216,3
29.392,-94.935,3
25.736,-80.382,3
28.335,-81.355,3
38.792,-77.268,3
38.791,-90.614,3
26.213,-80.169,3
29.692,-95.39,3
25.891,-80.185,3
25.848,-80.378,3
28.334,-81.328,3
29.868,-95.628,3
29.392,-95.092,3
40.704,-73.902,3
26.16,-80.204,3
39.745,-104.986,3
38.781,-77.078,3
38.781,-90.278,3
29.869,-95.628,3
25.738,-80.267,3
29.869,-95.472,3
32.521,-96.27,3
29.67,-95.198,3
28.329,-82.593,3
25.942,-80.319,3
25.738,-80.238,3
25.739,-80.434,3
29.869,-95.043,3
32.833,-97.174,3
38.769,-90.29,3
26.305,-80.245,3
38.766,-76.926,3
28.327,-81.44,3
38.766,-77.442,3
29.723,-95.442,3
38.759,-76.976,3
28.326,-81.552,3
25.848,-80.314,3
38.757,-121.265,3
33.86,-118.306,3
33.021,-96.67,3
38.754,-77.181,3
32.75,-97.36,3
15.398,-87.808,3
29.723,-95.341,3
33.858,-117.921,3
38.752,-95.431,3
40.702,-73.806,3
28.323,-81.667,3
29.872,-95.831,3
26.303,-80.129,3
25.848,-80.25,3
25.848,-80.192,3
38.745,-76.876,3
29.872,-95.656,3
29.872,-95.553,3
33.857,-118.27,3
39.747,-104.852,3
40.702,-73.937,3
29.872,-95.332,3
40.702,-73.991,3
38.743,-77.529,3
29.66,-95.578,3
29.724,-95.909,3
26.064,-80.279,3
29.873,-95.55,3
29.874,-95.784,3
28.32,-81.433,3
40.84,-74.047,3
33.857,-118.301,3
32.539,-96.86,3
28.32,-81.471,3
38.732,-77.173,3
38.732,-90.389,3
33.856,-84.214,3
28.32,-81.495,3
29.724,-95.578,3
38.712,-90.359,3
29.875,-95.701,3
33.856,-84.292,3
29.604,-95.233,3
29.875,-95.655,3
29.875,-95.643,3
25.741,-80.323,3
38.693,-89.979,3
29.724,-95.566,3
28.318,-81.417,3
38.691,-90.41,3
33.024,-96.845,3
38.684,-121.765,3
32.831,-97.001,3
39.953,-75.16,3
29.557,-95.585,3
29.876,-95.742,3
38.672,-77.271,3
40.699,-73.818,3
40.697,-73.935,3
40.697,-73.984,3
25.742,-80.252,3
29.876,-95.436,3
29.876,-95.132,3
29.724,-95.473,3
32.831,-97.097,3
33.025,-96.841,3
40.696,-73.913,3
25.848,-80.19,3
28.313,-81.222,3
29.877,-95.624,3
38.647,-90.341,3
28.312,-81.394,3
38.645,-121.141,3
39.952,-75.172,3
40.756,-73.991,3
38.643,-121.526,3
32.551,-96.905,3
25.744,-80.305,3
33.29,-111.121,3
38.639,-77.252,3
25.744,-80.242,3
38.638,-90.229,3
40.793,-74.003,3
33.025,-96.829,3
29.724,-95.384,3
29.757,-95.612,3
25.745,-80.287,3
33.855,-117.894,3
33.027,-96.889,3
28.309,-81.404,3
38.632,-90.314,3
28.309,-81.462,3
40.756,-73.985,3
38.631,-121.515,3
29.879,-95.958,3
26.3,-80.146,3
29.879,-95.725,3
25.745,-80.241,3
25.746,-80.259,3
25.746,-80.229,3
26.186,-80.129,3
26.299,-80.099,3
38.622,-121.134,3
29.699,-95.868,3
25.848,-80.163,3
29.685,-95.594,3
29.879,-95.341,3
39.748,-104.993,3
32.829,-96.911,3
15.575,-87.958,3
38.615,-77.368,3
38.613,-90.289,3
40.793,-74.019,3
33.029,-97.015,3
38.611,-121.279,3
38.61,-90.295,3
33.029,-97.005,3
25.848,-80.146,3
29.88,-95.695,3
40.696,-74.228,3
26.299,-80.166,3
26.067,-80.216,3
28.302,-81.47,3
32.827,-85.172,3
38.598,-121.435,3
38.597,-121.4,3
29.587,-95.457,3
38.592,-90.273,3
38.591,-90.339,3
33.029,-96.756,3
38.591,-121.298,3
17.092,-61.703,3
26.068,-80.255,3
38.59,-90.643,3
33.694,-117.932,3
25.749,-80.417,3
29.725,-95.629,3
25.749,-80.335,3
33.852,-117.844,3
25.595,-80.392,3
29.882,-95.419,3
38.581,-121.494,3
25.749,-80.212,3
38.576,-121.532,3
29.725,-95.559,3
25.75,-80.338,3
38.572,-121.28,3
38.57,-90.264,3
33.03,-97.275,3
40.695,-73.925,3
29.725,-95.528,3
29.883,-95.458,3
38.567,-90.401,3
40.695,-74.003,3
25.75,-80.256,3
28.29,-81.646,3
32.564,-96.762,3
38.565,-121.576,3
40.837,-73.945,3
29.884,-95.7,3
29.884,-95.696,3
29.67,-95.369,3
25.75,-80.204,3
38.56,-121.461,3
32.826,-96.934,3
38.554,-121.454,3
38.553,-90.055,3
40.837,-74.121,3
38.55,-121.721,3
29.885,-95.7,3
38.549,-90.349,3
38.547,-121.529,3
40.694,-73.866,3
29.885,-95.538,3
29.885,-95.479,3
28.285,-82.467,3
38.542,-121.56,3
29.538,-95.358,3
25.877,-80.218,3
26.071,-80.227,3
25.89,-80.339,3
25.849,-80.201,3
38.538,-90.34,3
38.528,-90.281,3
25.594,-80.367,3
29.887,-95.548,3
25.849,-80.174,3
33.85,-84.374,3
29.725,-95.403,3
29.887,-95.325,3
25.878,-80.331,3
28.278,-81.357,3
29.55,-95.146,3
38.517,-90.302,3
29.688,-95.59,3
25.849,-80.147,3
33.692,-117.821,3
29.888,-95.385,3
29.889,-97.948,3
26.072,-80.145,3
40.836,-73.943,3
29.889,-95.669,3
32.824,-96.676,3
33.628,-96.624,3
38.488,-121.456,3
38.487,-121.467,3
25.594,-80.392,3
25.938,-80.161,3
29.889,-95.216,3
29.755,-95.365,3
38.474,-78.01,3
25.938,-80.296,3
33.849,-118.199,3
25.754,-80.271,3
33.035,-96.726,3
25.594,-80.405,3
29.726,-95.887,3
28.264,-81.434,3
18.438,-66.003,3
32.823,-96.647,3
25.754,-80.219,3
29.891,-95.401,3
25.754,-80.196,3
39.753,-105.017,3
29.891,-95.213,3
33.037,-96.914,3
38.436,-121.399,3
25.85,-80.371,3
29.747,-95.3,3
38.412,-96.23,3
40.688,-73.857,3
29.892,-95.319,3
32.823,-97.053,3
40.688,-73.982,3
40.686,-73.627,3
38.403,-121.427,3
28.258,-81.602,3
29.726,-95.53,3
29.726,-95.528,3
33.04,-96.731,3
33.04,-96.707,3
25.755,-80.358,3
33.04,-96.423,3
25.755,-80.287,3
26.297,-80.14,3
29.764,-95.255,3
33.847,-118.065,3
38.306,-104.727,3
32.733,-96.813,3
25.756,-80.413,3
25.756,-80.374,3
32.579,-97.386,3
40.684,-75.243,3
29.895,-95.618,3
40.789,-73.845,3
29.895,-95.224,3
38.197,-89.554,3
33.692,-117.921,3
29.764,-95.364,3
38.163,-122.239,3
29.684,-95.431,3
33.69,-117.992,3
38.114,-122.242,3
28.251,-81.345,3
33.308,-96.89,3
25.543,-80.375,3
29.726,-95.426,3
38.094,-84.501,3
40.836,-74.147,3
29.897,-95.371,3
40.681,-73.975,3
29.588,-95.623,3
33.041,-96.919,3
28.571,-81.229,3
29.898,-95.62,3
33.689,-117.817,3
29.764,-95.391,3
33.846,-117.934,3
38.017,-121.969,3
33.042,-96.922,3
29.898,-95.291,3
40.68,-73.949,3
33.042,-96.828,3
38.003,-121.739,3
29.273,-94.818,3
25.758,-80.303,3
32.585,-96.881,3
37.999,-122.542,3
29.899,-95.472,3
25.85,-80.223,3
29.899,-95.374,3
32.82,-96.832,3
28.65,-81.345,3
28.242,-81.226,3
25.758,-80.234,3
29.9,-95.412,3
29.66,-95.638,3
37.991,-121.656,3
29.901,-95.717,3
29.901,-95.699,3
37.99,-122.328,3
28.241,-81.263,3
32.748,-96.271,3
32.82,-96.873,3
37.976,-122.56,3
28.238,-81.556,3
40.679,-89.634,3
37.973,-121.787,3
28.237,-81.653,3
29.727,-95.772,3
28.648,-81.291,3
37.972,-122.012,3
29.902,-95.493,3
29.727,-95.566,3
25.935,-80.293,3
37.97,-84.516,3
37.967,-121.296,3
37.966,-122.042,3
28.229,-81.478,3
40.677,-73.934,3
29.902,-95.322,3
32.588,-96.922,3
25.889,-80.19,3
32.589,-97.359,3
29.693,-95.515,3
37.952,-121.96,3
37.951,-121.944,3
32.82,-97.182,3
26.292,-80.285,3
32.71,-97.04,3
29.904,-95.59,3
33.044,-97.026,3
29.904,-95.47,3
25.935,-80.314,3
26.289,-80.292,3
37.947,-121.944,3
33.045,-96.728,3
29.905,-95.659,3
29.905,-95.605,3
25.761,-80.395,3
29.727,-95.528,3
32.591,-96.895,3
37.941,-122.034,3
33.843,-84.359,3
26.163,-80.218,3
29.727,-95.492,3
37.94,-122.33,3
29.906,-95.727,3
32.819,-97.4,3
28.21,-81.285,3
28.208,-81.645,3
25.934,-80.226,3
29.588,-95.392,3
25.761,-80.321,3
28.206,-81.291,3
40.671,-73.82,3
37.93,-122.022,3
33.843,-118.349,3
25.761,-80.235,3
29.573,-95.363,3
33.686,-117.826,3
39.756,-104.892,3
29.908,-95.412,3
37.925,-122.523,3
29.909,-95.693,3
37.917,-84.666,3
33.046,-96.854,3
25.543,-80.365,3
32.593,-97.16,3
40.789,-73.853,3
37.902,-122.056,3
25.762,-80.317,3
33.047,-96.223,3
25.762,-80.313,3
37.897,-122.061,3
28.648,-81.306,3
37.89,-122.127,3
33.048,-96.829,3
39.757,-105.22,3
37.871,-122.259,3
25.59,-80.41,3
40.67,-73.955,3
29.682,-95.336,3
33.048,-96.583,3
33.049,-97.017,3
29.227,-94.897,3
29.911,-95.48,3
32.594,-96.924,3
29.911,-95.395,3
33.049,-97.003,3
37.844,-122.294,3
37.844,-122.295,3
29.912,-95.47,3
26.082,-80.124,3
32.816,-96.609,3
25.933,-80.354,3
37.814,-122.263,3
29.913,-95.413,3
40.745,-73.947,3
29.748,-95.305,3
33.841,-84.381,3
25.763,-80.202,3
40.746,-73.883,3
28.172,-81.592,3
40.669,-73.932,3
37.803,-122.402,3
29.914,-95.478,3
37.799,-122.216,3
25.763,-80.191,3
40.668,-73.85,3
40.668,-73.987,3
32.816,-97.007,3
37.789,-122.397,3
37.778,-121.218,3
28.154,-81.609,3
37.778,-122.23,3
37.777,-121.233,3
37.777,-121.974,3
37.775,-122.408,3
39.758,-105.009,3
37.773,-121.98,3
37.771,-122.284,3
28.144,-82.379,3
33.324,-96.562,3
29.67,-95.643,3
32.596,-96.77,3
26.083,-80.23,3
33.053,-96.821,3
37.76,-122.431,3
40.668,-73.999,3
32.815,-96.818,3
26.085,-80.251,3
37.753,-122.166,3
28.119,-81.933,3
26.085,-80.228,3
29.763,-95.345,3
28.115,-81.664,3
29.919,-95.632,3
29.919,-95.6,3
29.919,-95.572,3
33.838,-84.637,3
37.738,-122.179,3
25.852,-80.357,3
40.667,-73.993,3
33.056,-96.848,3
29.92,-95.724,3
29.589,-95.579,3
29.92,-95.432,3
28.093,-81.606,3
37.724,-122.453,3
28.085,-80.627,3
37.723,-121.911,3
29.214,-81.02,3
25.764,-80.139,3
29.921,-95.392,3
37.719,-122.481,3
25.765,-80.379,3
26.086,-80.371,3
26.086,-80.252,3
32.747,-96.645,3
32.814,-96.993,3
25.852,-80.296,3
29.213,-99.769,3
37.708,-97.328,3
37.706,-122.064,3
29.922,-95.623,3
33.837,-118.369,3
25.852,-80.247,3
25.878,-80.198,3
29.67,-95.721,3
32.601,-96.866,3
25.765,-80.255,3
37.685,-122.118,3
29.922,-95.486,3
28.607,-81.387,3
28.072,-82.735,3
29.202,-81.068,3
39.758,-104.928,3
37.665,-122.088,3
26.087,-81.718,3
25.765,-80.234,3
21.276,-86.818,3
33.834,-118.231,3
28.055,-80.55,3
29.923,-95.162,3
29.924,-95.532,3
37.529,-122.323,3
28.054,-81.544,3
29.924,-95.453,3
28.054,-81.721,3
37.524,-122.044,3
33.834,-118.232,3
37.473,-122.149,3
37.435,-121.887,3
37.412,-122.093,3
40.662,-73.795,3
40.661,-74.224,3
33.682,-118.005,3
40.66,-73.731,3
28.05,-80.622,3
33.057,-96.867,3
32.813,-96.727,3
33.833,-117.938,3
25.853,-80.36,3
39.76,-104.999,3
29.655,-95.715,3
40.77,-111.941,3
37.323,-121.915,3
37.319,-121.919,3
37.309,-79.888,3
29.926,-95.565,3
39.837,-105.019,3
37.304,-122.031,3
40.83,-73.862,3
29.926,-95.408,3
28.043,-82.598,3
29.194,-81.009,3
37.233,-79.987,3
37.233,-121.685,3
33.057,-96.69,3
25.853,-80.222,3
40.769,-73.569,3
29.73,-95.872,3
29.603,-95.471,3
40.658,-73.915,3
39.938,-75.148,3
37.034,-76.444,3
29.928,-95.592,3
28.028,-82.154,3
33.68,-117.797,3
33.68,-117.879,3
36.813,-97.179,3
40.769,-73.733,3
26.087,-80.155,3
33.058,-96.686,3
25.879,-80.322,3
36.686,2.886,3
26.087,-80.142,3
26.187,-80.164,3
29.73,-95.513,3
28.017,-82.517,3
32.608,-97.119,3
36.464,-86.611,3
29.931,-95.42,3
32.608,-97.116,3
25.93,-80.17,3
25.766,-80.219,3
32.712,-96.617,3
29.932,-95.574,3
29.73,-95.47,3
29.73,-95.467,3
25.93,-80.303,3
40.651,-73.593,3
33.83,-118.145,3
29.932,-95.277,3
25.766,-80.206,3
40.651,-73.959,3
32.747,-96.826,3
25.93,-80.352,3
29.73,-95.434,3
40.647,-74.218,3
29.933,-95.251,3
33.06,-96.861,3
36.366,-86.439,3
40.877,-73.423,3
29.934,-95.519,3
27.996,-82.587,3
27.994,-82.579,3
27.993,-82.367,3
36.358,-86.443,3
36.358,-86.575,3
29.669,-95.11,3
40.646,-74.009,3
29.651,-95.182,3
29.935,-95.428,3
32.747,-96.952,3
33.829,-118.005,3
32.811,-96.98,3
25.766,-80.15,3
39.834,-83.1,3
27.987,-82.002,3
-33.583,-70.607,3
29.936,-95.431,3
29.731,-95.896,3
29.936,-95.267,3
25.767,-80.255,3
36.305,-86.621,3
25.767,-80.222,3
29.731,-95.883,3
33.061,-96.866,3
27.981,-82.29,3
28.597,-81.304,3
36.279,-86.675,3
33.325,-96.563,3
27.981,-82.773,3
29.937,-95.278,3
29.731,-95.617,3
33.677,-117.921,3
32.81,-96.627,3
33.827,-117.835,3
29.938,-95.517,3
32.81,-96.79,3
24.561,-81.751,3
29.938,-95.301,3
33.827,-117.875,3
36.175,-86.723,3
40.645,-74.008,3
33.676,-112.218,3
33.827,-118.009,3
36.162,-115.145,3
24.71,-81.1,3
32.809,-96.019,3
36.15,-86.681,3
32.746,-96.566,3
36.147,-86.804,3
36.146,-86.4,3
26.165,-80.155,3
25.854,-80.367,3
28.642,-81.421,3
33.826,-117.96,3
36.097,-86.726,3
29.694,-95.718,3
40.636,14.602,3
27.95,-82.449,3
40.636,-73.951,3
36.077,-95.923,3
32.809,-96.773,3
33.824,-84.366,3
32.746,-96.794,3
36.016,-114.994,3
40.757,-73.858,3
32.627,-97.411,3
4.628,-74.133,3
29.942,-95.241,3
29.943,-95.498,3
35.987,-119.962,3
33.36,-117.536,3
32.713,-97.103,3
26.166,-80.248,3
33.363,-111.819,3
33.066,-96.876,3
29.762,-95.269,3
35.855,-78.643,3
35.839,-86.35,3
35.813,-78.775,3
29.669,-95.505,3
29.659,-95.646,3
29.945,-95.565,3
27.918,-81.056,3
29.945,-95.473,3
27.915,-82.726,3
32.809,-97.225,3
27.909,-82.78,3
35.733,-78.85,3
26.209,-80.269,3
25.769,-80.348,3
40.769,-73.832,3
33.067,-96.769,3
29.946,-95.518,3
27.895,-82.724,3
35.701,-80.906,3
25.549,-80.374,3
29.946,-95.403,3
33.068,-96.716,3
26.273,-80.268,3
25.854,-80.253,3
32.808,-96.773,3
39.804,-104.929,3
33.624,-83.84,3
33.676,-117.779,3
35.436,-80.632,3
25.769,-80.218,3
25.928,-80.31,3
33.069,-96.71,3
29.561,-95.762,3
35.405,-78.738,3
25.769,-80.208,3
29.948,-95.69,3
25.769,-80.205,3
29.1,-81.317,3
29.669,-95.727,3
35.354,-77.965,3
28.601,-81.199,3
33.07,-96.765,3
35.296,-80.509,3
33.07,-96.713,3
35.292,-80.959,3
29.949,-95.714,3
29.949,-95.584,3
28.577,-81.254,3
32.807,-96.798,3
29.949,-95.4,3
32.732,-96.556,3
32.807,-96.977,3
29.949,-95.104,3
26.272,-80.173,3
25.927,-80.162,3
40.631,-74.012,3
35.26,-80.949,3
33.071,-96.875,3
25.77,-80.289,3
35.243,-80.678,3
32.635,-97.38,3
39.762,-105.007,3
27.813,-97.506,3
29.063,-82.167,3
25.77,-80.234,3
32.806,-96.78,3
26.093,-80.364,3
29.694,-95.528,3
40.764,-73.994,3
35.22,-80.722,3
29.952,-95.424,3
35.207,-80.921,3
27.794,-80.55,3
26.093,-80.146,3
32.745,-97.213,3
29.694,-95.512,3
35.201,-97.46,3
39.806,-104.903,3
29.953,-95.538,3
32.806,-96.953,3
35.192,-80.762,3
27.771,-82.637,3
25.446,-80.498,3
33.375,-112.199,3
32.637,-96.754,3
33.821,-118.28,3
33.819,-84.364,3
25.855,-80.359,3
25.88,-80.197,3
26.094,-80.271,3
25.447,-80.499,3
32.805,-96.962,3
29.956,-95.438,3
39.932,-75.27,3
25.771,-80.209,3
35.121,-80.779,3
25.855,-80.304,3
33.074,-96.839,3
29.957,-90.184,3
26.096,-80.267,3
32.64,-97.413,3
27.633,-80.452,3
26.096,-80.25,3
32.64,-97.325,3
29.958,-95.395,3
28.606,-81.539,3
25.447,-80.461,3
35.09,-80.6,3
35.084,-89.96,3
29.959,-95.531,3
35.072,-106.649,3
25.771,-80.186,3
40.627,-73.985,3
25.855,-80.183,3
35.06,-80.59,3
29.547,-95.509,3
33.076,-96.823,3
29.733,-95.528,3
35.021,-80.764,3
29.96,-95.569,3
34.999,-90.04,3
29.749,-95.333,3
32.642,-97.369,3
39.863,-75.326,3
25.449,-80.443,3
32.804,-96.963,3
34.973,-80.495,3
34.907,-84.395,3
25.772,-80.313,3
33.077,-96.504,3
25.452,-80.498,3
29.961,-95.206,3
34.826,-78.035,3
34.824,-90.071,3
29.962,-95.592,3
29.962,-95.565,3
34.821,-106.783,3
34.818,-82.436,3
29.733,-95.462,3
39.762,-104.819,3
39.809,-104.742,3
25.772,-80.222,3
25.926,-80.155,3
33.081,-96.866,3
29.964,-95.675,3
34.67,-99.34,3
32.643,-96.966,3
29.964,-95.554,3
32.802,-97.252,3
29.668,-95.56,3
25.926,-80.355,3
34.566,-118.1,3
29.965,-95.555,3
29.733,-95.414,3
25.773,-80.401,3
32.644,-97.146,3
39.764,-104.992,3
29.668,-95.731,3
29.966,-95.472,3
34.459,-117.392,3
26.27,-80.098,3
32.801,-96.821,3
33.81,-117.906,3
27.411,-80.33,3
32.73,-97.325,3
34.438,-118.495,3
29.967,-95.483,3
25.773,-80.271,3
32.801,-97.252,3
27.405,-99.474,3
29.968,-95.69,3
34.437,-118.579,3
34.428,-118.468,3
26.27,-80.251,3
29.969,-95.546,3
25.773,-80.191,3
34.35,-83.321,3
29.969,-95.389,3
32.646,-97.121,3
34.323,-118.448,3
33.81,-118.053,3
29.546,-95.144,3
27.363,-80.363,3
29.97,-95.393,3
33.808,-118.097,3
32.8,-96.801,3
29.971,-95.48,3
-2.196,-79.886,3
33.808,-118.323,3
29.734,-95.592,3
33.083,-96.843,3
32.8,-96.829,3
29.734,-95.591,3
34.283,-118.473,3
34.278,-118.424,3
25.857,-80.254,3
29.734,-95.581,3
34.276,-118.72,3
27.307,-80.41,3
29.734,-95.575,3
27.306,-80.357,3
34.275,-118.702,3
29.734,-95.569,3
25.775,-80.34,3
29.975,-95.74,3
34.273,-118.503,3
34.272,-118.415,3
34.272,-118.556,3
32.8,-117.193,3
26.267,-80.107,3
29.694,-95.111,3
25.775,-80.212,3
40.825,-73.944,3
25.775,-80.196,3
40.758,-73.924,3
29.534,-95.222,3
29.976,-95.472,3
27.29,-80.297,3
34.269,-118.498,3
29.695,-95.874,3
27.285,-80.285,3
25.925,-80.212,3
29.976,-95.224,3
33.385,-112.132,3
27.283,-80.297,3
27.276,-82.564,3
29.533,-95.102,3
29.977,-95.405,3
29.977,-95.206,3
29.734,-95.512,3
34.263,-118.422,3
27.274,-80.354,3
26.101,-80.142,3
26.267,-80.281,3
27.273,-80.272,3
33.805,-117.89,3
29.734,-95.437,3
25.924,-80.272,3
39.932,-105.138,3
29.68,-95.586,3
39.931,-82.755,3
34.259,-118.284,3
29.98,-95.558,3
25.924,-80.312,3
26.102,-80.365,3
29.734,-95.42,3
27.262,-82.455,3
29.591,-95.449,3
34.257,-118.284,3
29.982,-95.422,3
27.254,-80.41,3
34.257,-118.305,3
34.257,-118.532,3
25.776,-80.314,3
34.256,-118.288,3
34.255,-118.415,3
29.983,-95.169,3
34.253,-118.462,3
25.776,-80.228,3
40.613,-73.989,3
25.776,-80.131,3
33.392,-84.755,3
25.777,-80.413,3
34.247,-118.408,3
25.777,-80.329,3
32.798,-96.795,3
34.247,-118.494,3
28.979,-81.276,3
26.265,-80.292,3
25.777,-80.291,3
29.667,-95.563,3
34.242,-118.439,3
25.777,-80.222,3
25.777,-80.216,3
27.03,-82.095,3
33.803,-84.54,3
34.24,-77.827,3
26.956,-82.236,3
25.777,-80.193,3
40.609,-73.747,3
26.104,-80.286,3
32.651,-96.864,3
32.651,-96.777,3
26.926,-80.144,3
26.924,-80.224,3
29.987,-95.351,3
29.695,-95.6,3
29.987,-95.335,3
25.777,-80.139,3
40.609,-73.941,3
32.652,-97.369,3
26.903,-80.134,3
32.652,-97.334,3
29.988,-95.482,3
26.896,-80.128,3
29.679,-95.088,3
25.858,-80.307,3
34.236,-118.394,3
26.883,-80.112,3
34.236,-118.464,3
32.652,-96.837,3
34.233,-118.252,3
26.263,-80.105,3
33.566,-112.187,3
25.778,-80.277,3
29.99,-95.47,3
33.093,-96.824,3
29.99,-95.174,3
28.635,-81.361,3
34.229,-118.435,3
29.735,-95.746,3
28.955,-81.214,3
34.228,-118.557,3
26.842,-80.061,3
26.262,-80.199,3
25.778,-80.245,3
40.823,-73.951,3
29.992,-95.196,3
33.395,-111.788,3
33.096,-96.742,3
32.726,-96.709,3
26.826,-80.084,3
32.796,-97.089,3
29.993,-95.446,3
34.221,-118.451,3
40.608,-75.379,3
34.22,-118.368,3
25.778,-80.14,3
26.105,-80.367,3
33.097,-96.804,3
25.779,-80.361,3
29.994,-95.482,3
29.994,-95.428,3
29.994,-95.416,3
34.217,-118.514,3
29.995,-95.429,3
34.215,-118.452,3
34.215,-118.508,3
32.655,-97.279,3
32.795,-96.487,3
29.699,-95.5,3
34.214,-118.458,3
26.79,-80.07,3
32.795,-96.595,3
26.783,-80.309,3
25.465,-80.453,3
34.213,-118.525,3
32.727,-97.478,3
26.105,-80.258,3
25.779,-80.267,3
34.212,-118.605,3
26.766,-80.064,3
32.717,-96.666,3
29.998,-95.914,3
32.656,-97.26,3
32.656,-96.964,3
29.998,-95.517,3
33.396,-111.892,3
25.78,-80.35,3
26.757,-80.281,3
33.097,-96.697,3
34.205,-118.477,3
28.919,-81.174,3
28.919,-81.285,3
33.798,-117.912,3
34.2,-118.409,3
26.746,-80.096,3
34.2,-118.501,3
25.78,-80.278,3
30.0,-95.538,3
29.682,-95.553,3
34.2,-118.549,3
26.743,-80.107,3
40.606,-111.943,3
25.922,-80.155,3
40.787,-74.238,3
28.918,-81.265,3
40.748,-73.869,3
25.921,-80.165,3
34.198,-118.524,3
34.197,-118.596,3
33.797,-118.135,3
30.002,-95.858,3
34.196,-118.405,3
34.195,-118.184,3
32.794,-96.797,3
25.78,-80.271,3
34.194,-118.305,3
26.107,-80.3,3
40.75,-74.164,3
25.921,-80.353,3
40.822,-73.837,3
25.78,-80.267,3
34.194,-118.89,3
32.658,-96.83,3
32.718,-97.468,3
40.782,-73.948,3
29.735,-95.38,3
26.722,-80.088,3
32.742,-96.655,3
30.005,-95.406,3
25.921,-80.354,3
34.192,-118.595,3
25.88,-80.165,3
33.407,-111.772,3
25.78,-80.212,3
34.191,-118.623,3
25.551,-80.397,3
40.602,-74.003,3
29.56,-95.265,3
40.869,-74.552,3
32.742,-96.668,3
34.189,-118.424,3
28.905,-81.192,3
39.925,-75.237,3
39.924,-105.122,3
26.26,-80.251,3
39.924,-105.135,3
40.602,-75.378,3
30.008,-95.416,3
25.78,-80.194,3
30.008,-95.278,3
30.008,-95.277,3
25.92,-80.202,3
29.667,-95.692,3
33.663,-117.895,3
30.009,-95.517,3
30.009,-95.442,3
29.695,-95.112,3
26.714,-81.534,3
29.592,-95.605,3
25.781,-80.235,3
33.407,-84.796,3
25.881,-80.33,3
26.712,-80.175,3
29.736,-95.835,3
25.781,-80.193,3
30.01,-95.542,3
34.185,-118.384,3
39.922,-75.1,3
29.681,-95.212,3
25.781,-80.165,3
29.696,-95.814,3
26.708,-80.163,3
25.782,-80.281,3
34.182,-118.457,3
34.182,-118.609,3
34.18,-117.393,3
32.792,-98.0,3
30.012,-95.726,3
30.012,-95.607,3
34.178,-118.569,3
29.736,-95.77,3
32.661,-97.256,3
28.628,-81.209,3
25.782,-80.193,3
29.603,-95.503,3
30.013,-95.303,3
25.782,-80.187,3
33.11,-96.74,3
26.705,-80.053,3
25.783,-80.38,3
28.899,-81.241,3
33.112,-96.84,3
25.783,-80.243,3
34.171,-118.373,3
32.732,-97.33,3
29.653,-95.545,3
26.703,-80.078,3
32.79,-117.107,3
29.736,-95.613,3
39.814,-104.928,3
30.016,-95.866,3
40.821,-73.89,3
30.016,-95.587,3
25.783,-80.196,3
25.783,-80.19,3
33.792,-118.279,3
32.662,-97.352,3
33.792,-118.308,3
28.898,-81.214,3
34.167,-118.6,3
29.592,-95.521,3
26.112,-80.348,3
26.205,-80.259,3
26.695,-80.172,3
26.258,-80.23,3
30.018,-95.796,3
25.784,-80.234,3
25.784,-80.214,3
30.018,-95.598,3
29.702,-95.88,3
25.784,-80.13,3
33.792,-118.332,3
34.162,-118.255,3
32.732,-97.521,3
32.789,-96.972,3
29.736,-95.558,3
34.162,-118.413,3
25.785,-80.336,3
34.162,-118.458,3
33.432,-112.566,3
29.736,-95.549,3
29.736,-95.544,3
26.112,-80.141,3
30.02,-95.29,3
34.16,-118.347,3
30.021,-95.442,3
33.791,-84.288,3
28.888,-81.231,3
40.748,-74.054,3
34.158,-118.582,3
34.156,-118.365,3
34.155,-118.343,3
34.155,-118.367,3
34.154,-117.292,3
28.604,-81.2,3
30.023,-95.8,3
29.684,-95.425,3
34.154,-118.337,3
25.471,-80.431,3
30.023,-95.303,3
25.786,-80.38,3
29.666,-95.14,3
30.024,-95.567,3
26.679,-80.095,3
29.76,-95.37,3
26.114,-80.163,3
39.834,-86.267,3
34.149,-118.356,3
32.719,-96.323,3
26.676,-80.098,3
34.149,-118.469,3
30.026,-95.814,3
29.696,-95.668,3
34.147,-118.102,3
40.593,-73.925,3
26.203,-80.109,3
40.588,-73.986,3
26.114,-80.126,3
40.587,-74.235,3
34.147,-118.371,3
34.146,-117.265,3
32.72,-97.264,3
25.881,-80.282,3
40.585,-105.084,3
26.671,-81.941,3
40.75,-74.383,3
26.115,-80.179,3
29.736,-95.146,3
25.584,-80.38,3
30.028,-95.434,3
39.817,-105.01,3
40.581,-73.828,3
34.141,-117.399,3
34.141,-118.241,3
40.759,-73.898,3
26.667,-80.11,3
33.119,-96.635,3
26.116,-80.138,3
30.03,-95.09,3
39.818,-104.932,3
34.139,-118.025,3
25.916,-80.157,3
29.751,-95.501,3
25.787,-80.192,3
28.856,-81.676,3
33.121,-96.825,3
26.117,-80.327,3
30.032,-95.614,3
34.138,-118.499,3
34.137,-117.571,3
32.727,-97.077,3
33.121,-96.741,3
28.855,-81.347,3
28.585,-81.458,3
34.136,-118.115,3
26.661,-80.125,3
29.696,-95.526,3
26.661,-80.174,3
29.737,-95.778,3
26.117,-80.202,3
40.576,-74.011,3
26.659,-80.133,3
29.737,-95.635,3
29.737,-95.624,3
34.135,-117.664,3
34.135,-118.376,3
34.134,-117.431,3
30.036,-95.43,3
25.474,-80.471,3
32.666,-97.251,3
33.121,-96.702,3
30.037,-95.255,3
34.132,-118.189,3
34.132,-118.352,3
26.118,-80.267,3
30.038,-95.482,3
34.13,-118.059,3
26.174,-80.283,3
33.788,-118.107,3
26.657,-80.095,3
30.039,-95.354,3
-2.188,-79.906,3
29.737,-95.579,3
33.434,-112.21,3
30.041,-94.153,3
33.126,-96.758,3
25.788,-80.194,3
29.696,-95.37,3
25.788,-80.192,3
26.119,-80.267,3
26.249,-80.101,3
33.127,-96.841,3
25.788,-80.137,3
30.044,-95.532,3
40.53,-74.452,3
40.521,-74.435,3
30.046,-95.589,3
32.784,-96.788,3
40.513,-122.343,3
25.864,-80.335,3
26.65,-80.243,3
34.111,-118.061,3
28.808,-81.326,3
25.864,-80.315,3
34.11,-117.738,3
30.048,-95.601,3
34.109,-117.92,3
25.789,-80.368,3
26.647,-80.217,3
25.789,-80.226,3
29.737,-95.438,3
40.502,-74.849,3
29.76,-95.561,3
26.119,-80.138,3
29.658,-95.556,3
30.05,-95.493,3
25.915,-80.312,3
33.783,-84.408,3
34.105,-118.184,3
33.131,-96.731,3
34.104,-117.389,3
30.052,-95.783,3
26.642,-80.088,3
32.668,-97.055,3
34.104,-117.905,3
32.783,-96.799,3
33.131,-96.726,3
29.737,-95.328,3
29.737,-95.296,3
32.783,-97.274,3
25.79,-80.361,3
34.102,-118.343,3
40.482,-74.309,3
30.053,-95.178,3
33.44,-94.053,3
34.1,-118.326,3
25.79,-80.291,3
34.099,-118.301,3
34.098,-118.231,3
34.098,-118.317,3
40.465,-74.484,3
40.462,-74.604,3
32.669,-97.378,3
30.055,-95.576,3
29.696,-95.297,3
26.12,-80.316,3
25.79,-80.192,3
25.864,-80.285,3
25.914,-80.253,3
25.791,-80.368,3
34.092,-117.897,3
25.791,-80.254,3
25.791,-80.249,3
25.864,-80.217,3
34.089,-118.29,3
34.089,-118.375,3
30.06,-95.401,3
33.137,-96.781,3
34.086,-84.274,3
26.629,-80.081,3
25.792,-80.32,3
29.738,-95.588,3
25.792,-80.296,3
34.083,-117.382,3
25.48,-80.44,3
26.12,-80.142,3
34.082,-117.675,3
33.586,-111.794,3
34.082,-118.287,3
26.627,-80.054,3
25.792,-80.223,3
33.448,-112.074,3
26.626,-80.065,3
33.139,-96.71,3
34.08,-118.235,3
30.065,-95.575,3
30.066,-95.571,3
39.773,-104.799,3
25.792,-80.139,3
30.067,-95.462,3
30.067,-95.268,3
25.913,-80.356,3
33.14,-96.874,3
26.622,-80.124,3
33.14,-96.779,3
26.244,-80.233,3
25.865,-80.331,3
25.792,-80.13,3
34.077,-118.135,3
34.076,-118.283,3
25.793,-80.338,3
34.075,-117.251,3
28.622,-81.213,3
32.781,-97.329,3
25.581,-80.381,3
34.074,-118.398,3
26.617,-80.082,3
40.438,-79.778,3
33.142,-96.821,3
33.143,-96.792,3
30.071,-95.367,3
29.594,-95.526,3
28.8,-81.351,3
34.072,-117.657,3
40.768,-73.955,3
25.481,-80.438,3
34.07,-84.675,3
25.793,-80.225,3
33.778,-118.166,3
26.613,-80.124,3
33.145,-96.786,3
29.697,-95.835,3
26.612,-80.11,3
28.587,-81.9,3
33.778,-118.197,3
26.611,-80.124,3
33.588,-84.328,3
25.553,-80.403,3
34.069,-117.974,3
26.189,-80.138,3
30.076,-95.486,3
30.076,-95.415,3
40.419,-79.882,3
26.124,-80.26,3
26.243,-80.256,3
29.738,-95.376,3
26.607,-80.122,3
30.078,-96.078,3
29.738,-95.358,3
25.581,-80.39,3
33.147,-96.686,3
25.793,-80.186,3
30.079,-95.517,3
30.079,-95.515,3
25.794,-80.401,3
40.815,-73.918,3
25.794,-80.247,3
26.599,-80.131,3
34.068,-118.449,3
33.777,-118.051,3
25.794,-80.226,3
30.081,-95.399,3
34.067,-117.88,3
34.067,-118.115,3
34.067,-118.291,3
29.559,-98.507,3
33.776,-117.864,3
34.066,-117.572,3
25.866,-80.302,3
25.795,-80.355,3
28.588,-81.174,3
25.795,-80.239,3
34.063,-118.123,3
34.063,-118.341,3
30.086,-95.546,3
29.751,-95.196,3
28.786,-81.327,3
25.795,-80.207,3
30.087,-95.537,3
33.149,-96.828,3
32.731,-97.281,3
29.759,-95.56,3
34.061,-118.25,3
34.06,-117.825,3
34.06,-118.109,3
34.06,-118.263,3
28.786,-81.983,3
33.149,-96.759,3
25.796,-80.322,3
32.675,-96.248,3
40.354,-74.687,3
34.058,-118.259,3
34.058,-118.448,3
32.727,-96.874,3
30.094,-81.454,3
32.778,-96.833,3
32.778,-96.834,3
25.797,-80.237,3
25.797,-80.199,3
32.778,-97.14,3
32.731,-97.36,3
30.097,-95.519,3
30.098,-95.627,3
32.778,-97.204,3
29.739,-95.774,3
25.798,-80.316,3
34.053,-118.347,3
30.102,-95.65,3
34.053,-118.464,3
25.798,-80.284,3
30.102,-95.236,3
34.052,-117.72,3
33.773,-118.174,3
26.572,-80.089,3
25.867,-80.33,3
32.777,-96.426,3
30.103,-95.225,3
29.739,-95.635,3
26.57,-80.126,3
33.15,-96.515,3
40.335,-104.923,3
34.052,-118.383,3
40.316,-74.475,3
39.778,-104.99,3
25.798,-80.189,3
30.105,-95.372,3
26.127,-80.161,3
25.487,-80.442,3
40.246,-111.66,3
34.051,-118.383,3
30.108,-95.611,3
40.745,-73.933,3
34.05,-117.708,3
33.653,-117.732,3
34.048,-84.043,3
34.048,-118.251,3
30.109,-81.58,3
26.128,-80.375,3
29.739,-95.491,3
34.047,-118.259,3
34.046,-118.362,3
30.11,-95.408,3
25.8,-80.326,3
34.044,-118.263,3
25.8,-80.26,3
34.044,-118.374,3
26.128,-80.144,3
29.759,-95.807,3
29.752,-95.73,3
30.114,-95.532,3
30.114,-95.388,3
33.455,-112.18,3
29.752,-95.641,3
34.043,-118.45,3
34.042,-118.162,3
34.042,-118.419,3
26.129,-80.279,3
34.041,-118.258,3
29.739,-95.461,3
33.768,-117.938,3
29.543,-95.143,3
32.777,-97.447,3
26.129,-80.151,3
26.131,-80.258,3
26.544,-80.146,3
32.678,-83.251,3
30.123,-95.559,3
33.152,-96.712,3
26.536,-80.05,3
39.779,-104.801,3
34.037,-118.264,3
32.679,-97.02,3
25.867,-80.294,3
30.125,-95.739,3
30.125,-95.735,3
25.801,-80.209,3
40.761,-73.923,3
34.035,-118.346,3
34.034,-84.054,3
25.91,-80.32,3
26.527,-80.11,3
34.034,-118.362,3
26.24,-80.101,3
33.153,-96.866,3
26.525,-80.151,3
26.24,-80.102,3
32.738,-96.267,3
29.687,-95.767,3
34.033,-118.388,3
26.52,-80.064,3
25.802,-80.196,3
33.155,-96.835,3
32.775,-97.097,3
32.68,-97.136,3
30.133,-95.447,3
25.867,-80.279,3
30.134,-95.386,3
34.03,-118.353,3
34.03,-118.384,3
34.03,-118.395,3
29.752,-95.56,3
32.68,-97.007,3
34.03,-118.429,3
29.74,-95.623,3
33.157,-96.618,3
34.029,-118.473,3
34.028,-118.273,3
25.58,-80.388,3
32.68,-96.929,3
25.804,-80.233,3
33.46,-94.077,3
33.765,-84.406,3
26.133,-80.295,3
29.752,-95.462,3
34.025,-118.285,3
29.74,-95.534,3
34.024,-117.951,3
30.142,-95.394,3
32.681,-97.103,3
30.142,-91.939,3
28.592,-81.493,3
30.144,-95.55,3
29.74,-95.51,3
25.804,-80.189,3
30.144,-95.254,3
39.904,-105.07,3
30.145,-95.327,3
26.462,-80.072,3
34.021,-118.268,3
29.74,-95.467,3
25.909,-80.171,3
29.74,-95.46,3
25.909,-80.184,3
32.738,-96.559,3
32.681,-96.764,3
39.826,-104.774,3
26.461,-80.069,3
40.123,-75.356,3
26.461,-80.095,3
34.02,-118.294,3
30.155,-95.215,3
28.592,-81.202,3
30.157,-95.605,3
30.157,-95.455,3
34.018,-84.268,3
40.103,-75.031,3
25.868,-80.377,3
30.159,-95.184,3
25.806,-80.33,3
32.773,-97.204,3
33.163,-96.602,3
32.682,-97.109,3
29.74,-95.38,3
30.16,-95.183,3
39.902,-104.968,3
33.761,-84.341,3
33.163,-96.483,3
26.239,-80.249,3
33.651,-117.67,3
33.167,-96.583,3
34.017,-118.447,3
26.453,-80.093,3
34.016,-83.725,3
33.761,-84.36,3
29.663,-95.048,3
34.016,-118.352,3
25.806,-80.19,3
29.758,-95.364,3
30.164,-95.095,3
29.681,-95.56,3
40.81,-73.959,3
33.761,-111.764,3
29.663,-95.407,3
40.748,-73.98,3
25.868,-80.311,3
33.759,-84.608,3
32.722,-96.878,3
26.439,-80.147,3
34.013,-118.112,3
34.013,-118.281,3
30.168,-95.216,3
34.013,-118.491,3
32.772,-97.306,3
26.238,-80.242,3
25.807,-80.269,3
25.907,-80.159,3
25.807,-80.193,3
25.887,-80.168,3
34.01,-117.792,3
33.169,-96.7,3
34.01,-118.417,3
30.172,-97.829,3
34.009,-117.398,3
34.009,-117.659,3
34.009,-118.424,3
34.009,-118.472,3
30.173,-95.608,3
26.431,-80.073,3
26.43,-80.072,3
40.097,-104.811,3
33.463,-112.006,3
34.008,-118.267,3
25.808,-80.283,3
30.176,-95.461,3
34.007,-84.317,3
25.808,-80.281,3
34.007,-117.955,3
39.783,-105.139,3
25.808,-80.2,3
32.771,-97.451,3
25.882,-80.301,3
40.809,-74.068,3
34.004,-118.266,3
29.595,-95.38,3
25.887,-80.239,3
40.87,14.263,3
25.809,-80.385,3
29.741,-95.52,3
30.186,-95.036,3
30.186,-93.214,3
30.187,-95.623,3
30.187,-95.319,3
33.65,-112.06,3
29.697,-95.397,3
30.189,-95.745,3
34.002,-117.545,3
32.685,-97.057,3
33.755,-117.85,3
25.809,-80.322,3
34.0,-84.282,3
26.19,-80.095,3
33.999,-118.142,3
40.08,-82.877,3
29.758,-95.407,3
33.999,-118.478,3
25.809,-80.28,3
40.078,-108.791,3
40.809,-74.133,3
40.075,-75.028,3
30.196,-95.57,3
25.809,-80.24,3
33.996,-117.919,3
39.858,-104.901,3
25.81,-80.386,3
25.81,-80.299,3
32.686,-97.193,3
33.174,-96.82,3
25.556,-80.336,3
40.075,-75.303,3
33.99,-117.924,3
33.989,-118.119,3
33.989,-118.224,3
26.395,-80.102,3
29.654,-95.664,3
32.769,-97.211,3
26.394,-80.076,3
30.208,-95.757,3
33.989,-118.31,3
30.208,-95.423,3
33.988,-118.462,3
40.784,-75.605,3
28.706,-81.283,3
30.209,-95.426,3
26.236,-80.169,3
29.741,-95.312,3
33.748,-118.31,3
32.687,-97.068,3
33.175,-96.734,3
32.688,-96.806,3
30.213,-95.429,3
25.811,-80.223,3
26.235,-80.074,3
26.235,-80.198,3
33.175,-96.67,3
32.689,-117.141,3
33.98,-118.324,3
25.811,-80.155,3
33.485,-111.961,3
32.768,-96.826,3
33.979,-118.459,3
30.217,-95.42,3
25.903,-80.17,3
26.138,-80.145,3
25.903,-80.268,3
33.178,-96.833,3
30.222,-95.238,3
33.977,-83.793,3
33.977,-118.233,3
29.662,-95.599,3
30.223,-95.767,3
40.072,-86.476,3
25.882,-80.288,3
25.812,-80.281,3
26.234,-80.113,3
29.752,-95.371,3
33.975,-118.415,3
40.068,-75.015,3
25.812,-80.194,3
30.228,-95.529,3
26.375,-80.098,3
30.228,-95.502,3
33.485,-101.951,3
33.18,-96.53,3
30.23,-81.75,3
26.373,-80.108,3
30.233,-95.514,3
33.746,-117.837,3
29.68,-95.749,3
30.235,-97.792,3
29.6,-95.428,3
26.139,-80.341,3
26.37,-80.105,3
3.536,-76.387,3
33.971,-118.415,3
25.869,-80.318,3
40.805,-73.914,3
25.901,-80.361,3
29.7,-95.123,3
33.188,-97.153,3
33.188,-96.889,3
29.657,-95.089,3
33.968,-118.073,3
33.188,-96.717,3
25.9,-80.148,3
33.743,-117.206,3
32.69,-96.448,3
32.766,-97.098,3
33.965,-118.146,3
26.365,-80.133,3
30.255,-97.578,3
32.691,-97.382,3
30.256,-95.31,3
28.601,-81.54,3
32.765,-96.762,3
26.362,-80.081,3
30.261,-97.714,3
30.265,-97.734,3
33.96,-118.08,3
30.267,-97.749,3
33.959,-117.555,3
29.662,-95.735,3
33.959,-117.702,3
25.815,-80.351,3
30.272,-95.129,3
32.723,-97.06,3
28.696,-81.346,3
33.959,-118.371,3
33.958,-118.162,3
30.279,-95.468,3
29.743,-95.883,3
40.762,-73.921,3
33.958,-118.436,3
32.764,-96.895,3
40.057,-75.232,3
33.957,-84.145,3
25.816,-80.334,3
32.764,-97.089,3
29.7,-95.584,3
33.956,-118.294,3
32.764,-97.172,3
30.286,-95.785,3
39.784,-104.817,3
29.698,-95.836,3
25.817,-80.354,3
25.9,-80.341,3
32.692,-97.11,3
40.748,-73.948,3
30.293,-97.634,3
25.818,-80.328,3
33.742,-118.317,3
28.612,-81.859,3
29.753,-95.836,3
29.743,-95.483,3
32.763,-96.858,3
33.952,-118.053,3
26.355,-80.241,3
30.303,-95.467,3
25.513,-80.431,3
29.687,-95.589,3
25.899,-80.163,3
33.199,-96.648,3
29.743,-95.441,3
25.899,-80.237,3
26.351,-80.248,3
25.818,-80.192,3
40.027,-75.16,3
33.95,-117.485,3
30.309,-95.347,3
33.95,-118.276,3
33.949,-84.246,3
25.819,-80.332,3
33.948,-84.01,3
40.026,-75.145,3
29.743,-95.403,3
39.785,-104.834,3
33.947,-118.029,3
32.693,-96.147,3
33.947,-118.04,3
32.762,-96.701,3
25.871,-80.333,3
26.141,-80.138,3
33.946,-84.368,3
30.324,-94.966,3
33.203,-96.885,3
33.492,-112.207,3
33.944,-84.008,3
33.944,-118.178,3
33.206,-96.984,3
29.54,-95.419,3
33.943,-84.162,3
33.942,-84.153,3
33.942,-118.265,3
25.898,-80.232,3
30.333,-87.135,3
33.94,-84.084,3
25.821,-80.382,3
33.939,-117.204,3
29.743,-95.348,3
29.743,-95.347,3
25.821,-80.2,3
39.786,-104.783,3
26.142,-80.202,3
25.822,-80.383,3
25.822,-80.365,3
25.519,-80.429,3
29.743,-95.313,3
33.617,-117.696,3
33.938,-118.291,3
33.208,-96.748,3
25.871,-80.321,3
29.685,-95.673,2
29.562,-95.69,2
29.685,-95.66,2
29.685,-95.36,2
29.685,-95.045,2
29.559,-95.314,2
29.686,-95.542,2
29.686,-95.53,2
9.055,-79.467,2
29.686,-95.17,2
29.687,-95.661,2
29.558,-95.423,2
40.746,-74.164,2
29.557,-95.393,2
29.688,-95.662,2
29.688,-95.574,2
40.746,-73.985,2
29.69,-95.881,2
29.69,-95.745,2
29.69,-95.545,2
29.692,-95.708,2
29.692,-95.685,2
29.692,-95.567,2
29.692,-95.519,2
29.692,-95.51,2
29.693,-95.765,2
29.693,-95.707,2
29.693,-95.335,2
29.55,-95.736,2
29.693,-82.396,2
29.694,-95.739,2
29.694,-95.733,2
29.694,-95.573,2
29.695,-95.411,2
29.695,-95.393,2
29.695,-95.272,2
29.696,-95.842,2
29.544,-95.741,2
9.032,-79.528,2
29.543,-95.139,2
29.543,-95.744,2
29.541,-95.031,2
29.697,-95.389,2
29.541,-95.153,2
29.54,-95.321,2
29.698,-95.424,2
29.698,-95.298,2
29.538,-95.113,2
29.699,-95.751,2
29.699,-95.618,2
29.699,-95.495,2
29.699,-95.278,2
29.699,-95.16,2
29.7,-95.831,2
29.531,-95.127,2
29.7,-95.575,2
29.7,-95.525,2
29.53,-95.208,2
29.53,-95.421,2
29.7,-95.409,2
29.7,-95.278,2
29.701,-95.855,2
29.701,-95.59,2
29.702,-95.675,2
29.702,-95.65,2
29.702,-95.595,2
29.703,-95.756,2
29.523,-98.56,2
29.703,-95.74,2
29.703,-95.669,2
29.703,-95.659,2
29.703,-95.656,2
29.703,-95.568,2
29.703,-95.403,2
29.703,-95.187,2
29.704,-95.882,2
29.704,-95.586,2
29.704,-95.57,2
29.704,-95.288,2
29.705,-95.699,2
29.705,-95.678,2
29.705,-95.516,2
29.705,-95.484,2
29.705,-95.385,2
29.706,-95.881,2
29.706,-95.638,2
29.706,-95.553,2
29.706,-95.549,2
29.706,-95.438,2
29.706,-95.117,2
29.509,-95.468,2
29.508,-95.434,2
29.707,-95.511,2
29.707,-95.401,2
29.707,-95.165,2
29.708,-95.843,2
29.708,-95.664,2
29.503,-95.394,2
29.502,-95.455,2
29.709,-95.848,2
29.501,-95.454,2
29.499,-95.057,2
29.709,-95.687,2
29.498,-95.097,2
29.497,-94.992,2
29.496,-95.476,2
29.496,-98.709,2
29.71,-95.448,2
40.747,-73.985,2
29.495,-95.463,2
29.71,-95.205,2
29.495,-98.709,2
29.711,-95.644,2
29.711,-95.605,2
29.711,-95.516,2
29.492,-95.513,2
29.491,-95.107,2
29.489,-95.533,2
29.487,-98.545,2
29.712,-95.654,2
29.712,-95.552,2
29.712,-95.359,2
29.713,-95.576,2
29.714,-95.774,2
29.473,-95.437,2
29.714,-95.513,2
29.471,-95.044,2
29.714,-95.377,2
29.714,-95.202,2
29.468,-95.949,2
29.715,-95.571,2
29.715,-95.504,2
29.715,-95.369,2
29.716,-95.833,2
29.716,-95.402,2
29.716,-95.334,2
29.717,-95.515,2
29.717,-95.49,2
29.718,-95.803,2
29.441,-95.769,2
29.438,-98.481,2
40.747,-73.956,2
29.719,-95.85,2
29.719,-95.843,2
29.719,-95.744,2
29.431,-95.762,2
29.719,-95.382,2
29.719,-95.347,2
29.72,-95.86,2
29.721,-95.788,2
29.423,-95.227,2
29.41,-100.893,2
29.404,-95.051,2
29.721,-95.136,2
29.396,-94.924,2
29.396,-96.024,2
29.395,-94.986,2
29.722,-95.528,2
29.723,-95.875,2
29.392,-94.94,2
29.723,-95.47,2
29.723,-95.466,2
29.371,-94.917,2
29.723,-95.007,2
29.724,-95.338,2
29.724,-95.331,2
29.725,-95.891,2
29.725,-95.632,2
29.725,-95.504,2
29.342,-95.447,2
29.311,-95.427,2
29.726,-95.387,2
29.727,-95.919,2
29.727,-95.551,2
29.263,-95.824,2
29.728,-95.556,2
29.229,-81.048,2
29.728,-95.375,2
29.728,-95.348,2
29.728,-95.334,2
29.729,-95.909,2
29.729,-95.648,2
29.217,-98.414,2
29.729,-95.518,2
29.195,-81.07,2
29.729,-95.418,2
29.729,-95.385,2
29.73,-95.342,2
29.143,-81.036,2
29.731,-95.906,2
29.731,-95.89,2
29.731,-95.573,2
29.731,-95.496,2
29.731,-95.47,2
29.731,-95.435,2
29.731,-95.412,2
29.731,-95.41,2
29.731,-95.123,2
29.106,-81.007,2
29.732,-95.643,2
29.732,-95.601,2
29.732,-95.6,2
29.732,-95.564,2
7.904,-72.487,2
29.732,-95.435,2
29.054,-95.42,2
29.041,-95.449,2
29.733,-95.542,2
29.733,-95.476,2
29.733,-95.433,2
29.026,-95.46,2
29.734,-95.898,2
29.734,-95.734,2
29.734,-95.617,2
29.734,-95.574,2
29.734,-95.558,2
29.734,-95.545,2
40.747,-73.853,2
28.988,-95.399,2
28.963,-81.322,2
28.958,-81.242,2
7.806,-72.519,2
29.735,-95.901,2
29.735,-95.778,2
29.735,-95.777,2
28.927,-94.033,2
28.92,-81.68,2
29.735,-95.513,2
29.735,-95.512,2
29.735,-95.488,2
29.735,-95.435,2
29.735,-95.428,2
29.735,-95.105,2
29.735,-94.93,2
40.748,-74.161,2
29.736,-95.872,2
28.903,-82.535,2
28.902,-81.237,2
29.736,-95.593,2
28.897,-81.247,2
28.885,-81.18,2
29.736,-95.504,2
29.736,-95.484,2
29.736,-95.467,2
40.748,-74.004,2
29.736,-95.387,2
29.737,-95.798,2
28.852,-81.333,2
29.737,-95.535,2
28.811,-81.348,2
28.806,-81.325,2
29.738,-95.56,2
28.802,-81.39,2
29.738,-95.515,2
29.738,-95.493,2
29.738,-95.457,2
29.738,-95.432,2
29.738,-95.307,2
29.738,-95.246,2
29.739,-95.463,2
29.739,-95.411,2
29.739,-95.291,2
28.762,-81.347,2
29.74,-95.912,2
29.74,-95.511,2
29.74,-95.333,2
28.746,-96.19,2
28.739,-13.867,2
28.714,-81.365,2
28.71,-81.331,2
29.741,-95.483,2
29.741,-95.469,2
29.741,-95.26,2
29.741,-95.235,2
28.702,-81.346,2
29.742,-95.576,2
28.699,-81.397,2
28.696,-81.329,2
29.742,-95.295,2
29.743,-95.826,2
28.687,-81.327,2
28.686,-81.514,2
29.743,-95.452,2
28.68,-81.436,2
28.679,-81.498,2
29.743,-94.984,2
28.677,-81.202,2
28.674,-81.422,2
28.672,-81.306,2
29.745,-95.598,2
29.745,-95.462,2
29.745,-95.394,2
28.664,-81.377,2
29.745,-95.332,2
40.748,-73.881,2
28.658,-81.299,2
28.656,-81.338,2
29.747,-95.613,2
29.747,-95.557,2
29.747,-95.485,2
29.747,-95.402,2
29.747,-95.373,2
29.747,-95.35,2
28.651,-81.161,2
29.747,-95.314,2
29.748,-95.826,2
28.649,-81.307,2
29.748,-95.457,2
29.748,-95.449,2
29.749,-95.743,2
29.749,-95.727,2
29.749,-95.457,2
28.638,-81.195,2
29.749,-95.455,2
29.75,-95.929,2
29.75,-95.896,2
29.75,-95.799,2
28.634,-81.402,2
29.75,-95.465,2
28.634,-81.501,2
28.624,-81.54,2
40.748,-73.865,2
40.748,-73.858,2
28.618,-81.206,2
29.752,-95.399,2
29.752,-95.394,2
40.749,-74.029,2
29.752,-95.369,2
40.749,-73.883,2
28.613,-81.281,2
29.752,-95.351,2
28.612,-81.716,2
28.61,-81.411,2
29.753,-95.586,2
29.753,-95.583,2
28.61,-81.484,2
29.753,-95.344,2
29.754,-95.883,2
29.754,-95.749,2
29.754,-95.734,2
28.605,-81.465,2
29.754,-95.498,2
28.604,-81.288,2
28.604,-81.806,2
29.754,-95.377,2
28.603,-81.304,2
29.755,-95.903,2
29.755,-95.372,2
28.6,-81.29,2
28.598,-81.213,2
29.757,-95.9,2
40.749,-73.87,2
29.757,-95.61,2
29.757,-95.355,2
29.757,-95.343,2
28.595,-81.447,2
29.758,-95.734,2
29.758,-95.645,2
29.758,-95.561,2
29.758,-95.486,2
28.593,-81.366,2
29.758,-94.995,2
29.759,-95.794,2
29.759,-95.406,2
28.586,-81.243,2
29.759,-95.284,2
29.76,-95.753,2
28.584,-81.209,2
28.584,-81.306,2
6.255,-75.563,2
28.584,-81.476,2
28.584,-81.533,2
29.76,-94.878,2
29.761,-95.894,2
29.761,-95.811,2
28.583,-81.188,2
29.761,-95.558,2
28.581,-81.468,2
29.761,-95.378,2
29.761,-95.362,2
29.761,-95.197,2
28.58,-81.118,2
29.762,-95.877,2
40.75,-74.044,2
29.762,-95.361,2
29.763,-96.221,2
28.576,-81.528,2
40.75,-74.002,2
28.575,-81.375,2
28.575,-81.519,2
29.763,-95.324,2
29.763,-95.256,2
29.764,-95.92,2
28.572,-81.222,2
29.764,-95.342,2
28.57,-81.193,2
28.569,-81.328,2
28.568,-81.262,2
29.766,-95.777,2
29.766,-95.761,2
29.766,-95.398,2
28.567,-81.579,2
28.566,-81.185,2
28.566,-81.327,2
29.767,-95.822,2
29.767,-95.75,2
29.767,-95.448,2
29.767,-95.447,2
28.565,-81.397,2
28.564,-81.193,2
28.564,-81.445,2
29.768,-95.398,2
28.564,-81.498,2
29.768,-95.354,2
28.562,-81.543,2
28.56,-81.345,2
28.56,-81.363,2
29.769,-95.404,2
28.559,-81.482,2
29.769,-95.033,2
29.77,-95.778,2
28.558,-81.378,2
29.77,-95.607,2
28.558,-81.414,2
28.557,-81.289,2
29.77,-95.36,2
28.557,-81.584,2
29.771,-95.444,2
28.555,-81.347,2
29.771,-95.388,2
29.771,-94.988,2
29.772,-95.806,2
28.553,-81.485,2
28.552,-81.268,2
29.772,-95.417,2
29.772,-95.386,2
29.772,-95.346,2
29.772,-95.298,2
29.773,-95.81,2
29.773,-95.456,2
29.773,-95.387,2
28.55,-81.294,2
29.773,-95.2,2
29.773,-95.182,2
28.547,-81.288,2
28.546,-81.352,2
29.774,-95.395,2
29.774,-95.357,2
29.774,-95.252,2
29.775,-95.866,2
29.775,-95.864,2
29.775,-95.816,2
29.775,-95.809,2
29.775,-95.425,2
28.543,-81.245,2
29.775,-95.168,2
29.775,-95.115,2
29.775,-94.966,2
29.776,-95.909,2
28.542,-81.24,2
29.776,-95.431,2
29.776,-95.422,2
29.776,-95.404,2
29.776,-95.154,2
29.777,-95.78,2
28.539,-81.311,2
29.777,-95.414,2
28.538,-81.235,2
29.777,-95.165,2
29.777,-95.111,2
29.778,-95.856,2
29.778,-95.56,2
28.537,-81.239,2
29.778,-95.244,2
29.779,-95.856,2
28.535,-81.332,2
28.534,-81.397,2
29.779,-95.598,2
29.779,-95.419,2
29.779,-95.356,2
29.779,-95.109,2
29.78,-95.924,2
29.78,-95.745,2
28.532,-81.433,2
28.531,-81.17,2
6.222,-75.567,2
29.78,-95.423,2
28.53,-81.297,2
-36.0,-59.996,2
29.781,-96.166,2
28.528,-81.398,2
29.781,-95.864,2
28.528,-81.46,2
29.781,-95.547,2
29.781,-95.523,2
28.526,-81.459,2
29.781,-95.32,2
29.782,-95.794,2
6.221,-75.578,2
28.523,-81.329,2
28.523,-81.501,2
29.783,-95.799,2
29.783,-95.751,2
28.521,-81.466,2
28.52,-81.304,2
28.52,-81.466,2
28.519,-81.153,2
28.519,-81.776,2
29.784,-95.807,2
28.517,-81.394,2
29.784,-95.481,2
29.784,-95.465,2
28.516,-81.47,2
29.784,-95.268,2
29.784,-95.228,2
28.515,-81.328,2
28.515,-81.563,2
28.514,-81.27,2
28.514,-81.311,2
28.513,-81.222,2
29.786,-95.769,2
28.513,-81.368,2
28.511,-81.457,2
29.786,-95.472,2
28.51,-81.407,2
29.787,-95.771,2
29.787,-95.747,2
29.787,-95.735,2
29.787,-95.535,2
29.787,-95.497,2
29.787,-95.162,2
29.787,-95.126,2
29.787,-95.107,2
29.788,-95.853,2
29.788,-95.818,2
28.501,-81.307,2
29.788,-95.554,2
29.788,-95.181,2
28.499,-81.443,2
28.499,-81.446,2
28.497,-81.45,2
28.497,-81.455,2
29.789,-95.628,2
29.789,-95.596,2
28.494,-81.247,2
28.494,-81.439,2
28.493,-81.259,2
28.492,-81.415,2
29.79,-95.544,2
29.79,-95.449,2
29.79,-95.411,2
29.79,-95.353,2
29.79,-95.332,2
29.79,-95.276,2
28.491,-81.41,2
29.791,-95.503,2
28.489,-81.46,2
29.791,-95.466,2
29.791,-95.158,2
29.793,-95.685,2
28.483,-81.325,2
28.483,-81.434,2
29.794,-95.503,2
29.795,-95.948,2
29.795,-95.341,2
28.478,-81.427,2
29.796,-95.846,2
28.477,-81.372,2
29.796,-95.547,2
29.796,-95.486,2
28.475,-81.418,2
28.475,-81.443,2
28.475,-81.906,2
28.474,-81.301,2
29.797,-95.835,2
28.474,-81.471,2
29.797,-95.703,2
29.797,-95.483,2
28.473,-81.418,2
28.473,-81.5,2
29.797,-95.359,2
29.798,-95.707,2
28.472,-81.262,2
29.798,-95.524,2
28.472,-81.41,2
29.798,-95.18,2
29.799,-95.41,2
28.471,-81.41,2
29.799,-95.183,2
29.8,-95.806,2
29.8,-95.805,2
29.8,-95.8,2
28.47,-81.292,2
29.8,-95.717,2
29.8,-95.435,2
29.8,-95.384,2
29.801,-95.738,2
29.801,-95.459,2
29.801,-95.363,2
29.801,-95.266,2
29.802,-95.831,2
29.802,-95.432,2
28.467,-81.236,2
29.802,-95.399,2
28.466,-81.379,2
29.802,-94.981,2
28.466,-81.395,2
28.466,-81.4,2
29.803,-95.417,2
28.466,-81.652,2
29.804,-95.823,2
29.804,-95.739,2
29.804,-95.41,2
28.464,-81.64,2
29.805,-95.689,2
29.806,-95.509,2
29.806,-95.415,2
29.806,-95.381,2
29.807,-95.72,2
28.459,-81.393,2
29.807,-95.37,2
29.807,-95.167,2
29.808,-98.003,2
29.808,-95.524,2
29.808,-95.46,2
28.458,-81.314,2
28.458,-81.575,2
29.809,-95.547,2
6.17,-75.426,2
29.809,-94.987,2
29.809,-94.981,2
28.455,-81.464,2
29.81,-95.509,2
29.81,-95.499,2
28.454,-81.364,2
29.81,-95.316,2
29.81,-95.199,2
29.811,-95.489,2
29.811,-95.451,2
29.811,-95.424,2
29.811,-95.137,2
28.45,-81.492,2
29.812,-95.767,2
29.812,-95.721,2
29.812,-95.72,2
28.45,-82.582,2
29.812,-95.708,2
29.812,-95.521,2
28.449,-81.402,2
29.812,-95.312,2
28.449,-81.404,2
29.813,-95.723,2
29.813,-95.454,2
28.446,-81.448,2
29.813,-95.317,2
28.446,-81.492,2
29.814,-97.946,2
28.445,-81.426,2
28.444,-81.215,2
28.444,-81.427,2
29.814,-95.707,2
29.814,-95.569,2
28.441,-81.452,2
29.814,-94.86,2
29.815,-95.531,2
28.437,-81.557,2
29.815,-95.364,2
28.436,-81.476,2
29.817,-95.824,2
28.433,-81.504,2
28.432,-81.308,2
28.431,-81.445,2
29.818,-95.803,2
29.818,-95.772,2
29.818,-95.43,2
29.818,-95.394,2
29.819,-95.789,2
29.819,-94.989,2
29.82,-95.781,2
29.82,-95.728,2
29.82,-95.712,2
28.43,-81.62,2
29.82,-95.477,2
29.82,-95.287,2
28.429,-81.405,2
28.426,-81.274,2
29.822,-95.707,2
29.823,-95.795,2
28.424,-81.469,2
29.823,-95.486,2
29.824,-94.998,2
28.422,-81.5,2
28.419,-81.58,2
28.418,-81.238,2
28.417,-81.391,2
29.828,-95.192,2
28.415,-81.632,2
29.829,-95.392,2
28.413,-81.231,2
28.413,-81.234,2
28.413,-81.238,2
29.83,-95.765,2
28.412,-81.407,2
28.412,-81.474,2
29.831,-95.761,2
28.41,-81.408,2
29.831,-95.57,2
28.41,-81.455,2
29.831,-95.33,2
29.831,-95.199,2
28.407,-81.477,2
29.832,-95.559,2
29.832,-95.549,2
29.832,-95.488,2
29.833,-95.824,2
40.753,-73.858,2
29.833,-95.201,2
29.834,-95.548,2
40.754,-74.03,2
28.397,-81.471,2
28.396,-81.473,2
29.835,-95.537,2
28.396,-81.693,2
29.835,-95.144,2
29.836,-95.517,2
28.393,-81.275,2
28.393,-81.361,2
29.836,-95.166,2
29.837,-95.723,2
28.392,-81.533,2
29.837,-95.531,2
29.837,-95.248,2
29.837,-95.23,2
28.39,-81.347,2
29.838,-95.71,2
28.39,-81.671,2
29.838,-94.896,2
29.839,-95.727,2
29.839,-95.643,2
29.839,-95.388,2
29.839,-95.344,2
28.387,-80.783,2
29.84,-95.772,2
29.84,-95.651,2
29.84,-95.537,2
29.84,-95.378,2
28.386,-81.506,2
28.385,-81.418,2
29.841,-95.53,2
29.842,-95.725,2
29.842,-95.53,2
29.842,-95.347,2
29.842,-95.313,2
29.842,-95.172,2
29.842,-95.147,2
29.843,-95.774,2
29.843,-95.432,2
29.844,-95.789,2
29.844,-95.696,2
29.844,-95.337,2
28.381,-81.614,2
29.845,-95.725,2
29.845,-95.722,2
28.379,-81.244,2
29.845,-95.218,2
29.846,-95.818,2
29.846,-95.72,2
28.377,-81.488,2
28.376,-80.795,2
29.846,-95.386,2
29.846,-95.331,2
40.754,-73.927,2
29.847,-94.989,2
28.374,-81.282,2
28.374,-81.549,2
29.848,-95.57,2
29.848,-95.333,2
29.848,-95.315,2
28.373,-81.684,2
28.372,-81.515,2
29.85,-95.666,2
28.371,-81.547,2
28.37,-81.344,2
28.37,-81.448,2
28.37,-81.506,2
29.85,-95.516,2
28.37,-81.52,2
29.851,-95.643,2
28.367,-81.349,2
29.852,-95.276,2
28.366,-81.395,2
28.366,-81.43,2
29.853,-95.499,2
28.365,-81.362,2
29.854,-95.807,2
29.854,-95.738,2
29.854,-95.706,2
28.364,-81.684,2
28.363,-81.43,2
28.363,-81.606,2
29.855,-95.708,2
29.855,-95.684,2
29.855,-95.642,2
28.362,-81.245,2
29.855,-95.214,2
28.361,-81.326,2
29.856,-95.518,2
29.856,-95.324,2
29.856,-95.215,2
29.857,-81.331,2
29.858,-95.89,2
29.858,-95.677,2
28.356,-81.535,2
29.858,-95.506,2
28.355,-81.682,2
29.858,-95.351,2
28.354,-81.416,2
29.859,-95.652,2
29.859,-95.64,2
28.35,-81.311,2
29.859,-95.524,2
28.349,-81.484,2
28.349,-81.514,2
29.86,-95.823,2
29.86,-95.707,2
28.346,-81.257,2
29.86,-95.384,2
29.86,-95.286,2
28.346,-81.612,2
28.345,-81.418,2
29.861,-95.489,2
28.345,-81.475,2
29.862,-95.856,2
29.862,-95.684,2
28.341,-81.178,2
28.341,-81.647,2
28.34,-81.178,2
28.34,-81.36,2
29.863,-95.392,2
29.863,-95.39,2
29.863,-95.377,2
29.863,-95.3,2
28.34,-81.47,2
29.864,-95.734,2
29.864,-95.673,2
28.339,-81.332,2
29.864,-95.374,2
29.864,-95.299,2
29.865,-95.845,2
28.339,-81.536,2
28.338,-81.394,2
29.865,-95.63,2
29.865,-95.459,2
28.337,-81.346,2
28.337,-81.389,2
28.337,-81.594,2
28.336,-81.424,2
28.336,-81.433,2
29.868,-95.71,2
29.868,-95.684,2
28.334,-81.27,2
29.868,-95.625,2
28.333,-81.338,2
28.333,-81.482,2
40.755,-73.986,2
28.331,-81.297,2
28.329,-81.516,2
29.869,-95.407,2
28.328,-81.471,2
29.87,-95.645,2
29.87,-95.431,2
29.87,-95.413,2
29.87,-95.372,2
29.871,-95.684,2
28.325,-81.416,2
28.325,-81.463,2
29.871,-95.582,2
29.871,-95.285,2
28.322,-81.418,2
29.872,-95.645,2
29.872,-95.383,2
29.872,-95.323,2
29.873,-95.688,2
4.701,-74.064,2
28.32,-81.403,2
29.874,-95.835,2
29.874,-95.67,2
29.874,-95.341,2
29.875,-95.823,2
40.755,-73.774,2
28.318,-81.444,2
29.876,-95.717,2
29.876,-95.674,2
29.876,-95.648,2
28.315,-81.588,2
29.876,-95.581,2
29.877,-95.822,2
28.314,-81.367,2
29.877,-95.651,2
29.877,-95.646,2
28.312,-81.561,2
29.878,-95.728,2
28.31,-81.412,2
29.878,-95.666,2
28.309,-81.666,2
40.756,-73.981,2
29.879,-95.669,2
28.307,-81.665,2
28.306,-81.397,2
28.306,-81.42,2
29.88,-95.797,2
28.304,-81.396,2
29.88,-95.686,2
28.301,-81.475,2
29.881,-95.709,2
29.882,-95.722,2
40.756,-73.975,2
29.882,-95.647,2
29.883,-95.718,2
29.883,-95.659,2
29.883,-95.609,2
28.291,-81.343,2
4.697,-74.032,2
29.883,-95.142,2
29.884,-95.641,2
29.885,-95.58,2
28.284,-81.24,2
28.284,-81.346,2
29.886,-95.549,2
29.886,-95.546,2
29.887,-95.728,2
28.279,-81.343,2
29.888,-97.948,2
28.278,-81.471,2
28.272,-81.585,2
29.889,-95.799,2
28.268,-81.321,2
28.268,-81.468,2
28.267,-81.675,2
28.266,-81.371,2
29.89,-95.512,2
29.89,-95.47,2
28.265,-81.476,2
29.891,-95.481,2
28.261,-81.61,2
29.892,-95.455,2
29.892,-95.395,2
28.258,-81.347,2
28.258,-81.362,2
28.257,-81.344,2
28.256,-81.198,2
40.756,-73.922,2
28.254,-81.592,2
29.894,-95.313,2
28.253,-81.662,2
29.895,-95.661,2
29.896,-95.532,2
28.251,-81.436,2
28.251,-81.618,2
29.897,-95.425,2
28.249,-81.615,2
28.248,-80.729,2
29.898,-95.515,2
29.898,-95.369,2
29.899,-95.733,2
28.245,-81.324,2
29.899,-95.497,2
29.899,-95.244,2
28.242,-81.586,2
29.901,-95.446,2
29.902,-95.685,2
29.902,-95.636,2
29.902,-95.595,2
29.902,-95.589,2
28.236,-81.479,2
29.902,-95.339,2
29.903,-95.357,2
29.904,-95.586,2
29.905,-98.41,2
29.905,-95.755,2
28.213,-81.241,2
28.211,-81.173,2
28.211,-81.266,2
29.905,-95.406,2
29.905,-95.321,2
28.21,-81.311,2
29.906,-95.517,2
29.907,-95.65,2
28.206,-82.727,2
28.205,-81.644,2
29.908,-95.688,2
28.203,-81.641,2
29.908,-95.624,2
40.756,-73.692,2
29.909,-95.307,2
29.91,-95.397,2
29.91,-95.319,2
29.911,-95.725,2
29.911,-95.711,2
29.911,-95.69,2
29.911,-95.482,2
28.182,-81.435,2
28.18,-81.454,2
28.179,-81.653,2
28.174,-81.628,2
29.914,-95.493,2
29.915,-95.618,2
29.915,-95.553,2
29.916,-95.476,2
29.916,-95.435,2
29.917,-95.67,2
28.138,-81.638,2
29.917,-95.479,2
29.918,-97.063,2
29.918,-95.476,2
29.918,-95.402,2
29.919,-95.198,2
28.106,-82.507,2
28.102,-81.588,2
29.92,-95.489,2
28.086,-82.418,2
28.079,-81.996,2
29.922,-95.688,2
29.922,-95.52,2
29.922,-95.508,2
29.922,-95.494,2
28.07,-82.413,2
28.068,-82.356,2
28.058,-82.432,2
29.923,-95.312,2
28.051,-82.533,2
29.925,-95.736,2
29.925,-95.732,2
29.925,-95.599,2
29.925,-95.596,2
29.925,-95.555,2
28.042,-81.955,2
29.927,-95.582,2
29.927,-95.494,2
29.927,-95.196,2
29.928,-97.86,2
29.928,-96.055,2
29.928,-95.708,2
28.025,-82.561,2
28.019,-81.767,2
28.019,-82.564,2
29.931,-95.586,2
28.01,-82.304,2
29.931,-95.325,2
29.932,-95.558,2
28.008,-81.723,2
29.932,-95.417,2
28.007,-82.562,2
29.933,-95.585,2
29.933,-95.517,2
28.0,-82.375,2
28.0,-82.469,2
29.933,-95.244,2
29.934,-95.644,2
27.997,-82.503,2
29.934,-95.254,2
29.934,-95.248,2
27.988,-97.55,2
40.757,-73.945,2
29.936,-95.284,2
27.986,-82.493,2
27.983,-82.27,2
27.981,-82.505,2
29.937,-95.222,2
40.757,-73.928,2
29.939,-95.742,2
27.979,-82.549,2
29.939,-95.677,2
29.939,-95.455,2
27.967,-82.507,2
29.939,-95.366,2
40.757,-73.884,2
27.965,-82.431,2
27.965,-82.522,2
27.96,-82.753,2
29.94,-95.425,2
27.953,-82.536,2
27.952,-82.484,2
29.941,-95.396,2
27.951,-82.78,2
29.941,-93.97,2
29.942,-95.795,2
29.942,-95.331,2
29.944,-95.796,2
29.944,-95.498,2
29.944,-95.465,2
27.924,-81.835,2
29.944,-95.195,2
29.945,-96.077,2
27.92,-82.492,2
29.945,-95.361,2
29.946,-95.806,2
29.946,-95.794,2
29.946,-95.567,2
29.946,-95.556,2
27.891,-82.685,2
29.947,-95.751,2
27.886,-82.348,2
29.947,-95.251,2
29.947,-95.203,2
29.948,-95.631,2
29.948,-95.605,2
29.949,-95.676,2
27.849,-82.69,2
29.95,-95.669,2
27.848,-82.309,2
29.95,-95.545,2
27.81,-82.676,2
27.808,-82.655,2
29.951,-95.352,2
27.799,-82.642,2
29.953,-95.633,2
29.953,-95.374,2
27.771,-82.67,2
29.956,-95.63,2
29.956,-95.575,2
29.956,-95.559,2
27.643,-80.488,2
27.619,-99.542,2
29.958,-95.276,2
27.595,-81.941,2
29.959,-95.548,2
29.959,-95.502,2
29.959,-95.472,2
27.587,-80.417,2
29.959,-95.419,2
29.959,-95.299,2
29.96,-95.745,2
27.584,-80.409,2
27.552,-99.501,2
27.541,-80.381,2
27.531,-80.399,2
29.961,-95.47,2
27.502,-82.484,2
29.961,-95.453,2
29.961,-95.431,2
27.478,-80.34,2
27.449,-80.365,2
27.445,-80.347,2
29.964,-95.534,2
29.964,-95.252,2
29.965,-95.545,2
29.965,-95.378,2
29.966,-95.5,2
29.966,-95.483,2
29.966,-95.473,2
29.966,-95.25,2
29.967,-95.703,2
40.758,-73.986,2
29.967,-95.232,2
29.969,-95.551,2
40.758,-73.971,2
29.97,-95.47,2
29.97,-95.069,2
29.971,-95.411,2
29.972,-95.589,2
29.972,-95.502,2
29.972,-95.336,2
29.973,-95.281,2
29.974,-95.245,2
29.974,-95.222,2
27.297,-80.324,2
29.975,-95.419,2
29.975,-95.264,2
29.976,-95.46,2
29.976,-95.415,2
27.274,-80.281,2
29.978,-95.745,2
29.978,-95.672,2
29.978,-95.575,2
27.274,-80.285,2
29.978,-95.413,2
29.978,-95.217,2
29.978,-95.211,2
29.979,-95.712,2
29.98,-95.564,2
29.98,-95.205,2
27.262,-80.417,2
29.982,-95.696,2
29.982,-95.503,2
27.257,-80.431,2
29.984,-95.294,2
29.984,-95.279,2
27.228,-80.36,2
27.21,-80.413,2
27.189,-80.239,2
27.162,-80.287,2
29.986,-95.44,2
29.987,-95.498,2
26.953,-80.142,2
26.94,-80.106,2
26.933,-80.131,2
26.918,-80.081,2
29.987,-95.195,2
29.987,-95.173,2
29.988,-95.442,2
29.989,-95.722,2
29.989,-95.484,2
29.99,-94.007,2
26.851,-80.081,2
26.849,-80.059,2
29.991,-95.501,2
26.848,-80.084,2
29.992,-95.369,2
26.838,-80.115,2
29.992,-95.197,2
29.993,-95.488,2
26.816,-80.064,2
29.993,-95.342,2
29.993,-95.271,2
29.994,-95.417,2
26.809,-80.12,2
29.996,-95.755,2
26.791,-80.105,2
29.996,-95.297,2
29.999,-95.564,2
26.754,-81.379,2
26.744,-80.302,2
30.0,-95.486,2
26.743,-80.105,2
40.759,-73.985,2
30.001,-95.756,2
30.001,-95.466,2
26.733,-80.067,2
30.003,-95.853,2
30.003,-95.471,2
26.725,-80.081,2
30.004,-95.495,2
30.004,-95.384,2
30.004,-95.301,2
30.004,-95.27,2
26.72,-80.039,2
30.006,-95.277,2
30.006,-95.264,2
30.007,-95.521,2
30.007,-95.415,2
30.007,-95.407,2
30.008,-95.512,2
30.009,-95.766,2
26.714,-80.053,2
30.009,-95.422,2
30.009,-95.302,2
26.712,-80.052,2
30.01,-95.651,2
26.711,-80.152,2
30.01,-95.271,2
26.709,-80.15,2
26.707,-80.1,2
26.707,-80.139,2
26.707,-80.159,2
30.014,-95.759,2
30.014,-95.755,2
30.014,-95.536,2
30.014,-95.341,2
26.703,-81.954,2
30.015,-95.299,2
30.015,-95.287,2
30.016,-95.547,2
30.017,-95.786,2
30.017,-95.575,2
30.017,-95.42,2
30.018,-95.657,2
30.019,-95.842,2
26.694,-80.082,2
30.02,-95.381,2
30.02,-95.38,2
30.02,-95.301,2
30.021,-95.315,2
26.684,-80.084,2
30.022,-95.46,2
30.022,-95.387,2
30.022,-90.272,2
26.681,-80.066,2
30.023,-95.6,2
30.023,-95.444,2
26.681,-80.211,2
26.68,-80.218,2
40.759,-73.925,2
30.024,-95.42,2
30.024,-95.396,2
30.025,-95.917,2
30.025,-95.427,2
26.675,-80.098,2
30.026,-95.433,2
30.026,-95.424,2
30.026,-95.303,2
30.027,-95.614,2
26.673,-80.241,2
30.027,-95.435,2
30.028,-95.694,2
30.028,-95.526,2
30.028,-95.396,2
30.029,-95.479,2
30.03,-95.436,2
26.665,-80.112,2
26.663,-80.147,2
26.663,-80.206,2
30.034,-95.656,2
30.034,-95.475,2
30.034,-95.451,2
30.035,-95.609,2
26.659,-80.243,2
26.658,-80.064,2
30.037,-95.632,2
30.037,-95.631,2
30.037,-95.59,2
26.658,-80.152,2
30.039,-95.253,2
26.656,-80.122,2
30.041,-95.37,2
30.042,-95.48,2
26.654,-80.066,2
26.654,-80.137,2
30.043,-95.796,2
30.043,-95.782,2
30.043,-95.43,2
30.044,-95.43,2
30.044,-95.263,2
30.045,-95.673,2
30.045,-95.464,2
30.045,-95.345,2
26.651,-80.105,2
26.65,-80.246,2
26.649,-80.145,2
26.646,-80.09,2
30.049,-95.429,2
26.646,-80.115,2
30.049,-95.182,2
30.05,-95.593,2
30.051,-95.187,2
26.642,-80.038,2
30.052,-95.509,2
26.641,-81.872,2
26.64,-80.183,2
30.053,-95.494,2
30.053,-95.184,2
30.054,-95.576,2
26.637,-80.279,2
30.054,-95.247,2
30.054,-95.209,2
26.635,-80.057,2
30.056,-95.564,2
26.632,-80.124,2
30.059,-95.246,2
30.062,-95.764,2
30.062,-95.377,2
26.628,-80.067,2
30.063,-95.385,2
26.626,-80.113,2
30.068,-95.354,2
30.068,-82.657,2
30.07,-95.357,2
26.618,-80.113,2
26.617,-80.157,2
26.616,-80.058,2
30.072,-95.713,2
30.072,-95.52,2
26.615,-80.179,2
30.073,-95.516,2
30.074,-95.982,2
26.613,-80.151,2
30.074,-95.258,2
30.075,-95.566,2
26.612,-80.111,2
30.076,-95.402,2
30.076,-95.233,2
26.608,-81.824,2
30.077,-95.514,2
30.077,-95.48,2
26.607,-80.182,2
26.599,-80.209,2
30.081,-95.461,2
30.082,-95.477,2
30.082,-95.291,2
26.592,-80.073,2
26.588,-80.049,2
26.583,-81.764,2
26.582,-81.676,2
30.093,-95.507,2
30.093,-95.497,2
26.576,-81.99,2
30.098,-95.442,2
30.101,-95.507,2
26.574,-80.114,2
40.761,-73.98,2
30.104,-95.375,2
26.566,-80.064,2
26.564,-81.944,2
26.55,-80.057,2
26.55,-80.074,2
26.548,-80.081,2
30.11,-95.786,2
30.114,-95.534,2
30.115,-96.079,2
30.116,-95.575,2
30.117,-95.502,2
30.117,-95.414,2
30.118,-95.673,2
30.118,-95.547,2
30.118,-95.234,2
30.12,-95.501,2
30.121,-95.508,2
30.122,-95.529,2
30.123,-95.251,2
30.124,-95.554,2
30.129,-95.51,2
30.129,-95.424,2
30.129,-95.261,2
30.129,-93.697,2
26.514,-80.084,2
26.508,-80.059,2
26.503,-80.185,2
26.501,-80.063,2
26.496,-80.064,2
26.493,-80.085,2
30.135,-95.443,2
26.488,-81.79,2
26.469,-80.068,2
30.139,-95.453,2
26.469,-80.135,2
26.462,-80.066,2
30.142,-95.275,2
30.143,-97.736,2
30.143,-95.276,2
30.144,-95.536,2
30.146,-95.031,2
30.151,-95.532,2
26.462,-80.173,2
30.152,-95.222,2
30.153,-95.215,2
30.155,-95.439,2
26.459,-80.071,2
30.156,-95.432,2
30.158,-95.462,2
30.158,-95.444,2
30.158,-85.619,2
30.16,-95.204,2
26.455,-80.114,2
30.163,-95.233,2
30.164,-95.073,2
30.165,-95.503,2
30.165,-95.232,2
30.165,-95.008,2
30.166,-95.685,2
30.166,-95.462,2
30.167,-95.005,2
26.438,-80.115,2
26.437,-80.127,2
26.43,-80.098,2
30.175,-95.475,2
30.177,-95.572,2
30.182,-95.707,2
30.182,-95.091,2
30.183,-95.47,2
30.186,-95.614,2
26.408,-80.225,2
26.407,-80.104,2
30.189,-95.624,2
30.191,-95.086,2
30.192,-95.703,2
30.192,-95.494,2
30.193,-95.409,2
30.196,-95.634,2
30.198,-95.589,2
30.201,-95.201,2
26.397,-80.077,2
30.209,-95.43,2
30.21,-95.471,2
26.393,-80.113,2
30.214,-81.546,2
30.215,-95.564,2
30.215,-95.503,2
30.218,-95.336,2
30.218,-95.319,2
30.221,-95.134,2
30.222,-95.337,2
30.222,-81.593,2
26.383,-80.195,2
30.226,-97.62,2
30.226,-95.299,2
30.227,-95.29,2
40.762,-73.997,2
30.234,-95.086,2
26.37,-80.206,2
30.241,-82.594,2
30.242,-95.461,2
30.245,-95.437,2
30.253,-97.697,2
26.364,-80.164,2
26.363,-80.118,2
30.268,31.48,2
30.269,-95.438,2
30.277,-95.457,2
26.361,-80.215,2
30.28,-97.75,2
30.281,-97.728,2
30.282,-97.74,2
30.283,-95.456,2
30.284,-97.745,2
30.286,-95.479,2
30.287,-97.744,2
30.287,-95.459,2
30.289,-97.74,2
30.289,-81.635,2
26.36,-80.126,2
30.293,-95.381,2
30.299,-95.415,2
26.357,-81.8,2
30.302,-95.401,2
40.762,-73.895,2
30.304,-95.467,2
30.304,-95.301,2
30.305,-95.42,2
30.309,-97.753,2
30.314,-95.293,2
30.316,-95.476,2
30.316,-95.416,2
26.348,-80.087,2
30.327,-95.309,2
30.328,-95.504,2
30.333,-97.692,2
26.347,-80.22,2
26.346,-80.086,2
30.34,-95.321,2
30.342,-95.258,2
30.343,-95.428,2
30.344,-95.144,2
40.884,-72.523,2
30.348,-97.675,2
30.349,-91.096,2
26.345,-80.192,2
30.356,-95.645,2
30.369,-97.691,2
30.371,-96.032,2
30.374,-95.483,2
30.377,-95.485,2
26.342,-80.09,2
30.392,-97.715,2
30.395,-95.507,2
26.339,-80.134,2
30.417,-97.838,2
26.339,-80.193,2
30.435,-84.299,2
26.337,-80.221,2
30.452,-96.659,2
30.465,-97.696,2
26.336,-80.203,2
30.498,-84.18,2
30.513,-91.138,2
30.52,-90.467,2
30.537,-97.639,2
30.54,-97.517,2
30.547,-96.305,2
30.561,-97.681,2
30.564,-97.824,2
30.584,-96.409,2
30.587,-97.84,2
30.59,-96.336,2
30.599,-94.925,2
30.601,-96.337,2
30.61,-96.339,2
30.617,-96.347,2
30.622,-96.347,2
30.627,-96.308,2
30.629,-96.36,2
30.631,-96.329,2
30.647,-96.302,2
30.649,-97.694,2
26.33,-80.179,2
30.676,-97.849,2
26.33,-81.776,2
30.7,-88.202,2
30.706,-95.55,2
26.329,-80.177,2
30.711,-95.549,2
30.713,-95.548,2
30.715,-95.547,2
26.328,-80.186,2
30.939,-95.255,2
31.132,-97.45,2
31.311,-94.725,2
31.339,-87.111,2
31.497,-97.155,2
31.733,-95.626,2
31.779,-106.395,2
31.801,-106.425,2
31.809,-106.427,2
31.934,35.847,2
32.007,-101.889,2
32.007,-96.449,2
32.024,-80.851,2
32.048,-81.109,2
32.071,-102.067,2
32.075,-96.447,2
32.084,-81.096,2
32.183,-81.221,2
32.218,-98.22,2
1.29,103.823,2
32.255,-96.096,2
40.763,-73.961,2
32.315,-96.625,2
32.318,-96.625,2
26.317,-80.275,2
32.373,-97.25,2
26.316,-80.078,2
26.316,-80.175,2
32.406,-96.854,2
26.314,-80.085,2
32.446,-97.062,2
32.453,-99.702,2
32.455,-96.931,2
32.473,-96.83,2
26.312,-80.119,2
32.481,44.419,2
32.485,-95.407,2
32.488,-96.978,2
26.31,-80.114,2
32.5,-84.96,2
26.306,-80.201,2
32.505,-92.082,2
32.517,-96.821,2
32.52,-96.791,2
32.533,-96.806,2
32.536,-96.735,2
26.303,-80.197,2
32.541,-97.113,2
32.543,-96.792,2
32.548,-97.119,2
32.549,-97.118,2
26.3,-80.133,2
26.3,-80.25,2
32.558,-96.942,2
32.563,-96.769,2
26.299,-80.256,2
26.299,-80.283,2
26.298,-80.169,2
32.577,-96.885,2
32.577,-96.315,2
40.763,-73.822,2
32.58,-97.045,2
26.296,-80.233,2
26.295,-80.139,2
32.581,-96.696,2
32.586,-97.156,2
32.587,-97.389,2
26.292,-80.095,2
32.588,-97.052,2
32.588,-96.984,2
32.59,-97.298,2
32.592,-96.722,2
32.593,-97.344,2
26.287,-80.264,2
26.287,-80.285,2
26.286,-80.185,2
26.286,-80.19,2
26.285,-80.287,2
32.599,-97.186,2
32.602,-96.742,2
32.604,-96.935,2
32.604,-96.266,2
26.279,-80.136,2
32.608,-97.372,2
32.61,-97.369,2
32.611,-96.876,2
26.278,-80.184,2
32.614,-96.892,2
32.617,-96.848,2
32.619,-97.155,2
26.275,-80.208,2
32.625,-96.693,2
26.275,-80.211,2
26.273,-80.135,2
26.273,-80.183,2
32.63,-117.104,2
26.273,-80.291,2
32.633,-96.701,2
1.194,-77.267,2
32.639,-96.943,2
32.641,-96.748,2
32.644,-96.933,2
40.764,-73.971,2
40.764,-73.962,2
32.648,-97.034,2
32.649,-97.271,2
26.266,-80.219,2
26.265,-80.129,2
32.653,-117.117,2
32.653,-96.971,2
32.654,-96.816,2
26.262,-80.29,2
32.655,-97.407,2
32.655,-97.386,2
26.261,-80.101,2
32.655,-97.063,2
32.658,-97.358,2
26.26,-80.115,2
26.26,-80.244,2
32.659,-96.804,2
32.66,-97.177,2
26.26,-80.266,2
32.66,-96.613,2
32.66,-96.59,2
26.26,-80.288,2
32.661,-97.197,2
26.259,-80.115,2
26.259,-80.201,2
32.662,-96.538,2
26.256,-80.284,2
32.665,-97.134,2
40.764,-73.923,2
32.666,-97.421,2
32.667,-97.261,2
32.667,-79.946,2
32.668,-97.086,2
32.668,-96.929,2
26.245,-80.266,2
26.244,-80.245,2
32.672,-96.987,2
26.243,-80.179,2
26.243,-80.268,2
26.242,-80.199,2
32.675,-97.402,2
32.676,-97.288,2
26.242,-80.259,2
26.241,-80.268,2
26.241,-80.277,2
32.678,-97.038,2
32.679,-97.32,2
32.68,-97.022,2
32.68,-97.006,2
26.24,-80.275,2
32.681,-97.02,2
26.239,-80.219,2
32.684,-97.026,2
32.684,-96.592,2
26.237,-80.104,2
40.764,-73.828,2
32.687,-96.589,2
32.688,-117.12,2
32.689,-97.217,2
32.689,-96.846,2
32.689,-96.775,2
32.69,-97.338,2
26.234,-80.168,2
32.69,-97.039,2
26.233,-80.228,2
32.692,-98.258,2
26.232,-80.126,2
32.693,-97.195,2
32.693,-97.135,2
32.693,-97.026,2
26.232,-80.185,2
32.695,-97.012,2
32.696,-97.135,2
40.765,-74.086,2
32.698,-96.789,2
32.699,-97.123,2
32.699,-96.815,2
32.701,-97.065,2
26.224,-80.277,2
26.221,-80.125,2
26.22,-80.091,2
32.704,-97.145,2
32.704,-97.054,2
26.22,-80.251,2
32.705,-97.037,2
32.705,-96.452,2
32.706,-117.015,2
32.706,-96.867,2
32.707,-97.086,2
32.707,-97.033,2
32.707,-96.646,2
32.708,-97.115,2
26.213,-80.146,2
26.213,-80.16,2
26.213,-80.236,2
32.709,-117.166,2
32.71,-96.908,2
26.21,-80.139,2
32.712,-97.349,2
32.712,-96.641,2
26.209,-80.243,2
32.713,-97.617,2
32.714,-96.612,2
32.714,-96.588,2
26.207,-80.292,2
32.716,-97.078,2
32.716,-96.615,2
32.717,-97.312,2
26.205,-80.139,2
26.205,-80.245,2
32.719,-97.066,2
32.719,-97.016,2
26.202,-80.145,2
26.202,-80.188,2
26.202,-80.264,2
26.202,-98.262,2
-0.184,-78.481,2
26.201,-81.686,2
26.2,-80.142,2
32.722,-96.539,2
26.197,-80.271,2
32.723,-96.898,2
32.723,-96.848,2
32.724,-96.422,2
32.725,-97.246,2
32.725,-97.09,2
32.726,-97.239,2
32.726,-97.114,2
26.193,-80.284,2
32.727,-97.359,2
32.728,-97.594,2
26.191,-80.135,2
-0.202,-78.411,2
32.73,-97.112,2
32.73,-96.88,2
32.731,-97.015,2
40.765,-73.547,2
26.188,-80.261,2
32.733,-97.409,2
32.733,-97.35,2
26.186,-80.118,2
32.734,-97.409,2
32.734,-97.11,2
26.185,-80.3,2
26.178,-80.201,2
26.178,-80.203,2
32.738,-97.132,2
32.738,-96.704,2
26.175,-80.288,2
26.175,-80.292,2
26.174,-80.287,2
26.174,-80.291,2
32.74,-96.642,2
32.74,-96.289,2
32.74,-96.269,2
26.174,-80.297,2
26.172,-80.119,2
32.742,-96.683,2
26.17,-80.266,2
40.766,-73.984,2
26.167,-80.145,2
32.744,-96.272,2
26.166,-80.213,2
26.166,-80.236,2
32.746,-97.182,2
32.747,-97.337,2
32.747,-97.085,2
32.747,-96.859,2
26.165,-80.317,2
26.164,-80.182,2
32.748,-97.594,2
32.748,-97.038,2
26.162,-80.317,2
32.749,-96.683,2
32.749,-96.463,2
32.75,-97.028,2
40.766,-73.94,2
26.154,-80.215,2
26.152,-80.234,2
26.149,-80.26,2
26.148,-80.12,2
32.754,-97.181,2
32.754,-97.003,2
32.754,-96.981,2
32.755,-97.177,2
26.146,-80.258,2
32.756,-97.07,2
32.759,-97.493,2
26.145,-80.312,2
32.759,-96.999,2
32.76,-97.114,2
32.76,-96.816,2
32.76,-96.648,2
32.762,-117.064,2
26.141,-80.329,2
26.14,-80.142,2
32.763,-96.279,2
26.14,-80.339,2
32.765,-97.103,2
32.766,-97.109,2
26.139,-80.158,2
32.767,-96.736,2
32.768,-96.608,2
26.137,-80.224,2
32.769,-97.103,2
32.769,-97.087,2
32.769,-96.835,2
32.769,-96.633,2
32.77,-97.296,2
32.77,-97.097,2
-1.879,-80.138,2
32.77,-96.717,2
26.136,-80.165,2
32.771,-97.123,2
26.135,-80.138,2
32.772,-97.2,2
32.772,-97.098,2
32.772,-96.832,2
32.773,-97.062,2
32.773,-96.989,2
26.135,-80.258,2
32.774,-97.202,2
26.134,-80.264,2
26.133,-80.142,2
32.774,-96.591,2
26.132,-80.422,2
26.131,-80.122,2
32.776,-97.068,2
26.131,-80.141,2
26.13,-80.203,2
32.777,-97.346,2
26.128,-80.141,2
32.777,-96.838,2
26.127,-80.104,2
32.777,-96.783,2
26.127,-80.376,2
26.126,-80.152,2
26.125,-80.286,2
26.125,-80.382,2
26.124,-80.258,2
32.779,-96.642,2
32.779,-79.973,2
32.78,-97.321,2
32.78,-96.801,2
26.124,-80.422,2
32.78,-79.927,2
26.121,-80.136,2
26.121,-80.2,2
32.781,-96.854,2
26.121,-80.245,2
32.781,-96.624,2
32.782,-96.829,2
32.782,-96.797,2
26.12,-80.301,2
26.119,-80.14,2
32.784,-96.792,2
40.768,-73.892,2
32.785,-96.794,2
26.117,-80.26,2
32.786,-96.785,2
32.787,-97.091,2
26.115,-80.251,2
26.114,-80.253,2
32.788,-96.8,2
32.788,-96.798,2
40.769,-74.453,2
32.789,-97.27,2
32.789,-96.802,2
32.79,-98.124,2
32.79,-96.803,2
32.791,-117.242,2
26.109,-80.168,2
32.791,-96.809,2
26.108,-80.181,2
26.108,-80.347,2
32.793,-97.18,2
32.793,-96.902,2
32.793,-96.636,2
32.794,-97.388,2
32.794,-97.218,2
26.108,-80.418,2
32.794,-96.949,2
32.795,-96.79,2
32.795,-79.962,2
26.104,-80.133,2
32.796,-96.423,2
32.797,-97.356,2
32.797,-97.181,2
32.797,-96.798,2
26.103,-80.395,2
26.102,-80.139,2
26.102,-80.276,2
32.798,-96.788,2
32.799,-97.08,2
32.8,-117.236,2
32.8,-96.977,2
32.8,-96.808,2
26.1,-80.133,2
32.8,-96.579,2
32.801,-96.805,2
26.099,-80.206,2
32.801,-96.601,2
26.099,-80.297,2
32.802,-96.953,2
32.802,-96.792,2
26.098,-80.187,2
32.803,-96.803,2
32.803,-96.773,2
32.804,-96.576,2
32.804,-96.483,2
32.804,-79.895,2
32.805,-96.797,2
40.769,-73.862,2
32.806,-96.555,2
26.091,-80.156,2
32.807,-96.795,2
32.808,-117.206,2
32.808,-96.666,2
26.09,-80.172,2
32.809,-97.186,2
32.809,-96.838,2
32.809,-96.8,2
32.809,-96.79,2
32.809,-96.479,2
32.811,-97.327,2
32.811,-96.779,2
32.811,-96.629,2
32.811,-96.617,2
32.812,-97.342,2
32.812,-97.018,2
26.087,-80.201,2
32.812,-96.626,2
32.813,-96.836,2
32.813,-96.627,2
26.086,-80.197,2
32.813,-96.597,2
32.814,-96.732,2
26.084,-80.157,2
32.816,-97.09,2
26.083,-80.249,2
26.082,-80.144,2
32.817,-96.771,2
32.817,-96.659,2
32.818,-97.072,2
32.818,-96.967,2
26.082,-80.256,2
32.818,-96.677,2
32.818,-96.64,2
32.819,-97.058,2
26.081,-80.308,2
32.819,-96.811,2
26.08,-80.224,2
32.82,-96.844,2
32.82,-96.843,2
26.078,-80.216,2
32.821,-96.917,2
32.821,-96.848,2
26.078,-80.257,2
26.078,-80.266,2
26.077,-80.169,2
26.077,-80.232,2
40.77,-73.906,2
26.075,-80.239,2
32.823,-96.71,2
32.823,-96.659,2
26.073,-80.262,2
32.824,-96.892,2
32.824,-96.78,2
32.824,-96.751,2
26.072,-80.365,2
-5.226,-80.642,2
26.071,-80.226,2
26.071,-80.238,2
32.827,-97.054,2
32.827,-96.981,2
26.067,-80.244,2
32.828,-96.588,2
32.829,-97.043,2
32.829,-96.849,2
40.771,-73.993,2
32.83,-96.944,2
26.067,-81.71,2
32.831,-97.199,2
26.066,-80.368,2
32.832,-97.406,2
32.833,-97.273,2
26.064,-80.358,2
26.064,-80.364,2
32.834,-97.224,2
32.834,-97.14,2
32.834,-96.701,2
26.059,-80.235,2
32.836,-97.217,2
32.836,-96.806,2
26.058,-80.169,2
26.057,-80.199,2
32.837,-96.934,2
26.053,-80.178,2
32.838,-96.962,2
26.052,-80.304,2
32.839,-97.198,2
32.839,-96.989,2
32.839,-96.977,2
26.052,-80.382,2
26.051,-80.142,2
40.771,-73.869,2
26.051,-80.148,2
32.84,-96.992,2
26.05,-80.145,2
32.841,-97.075,2
26.05,-80.232,2
26.048,-80.143,2
32.842,-97.199,2
32.842,-96.956,2
26.048,-80.312,2
32.842,-96.781,2
26.045,-80.279,2
26.044,-80.204,2
32.845,-97.404,2
32.845,-97.32,2
32.845,-96.986,2
26.043,-80.196,2
32.846,-97.276,2
32.846,-97.092,2
32.847,-96.969,2
26.036,-80.156,2
32.847,-96.556,2
32.848,-97.304,2
26.035,-80.14,2
32.848,-97.131,2
26.035,-80.361,2
32.849,-97.279,2
32.85,-96.769,2
32.85,-96.64,2
32.851,-96.745,2
32.853,-96.765,2
26.031,-80.133,2
32.853,-96.655,2
32.854,-97.387,2
-8.662,115.143,2
26.031,-80.201,2
26.031,-80.232,2
32.854,-96.752,2
32.855,-97.291,2
32.855,-97.017,2
26.03,-80.269,2
26.03,-80.27,2
32.856,-96.642,2
32.856,-96.555,2
26.029,-80.311,2
32.857,-97.426,2
40.772,-73.894,2
32.857,-96.754,2
32.857,-96.623,2
32.858,-97.073,2
26.028,-80.244,2
26.028,-80.344,2
32.86,-96.648,2
26.026,-80.115,2
26.026,-80.138,2
26.026,-80.274,2
26.025,-80.158,2
32.862,-97.209,2
32.862,-96.865,2
32.863,-97.355,2
26.024,-80.301,2
32.864,-117.223,2
32.864,-96.795,2
32.864,-96.696,2
26.023,-80.202,2
26.023,-80.262,2
26.021,-80.156,2
32.866,-96.937,2
32.866,-96.759,2
40.773,-73.991,2
32.867,-97.118,2
32.867,-96.996,2
26.02,-80.214,2
32.867,-96.986,2
32.867,-96.681,2
26.019,-80.16,2
32.868,-96.933,2
32.868,-96.833,2
26.019,-80.193,2
32.868,-96.772,2
32.869,-97.078,2
26.019,-80.267,2
32.869,-96.866,2
26.018,-80.117,2
32.87,-96.686,2
26.017,-80.248,2
26.017,-80.263,2
26.017,-80.292,2
26.015,-80.207,2
26.015,-80.209,2
32.876,-96.75,2
26.014,-80.28,2
26.014,-80.291,2
32.877,-97.235,2
40.886,-74.193,2
32.877,-96.98,2
32.877,-96.765,2
26.013,-80.248,2
26.013,-80.333,2
32.878,-96.523,2
26.012,-80.24,2
26.012,-80.323,2
32.881,-96.941,2
32.884,-117.227,2
32.885,-96.625,2
32.886,-96.972,2
32.886,-96.457,2
26.01,-80.217,2
26.01,-80.225,2
32.887,-96.764,2
32.889,-96.763,2
32.889,-96.534,2
26.009,-80.219,2
32.89,-97.259,2
26.009,-80.399,2
26.008,-80.289,2
32.893,-97.555,2
26.008,-80.362,2
26.008,-80.373,2
32.894,-97.52,2
32.894,-96.631,2
26.007,-80.301,2
32.896,-97.29,2
32.896,-97.215,2
32.896,-96.943,2
32.896,-96.916,2
26.006,-80.297,2
26.004,-80.213,2
32.9,-97.037,2
26.004,-80.281,2
32.9,-96.668,2
40.775,-73.989,2
40.775,-73.963,2
32.901,-96.991,2
32.901,-96.713,2
26.003,-80.157,2
26.003,-80.289,2
32.902,-96.943,2
26.003,-80.342,2
26.002,-80.144,2
32.904,-96.885,2
26.002,-80.211,2
32.905,-97.217,2
32.906,-96.71,2
32.906,-96.466,2
32.906,-96.149,2
32.907,-97.279,2
32.907,-97.037,2
32.907,-96.904,2
32.907,-96.733,2
32.907,-96.567,2
25.996,-80.141,2
32.909,-97.195,2
32.909,-96.86,2
32.909,-96.6,2
32.911,-97.381,2
25.995,-80.247,2
32.911,-96.564,2
32.914,-97.316,2
25.993,-80.126,2
32.914,-96.732,2
25.992,-80.246,2
32.915,-96.612,2
32.916,-96.567,2
32.919,-97.306,2
25.991,-80.36,2
40.775,-73.907,2
25.99,-80.198,2
32.921,-96.994,2
32.922,-96.843,2
32.922,-96.73,2
32.922,-96.412,2
32.922,-96.388,2
25.989,-80.384,2
32.923,-96.588,2
32.923,-96.354,2
32.924,-96.785,2
32.924,-96.584,2
32.925,-96.793,2
32.925,-96.7,2
40.776,-111.917,2
25.987,-80.159,2
25.987,-80.342,2
32.928,-97.004,2
32.928,-96.826,2
32.929,-97.105,2
32.929,-96.731,2
25.986,-80.144,2
32.931,-96.664,2
25.985,-80.227,2
25.985,-80.301,2
25.985,-80.326,2
32.932,-97.078,2
32.932,-96.685,2
32.932,-96.684,2
32.933,-96.856,2
32.933,-96.622,2
32.934,-96.84,2
32.934,-96.601,2
32.935,-97.264,2
32.935,-96.923,2
32.935,-96.852,2
25.983,-80.371,2
25.982,-80.128,2
32.937,-96.78,2
25.982,-80.371,2
32.938,-96.755,2
32.939,-97.353,2
25.981,-80.309,2
25.98,-80.38,2
32.94,-97.306,2
32.94,-97.028,2
32.94,-96.887,2
25.979,-80.299,2
25.979,-80.325,2
25.979,-80.362,2
25.978,-80.131,2
32.942,-96.812,2
32.942,-96.758,2
25.978,-80.217,2
25.977,-80.14,2
40.776,-73.926,2
25.976,-80.158,2
25.976,-80.286,2
32.946,-96.92,2
25.975,-80.144,2
25.974,-80.158,2
25.974,-80.356,2
32.949,-96.803,2
25.973,-80.142,2
32.949,-96.715,2
25.973,-80.265,2
-12.121,-77.041,2
32.951,-96.679,2
25.972,-80.184,2
40.777,-73.961,2
32.953,-96.54,2
25.97,-80.132,2
32.956,-96.668,2
40.777,-73.952,2
32.958,-97.365,2
25.969,-80.142,2
32.958,-96.589,2
32.959,-96.887,2
32.959,-96.729,2
32.96,-96.822,2
32.96,-96.778,2
32.961,-96.582,2
32.962,-96.738,2
25.967,-80.262,2
32.964,-96.723,2
32.964,-96.684,2
25.965,-80.125,2
25.964,-80.125,2
25.964,-80.138,2
25.964,-80.166,2
25.964,-80.191,2
32.967,-96.749,2
32.971,-97.152,2
25.962,-80.14,2
25.962,-80.189,2
32.971,-96.752,2
32.971,-96.658,2
32.971,-96.603,2
32.972,-96.716,2
32.976,-96.752,2
32.977,-96.718,2
25.96,-80.174,2
32.978,-96.876,2
40.778,-75.348,2
32.979,-97.019,2
32.979,-96.654,2
32.98,-97.313,2
25.958,-80.221,2
25.957,-80.32,2
32.984,-97.278,2
32.985,-96.748,2
32.986,-96.912,2
32.986,-96.884,2
25.955,-80.148,2
40.778,-73.916,2
25.955,-80.185,2
32.987,-96.774,2
32.987,-96.748,2
32.988,-96.751,2
32.988,-96.671,2
32.989,-96.749,2
32.989,-96.659,2
32.99,-97.06,2
25.954,-80.273,2
32.99,-96.879,2
32.99,-96.712,2
25.954,-81.729,2
32.99,-96.602,2
25.954,-97.443,2
32.991,-97.413,2
32.991,-96.802,2
32.991,-96.688,2
32.992,-96.988,2
40.778,-73.915,2
25.953,-80.295,2
32.993,-96.663,2
32.995,-96.871,2
25.952,-80.142,2
32.995,-96.747,2
32.996,-96.966,2
32.996,-96.747,2
32.998,-96.874,2
32.998,-96.7,2
25.951,-80.146,2
32.999,-96.896,2
32.999,-96.871,2
25.949,-80.143,2
33.0,-96.683,2
33.001,-96.822,2
25.949,-80.342,2
33.003,-96.853,2
25.948,-80.12,2
33.003,-96.738,2
33.003,-96.734,2
25.947,-80.148,2
33.004,-96.722,2
33.004,-96.702,2
25.947,-80.149,2
33.005,-96.845,2
33.005,-96.767,2
33.005,-96.723,2
25.947,-80.267,2
33.006,-96.969,2
33.006,-96.959,2
33.007,-96.827,2
33.007,-96.769,2
25.946,-80.175,2
25.946,-80.309,2
33.01,-96.888,2
25.945,-97.409,2
33.01,-96.797,2
33.01,-96.779,2
25.944,-80.12,2
33.011,-96.988,2
40.779,-73.944,2
33.012,-96.857,2
33.012,-96.668,2
25.943,-80.282,2
40.779,-73.806,2
40.779,-73.531,2
33.015,-96.671,2
33.016,-97.013,2
25.943,-80.309,2
33.018,-96.733,2
25.942,-80.125,2
33.019,-96.923,2
33.019,-96.833,2
25.942,-80.196,2
33.02,-96.71,2
25.942,-80.211,2
25.942,-80.293,2
25.942,-80.298,2
33.022,-97.013,2
33.022,-96.798,2
33.022,-96.44,2
33.026,-96.87,2
33.026,-96.409,2
33.027,-97.27,2
33.028,-96.614,2
25.94,-80.191,2
33.029,-96.407,2
33.03,-96.927,2
33.03,-96.844,2
33.03,-96.794,2
33.031,-97.257,2
25.94,-80.269,2
33.031,-96.882,2
25.94,-80.325,2
33.033,-96.876,2
25.939,-80.3,2
33.033,-96.38,2
33.034,-96.896,2
33.034,-96.839,2
33.037,-96.294,2
33.039,-97.348,2
33.04,-96.697,2
25.936,-80.129,2
25.935,-80.132,2
25.935,-80.309,2
33.046,-96.907,2
33.047,-97.087,2
33.047,-96.841,2
33.048,-96.93,2
33.05,-97.028,2
33.051,-96.896,2
33.052,-97.036,2
40.78,-73.841,2
25.932,-80.311,2
33.053,-96.767,2
33.054,-97.005,2
33.054,-96.837,2
25.932,-80.354,2
33.055,-96.85,2
33.055,-96.849,2
33.055,-96.848,2
33.056,-96.85,2
33.056,-96.791,2
33.057,-97.008,2
33.057,-96.692,2
25.931,-80.294,2
40.78,-73.817,2
25.93,-80.204,2
33.059,-96.866,2
33.059,-96.73,2
25.93,-80.347,2
33.06,-96.869,2
33.061,-96.88,2
25.929,-80.124,2
33.063,-96.882,2
33.063,-96.23,2
33.064,-96.305,2
25.929,-80.169,2
33.066,-97.049,2
33.066,-96.692,2
33.067,-97.023,2
25.928,-80.216,2
33.067,-96.69,2
25.928,-80.249,2
25.927,-80.128,2
25.927,-80.158,2
25.927,-80.34,2
33.078,-97.561,2
33.079,-96.834,2
33.08,-96.817,2
33.081,-97.035,2
25.925,-80.153,2
33.083,-96.804,2
33.083,-96.78,2
33.084,-96.837,2
33.084,-96.821,2
33.085,-96.758,2
25.925,-80.369,2
25.925,-80.373,2
25.924,-80.231,2
33.088,-96.871,2
25.923,-80.122,2
40.781,-73.913,2
33.092,-96.809,2
33.092,-96.51,2
25.923,-80.207,2
25.923,-80.28,2
25.922,-80.175,2
33.098,-96.653,2
25.922,-80.219,2
33.1,-96.819,2
33.103,-96.645,2
33.105,-96.814,2
33.111,-96.428,2
25.918,-97.414,2
25.917,-80.16,2
25.917,-80.221,2
25.917,-80.224,2
33.119,-97.242,2
25.917,-80.311,2
33.124,-95.637,2
33.125,-96.82,2
25.915,-80.249,2
33.126,-96.815,2
25.915,-80.302,2
33.128,-97.046,2
33.128,-96.736,2
25.915,-80.327,2
33.133,-96.889,2
33.133,-96.776,2
25.914,-80.249,2
33.134,-96.659,2
33.138,-96.818,2
33.138,-96.777,2
33.138,-96.702,2
33.139,-96.669,2
33.139,-96.643,2
25.912,-80.175,2
25.912,-80.187,2
25.912,-80.206,2
33.145,-96.889,2
33.145,-96.752,2
33.145,-80.132,2
25.912,-80.357,2
33.149,-96.821,2
33.15,-96.787,2
33.151,-96.764,2
33.151,-96.722,2
25.91,-80.271,2
40.783,-73.979,2
25.91,-80.311,2
25.909,-80.124,2
33.154,-96.67,2
33.157,-96.844,2
33.158,-96.737,2
33.161,-96.829,2
25.909,-80.226,2
33.162,-96.73,2
33.162,-96.711,2
33.164,-96.847,2
25.908,-80.244,2
33.166,-97.068,2
25.908,-80.373,2
25.907,-80.157,2
25.906,-80.161,2
25.906,-80.351,2
33.173,-96.916,2
33.174,-96.725,2
33.174,-96.678,2
33.176,-96.513,2
33.177,-96.835,2
33.177,-96.757,2
33.178,-96.507,2
25.901,-80.179,2
33.181,-96.891,2
33.182,-96.922,2
33.184,-96.639,2
33.185,-96.696,2
33.187,-96.848,2
33.19,-97.108,2
33.19,-96.774,2
33.19,-96.767,2
25.9,-80.171,2
33.191,-96.621,2
33.191,-96.581,2
33.192,-97.099,2
33.195,-96.496,2
33.199,-87.527,2
33.2,-96.764,2
33.2,-96.619,2
33.202,-117.242,2
25.898,-80.166,2
33.206,-97.135,2
33.208,-96.735,2
33.214,-97.086,2
33.215,-97.145,2
33.215,-97.112,2
25.897,-80.35,2
33.216,-86.875,2
40.784,-73.829,2
33.221,-96.937,2
25.896,-80.309,2
33.223,-96.965,2
33.227,-97.163,2
33.229,-97.592,2
33.236,-96.636,2
33.237,-96.912,2
40.784,-73.109,2
33.246,-96.871,2
33.246,-96.688,2
25.893,-80.336,2
33.25,-95.9,2
33.252,-97.132,2
33.255,-96.964,2
33.264,-96.959,2
33.265,-96.835,2
33.277,-117.445,2
33.285,-97.632,2
25.89,-80.338,2
33.3,-111.893,2
33.3,-96.827,2
33.302,-111.742,2
33.304,-111.857,2
25.889,-80.154,2
33.323,-96.78,2
33.331,-96.551,2
33.333,-111.633,2
25.889,-80.215,2
33.338,-111.846,2
33.344,-112.145,2
33.352,-111.897,2
33.356,-111.961,2
25.889,-80.367,2
33.381,-111.832,2
33.382,-84.183,2
33.392,-111.857,2
33.393,-112.047,2
33.394,-111.82,2
33.405,-111.827,2
33.407,-84.676,2
33.415,-111.918,2
33.417,-111.673,2
33.421,-111.903,2
33.422,-112.485,2
33.423,-84.727,2
33.428,-111.723,2
25.888,-80.263,2
33.437,-112.537,2
33.437,-112.414,2
33.438,-112.137,2
25.888,-80.293,2
33.449,-111.848,2
33.45,-111.756,2
33.452,-112.037,2
33.452,-111.82,2
33.453,-111.818,2
25.888,-80.335,2
33.455,-112.358,2
33.455,-112.076,2
33.455,-112.04,2
33.46,-112.326,2
33.464,-111.939,2
33.466,-117.701,2
33.474,-112.223,2
33.478,-112.038,2
33.481,-112.14,2
33.493,-112.125,2
25.886,-80.132,2
33.509,-112.331,2
25.886,-80.302,2
33.545,-112.104,2
33.545,-84.372,2
33.553,-117.664,2
33.558,-84.496,2
33.569,-112.162,2
33.57,-112.21,2
33.571,-84.544,2
33.578,-84.273,2
25.885,-80.308,2
33.591,-112.174,2
25.885,-80.359,2
33.6,-83.833,2
33.607,-117.655,2
33.607,-112.401,2
33.608,-112.064,2
33.611,-84.335,2
33.615,-112.19,2
33.616,-112.1,2
33.617,-84.373,2
33.62,-117.301,2
33.622,-83.86,2
33.624,-83.606,2
33.628,-117.708,2
25.883,-80.275,2
25.883,-80.306,2
33.635,-84.339,2
33.636,-112.067,2
33.637,-112.396,2
33.637,-84.075,2
25.883,-80.329,2
25.883,-80.348,2
33.641,-84.438,2
33.642,-117.744,2
25.882,-80.131,2
25.882,-80.164,2
25.882,-80.276,2
33.651,-117.722,2
25.882,-80.325,2
33.653,-112.072,2
33.654,-117.904,2
33.657,-117.864,2
33.657,-117.791,2
33.657,-112.032,2
33.66,-117.682,2
33.662,-117.815,2
33.662,-117.612,2
25.88,-80.163,2
33.667,-84.396,2
33.668,-117.85,2
33.669,-117.785,2
33.67,-117.915,2
33.671,-117.911,2
25.88,-80.167,2
33.673,-117.748,2
25.88,-80.271,2
33.674,-117.747,2
25.88,-80.314,2
33.675,-117.846,2
33.679,-117.872,2
33.679,-112.244,2
33.68,-112.023,2
33.681,-116.175,2
33.683,-84.408,2
33.685,-84.364,2
33.687,-84.034,2
33.69,-112.133,2
33.69,-84.488,2
33.692,-117.875,2
25.877,-80.333,2
33.7,-117.944,2
33.702,-84.111,2
33.702,-84.069,2
25.875,-80.238,2
33.705,-84.419,2
33.706,-84.819,2
25.874,-80.302,2
40.789,-73.843,2
33.709,-84.185,2
25.873,-80.319,2
25.872,-80.209,2
33.716,-84.398,2
33.716,-78.926,2
33.721,-117.962,2
33.721,-84.164,2
33.725,-118.29,2
33.725,-84.357,2
33.727,-117.88,2
33.727,-117.877,2
33.729,-118.032,2
33.729,-117.994,2
33.73,-118.292,2
33.733,-117.997,2
33.733,-84.08,2
33.734,-84.85,2
33.735,-117.868,2
33.736,-84.902,2
33.738,-117.935,2
33.739,-118.281,2
33.74,-117.838,2
33.74,-117.817,2
33.74,-84.408,2
33.74,-84.389,2
25.87,-80.192,2
33.742,-84.759,2
25.87,-80.219,2
33.745,-118.298,2
33.745,-117.87,2
25.869,-80.314,2
25.869,-80.324,2
33.747,-118.318,2
33.747,-84.415,2
33.747,-84.347,2
33.748,-117.852,2
33.749,-117.92,2
33.75,-84.38,2
25.868,-80.182,2
25.868,-80.2,2
25.868,-80.213,2
33.754,-84.39,2
33.757,-84.424,2
33.758,-117.983,2
33.758,-116.325,2
33.758,-84.36,2
33.759,-118.12,2
33.759,-117.92,2
25.868,-80.308,2
25.868,-80.33,2
33.761,-118.3,2
25.867,-80.209,2
33.764,-84.295,2
33.767,-84.253,2
33.77,-84.375,2
33.77,-84.249,2
25.867,-80.307,2
33.772,-118.178,2
33.772,-117.834,2
33.773,-118.198,2
33.773,-84.285,2
33.774,-118.193,2
33.774,-118.183,2
33.774,-118.164,2
25.866,-80.124,2
33.774,-117.867,2
33.775,-118.176,2
33.776,-117.865,2
33.777,-117.923,2
33.779,-117.833,2
33.779,-84.369,2
25.864,-80.122,2
25.864,-80.123,2
25.864,-80.186,2
33.782,-118.26,2
33.783,-118.111,2
33.783,-117.894,2
33.784,-118.192,2
33.784,-112.161,2
33.785,-118.261,2
33.785,-118.16,2
40.79,-73.942,2
33.787,-117.917,2
33.788,-118.318,2
33.788,-118.271,2
33.788,-118.146,2
33.788,-84.113,2
25.862,-80.21,2
33.789,-117.839,2
25.862,-80.311,2
33.79,-118.294,2
33.792,-118.192,2
25.861,-80.3,2
33.794,-118.139,2
33.794,-117.042,2
33.796,-84.322,2
25.859,-80.311,2
33.799,-118.318,2
33.799,-118.021,2
25.858,-80.121,2
25.858,-80.143,2
25.858,-80.181,2
25.858,-80.267,2
33.802,-118.265,2
33.802,-117.976,2
25.858,-80.309,2
33.802,-84.412,2
25.858,-80.319,2
33.803,-118.275,2
33.805,-118.099,2
33.805,-117.906,2
33.806,-118.195,2
25.856,-80.128,2
25.856,-80.183,2
25.856,-80.185,2
33.809,-118.057,2
33.809,-117.905,2
33.81,-84.273,2
33.811,-118.268,2
33.811,-117.903,2
33.812,-118.014,2
-22.921,-42.822,2
33.812,-84.66,2
33.812,-84.117,2
33.813,-118.288,2
33.813,-84.612,2
33.813,-84.437,2
33.816,-118.271,2
33.816,-118.025,2
25.855,-80.134,2
33.817,-84.58,2
25.855,-80.323,2
25.855,-80.355,2
25.855,-80.372,2
33.82,-118.266,2
33.821,-118.267,2
33.822,-118.307,2
33.822,-84.233,2
25.854,-80.255,2
33.825,-118.29,2
25.854,-80.312,2
25.854,-80.361,2
33.826,-117.954,2
25.854,-80.362,2
25.854,-80.379,2
33.828,-117.945,2
33.828,-117.555,2
25.853,-80.158,2
33.831,-118.113,2
33.833,-117.529,2
40.793,-74.058,2
25.852,-80.122,2
33.837,-84.63,2
33.837,-84.379,2
25.852,-80.355,2
33.838,-84.567,2
25.852,-80.377,2
25.852,-80.379,2
33.84,-118.367,2
33.84,-118.179,2
33.84,-83.993,2
25.851,-80.14,2
25.851,-80.143,2
25.851,-80.157,2
33.842,-118.261,2
33.842,-117.957,2
33.842,-84.5,2
25.851,-80.243,2
25.851,-80.252,2
33.845,-118.307,2
33.845,-83.985,2
33.846,-118.116,2
25.85,-80.372,2
25.85,-80.38,2
25.849,-80.146,2
25.849,-80.148,2
33.851,-118.194,2
25.849,-80.219,2
33.852,-117.93,2
33.853,-117.819,2
33.853,-84.22,2
33.854,-84.282,2
33.856,-118.204,2
33.856,-117.971,2
33.857,-118.393,2
33.857,-118.264,2
33.857,-84.605,2
25.848,-80.206,2
40.793,-73.97,2
33.859,-118.049,2
33.859,-118.04,2
33.859,-84.649,2
25.848,-80.372,2
33.862,-117.98,2
25.847,-80.284,2
33.863,-117.793,2
25.847,-80.311,2
33.864,-118.089,2
33.864,-101.841,2
25.847,-80.374,2
33.865,-118.309,2
40.793,-73.842,2
33.865,-118.001,2
33.865,-117.89,2
25.846,-80.119,2
25.846,-80.166,2
25.846,-80.221,2
25.846,-80.373,2
33.867,-118.166,2
33.867,-117.97,2
25.845,-80.227,2
33.87,-118.087,2
25.845,-80.24,2
33.87,-118.003,2
33.87,-117.861,2
40.887,-73.849,2
33.871,-118.041,2
33.871,-117.933,2
33.872,-117.942,2
33.873,-118.36,2
33.874,-118.331,2
25.845,-80.365,2
25.844,-80.12,2
33.874,-117.996,2
33.874,-117.444,2
33.874,-84.248,2
33.875,-117.568,2
25.844,-80.284,2
25.843,-80.303,2
33.878,-118.081,2
33.878,-98.546,2
25.842,-80.262,2
40.795,-74.188,2
33.88,-118.327,2
33.88,-118.29,2
33.88,-117.576,2
33.881,-118.086,2
33.883,-118.142,2
25.841,-80.314,2
33.885,-118.33,2
33.885,-118.305,2
25.841,-80.382,2
33.885,-118.098,2
25.84,-80.133,2
25.84,-80.197,2
33.887,-118.357,2
25.84,-80.294,2
33.887,-84.008,2
25.84,-80.369,2
33.89,-118.12,2
25.839,-80.271,2
25.839,-80.302,2
33.891,-118.237,2
33.892,-118.322,2
25.838,-80.121,2
33.894,-117.213,2
33.894,-84.226,2
33.895,-117.523,2
33.896,-118.247,2
25.838,-80.295,2
33.897,-118.232,2
25.838,-80.384,2
33.897,-118.035,2
33.899,-118.089,2
25.837,-80.366,2
33.902,-117.49,2
25.836,-80.302,2
33.903,-84.241,2
25.835,-80.188,2
25.834,-80.294,2
33.907,-118.375,2
33.907,-118.003,2
33.908,-118.379,2
33.908,-118.064,2
-23.548,-46.636,2
33.909,-117.595,2
33.909,-117.221,2
25.832,-80.373,2
33.91,-118.347,2
33.91,-118.302,2
25.831,-80.194,2
33.911,-84.181,2
33.911,-84.023,2
33.912,-118.216,2
25.831,-80.356,2
25.83,-80.206,2
33.912,-117.888,2
33.913,-117.895,2
25.83,-80.384,2
33.914,-118.341,2
33.915,-118.342,2
33.915,-117.563,2
33.917,-118.137,2
33.918,-118.276,2
33.918,-118.01,2
25.828,-80.376,2
25.827,-80.26,2
25.827,-80.266,2
25.827,-80.305,2
25.827,-80.358,2
25.826,-80.23,2
33.92,-117.171,2
25.826,-80.293,2
33.921,-118.219,2
25.826,-80.334,2
25.826,-80.37,2
40.796,-73.135,2
33.922,-117.957,2
33.923,-118.347,2
33.923,-118.109,2
33.923,-118.084,2
33.923,-118.071,2
25.825,-80.215,2
33.924,-118.007,2
40.799,-77.889,2
33.926,-117.916,2
25.825,-80.284,2
25.825,-80.285,2
40.799,-73.944,2
33.928,-118.172,2
33.928,-118.042,2
25.824,-80.268,2
33.93,-118.352,2
33.93,-118.203,2
25.824,-80.364,2
25.824,-80.372,2
33.93,-118.04,2
25.824,-80.384,2
33.931,-118.113,2
33.932,-118.394,2
33.932,-84.497,2
33.932,-84.18,2
33.932,-84.15,2
33.934,-84.498,2
33.935,-117.429,2
33.936,-117.671,2
33.937,-118.096,2
25.822,-80.316,2
25.822,-80.373,2
33.938,-84.235,2
25.821,-80.288,2
33.94,-118.399,2
40.801,-73.965,2
33.94,-117.986,2
33.941,-118.079,2
33.941,-117.977,2
33.941,-117.462,2
33.942,-118.331,2
33.942,-118.235,2
33.942,-118.23,2
33.943,-118.181,2
33.945,-118.3,2
33.945,-118.13,2
33.946,-118.391,2
25.82,-80.369,2
25.819,-80.275,2
25.819,-80.28,2
33.948,-118.038,2
25.818,-80.226,2
25.818,-80.228,2
33.952,-83.988,2
25.818,-80.377,2
25.817,-80.237,2
33.953,-117.588,2
33.953,-117.324,2
33.953,-83.789,2
25.817,-80.363,2
25.817,-80.376,2
25.816,-80.121,2
33.955,-118.103,2
33.956,-118.346,2
25.816,-80.26,2
33.957,-118.378,2
25.815,-80.122,2
33.958,-118.394,2
25.815,-80.224,2
33.959,-118.419,2
25.815,-80.334,2
33.959,-117.691,2
33.959,-116.592,2
33.96,-118.192,2
33.96,-118.143,2
33.96,-118.041,2
33.96,-117.651,2
25.815,-80.386,2
33.962,-118.286,2
33.964,-118.283,2
25.814,-80.253,2
33.964,-117.537,2
25.814,-80.349,2
25.813,-80.133,2
33.967,-118.2,2
40.803,-73.254,2
25.813,-80.189,2
25.813,-80.194,2
33.969,-118.142,2
40.804,-73.113,2
33.971,-118.419,2
40.806,-73.945,2
25.813,-80.267,2
40.806,-73.94,2
33.973,-118.207,2
33.973,-118.146,2
25.812,-80.253,2
25.812,-80.264,2
33.976,-118.382,2
40.807,-73.956,2
33.977,-118.459,2
25.812,-80.332,2
33.977,-118.199,2
25.812,-80.352,2
33.977,-117.909,2
33.978,-118.051,2
33.978,-117.587,2
33.979,-118.46,2
25.812,-80.383,2
33.98,-118.439,2
33.98,-118.182,2
33.98,-84.214,2
25.811,-80.173,2
25.811,-80.186,2
33.983,-118.465,2
25.811,-80.253,2
25.811,-80.316,2
33.985,-84.135,2
33.986,-118.349,2
33.986,-118.271,2
33.986,-118.2,2
25.811,-80.37,2
33.986,-117.334,2
40.808,-73.938,2
33.988,-117.934,2
25.811,-80.373,2
33.99,-118.071,2
25.81,-80.189,2
25.81,-80.266,2
33.994,-118.295,2
25.81,-80.342,2
33.995,-118.26,2
33.996,-118.32,2
25.809,-80.191,2
25.809,-80.232,2
33.996,-98.506,2
33.998,-84.596,2
33.999,-117.574,2
25.809,-80.34,2
34.003,-118.328,2
34.005,-118.419,2
34.005,-117.419,2
25.808,-80.192,2
34.007,-118.256,2
34.007,-118.165,2
34.008,-81.037,2
25.808,-80.333,2
34.01,-118.28,2
25.808,-80.369,2
25.807,-80.212,2
34.012,-118.245,2
34.012,-118.156,2
34.013,-118.288,2
25.807,-80.383,2
34.015,-118.354,2
25.806,-80.211,2
25.806,-80.226,2
34.018,-118.107,2
34.018,-117.679,2
34.018,-84.063,2
34.019,-118.412,2
25.805,-80.126,2
34.02,-84.12,2
34.021,-118.144,2
25.805,-80.192,2
25.805,-80.195,2
25.805,-80.196,2
25.805,-80.2,2
25.805,-80.242,2
34.023,-118.184,2
34.024,-118.414,2
34.025,-118.327,2
34.025,-117.892,2
34.025,-84.296,2
34.026,-118.3,2
34.027,-118.282,2
34.027,-84.325,2
34.028,-118.373,2
34.029,-118.443,2
25.803,-80.195,2
25.803,-80.197,2
34.03,-117.786,2
34.03,-117.75,2
25.803,-80.234,2
34.031,-118.289,2
25.803,-80.354,2
25.802,-80.186,2
34.031,-84.32,2
34.032,-118.688,2
34.032,-118.281,2
34.032,-117.945,2
34.033,-118.432,2
34.033,-118.294,2
25.802,-80.203,2
34.035,-84.344,2
25.801,-80.211,2
34.038,-84.245,2
25.801,-80.237,2
34.04,-118.458,2
34.04,-83.989,2
25.8,-80.186,2
25.8,-80.189,2
34.042,-118.266,2
34.042,-118.258,2
34.042,-117.692,2
34.043,-118.303,2
25.8,-80.209,2
34.044,-118.292,2
34.044,-118.189,2
25.8,-80.36,2
25.799,-80.128,2
34.046,-118.066,2
34.047,-118.427,2
34.048,-118.464,2
34.048,-118.449,2
34.048,-118.257,2
25.799,-80.199,2
34.05,-118.306,2
25.799,-80.334,2
34.05,-118.26,2
34.051,-118.272,2
34.051,-118.265,2
34.052,-118.429,2
25.798,-80.199,2
25.798,-80.235,2
40.812,-77.889,2
34.054,-118.261,2
25.798,-80.374,2
25.798,-80.384,2
25.797,-80.211,2
34.055,-117.165,2
25.797,-80.386,2
25.796,-80.207,2
34.058,-118.207,2
25.796,-80.212,2
34.06,-118.414,2
34.06,-118.312,2
34.06,-118.309,2
34.06,-118.014,2
40.812,-74.172,2
34.061,-118.291,2
34.061,-118.272,2
25.795,-80.194,2
34.062,-118.335,2
34.062,-118.321,2
40.814,-73.949,2
25.795,-80.208,2
25.795,-80.224,2
34.063,-118.301,2
25.795,-80.233,2
34.064,-118.3,2
25.795,-80.283,2
34.065,-118.397,2
25.795,-80.386,2
34.066,-118.301,2
34.066,-118.295,2
25.794,-80.146,2
34.067,-118.41,2
25.794,-80.203,2
25.794,-80.384,2
34.068,-118.247,2
25.794,-80.394,2
34.069,-118.443,2
34.069,-118.28,2
34.069,-117.675,2
34.069,-117.355,2
34.071,-118.45,2
25.793,-80.259,2
34.071,-118.291,2
34.071,-118.27,2
34.071,-117.934,2
34.071,-117.594,2
34.071,-117.46,2
34.072,-118.381,2
34.073,-118.37,2
40.815,-73.087,2
34.075,-118.381,2
34.075,-118.32,2
34.077,-117.746,2
25.792,-80.138,2
34.078,-118.295,2
34.078,-118.274,2
34.08,-118.309,2
34.08,-117.587,2
25.792,-80.221,2
34.081,-117.928,2
25.792,-80.225,2
34.081,-117.601,2
34.082,-118.299,2
40.818,-74.013,2
34.083,-118.38,2
34.083,-118.275,2
34.083,-83.989,2
34.084,-118.178,2
34.084,-118.151,2
25.792,-100.181,2
34.087,-118.315,2
34.088,-117.878,2
34.088,-117.458,2
25.791,-80.213,2
34.089,-118.306,2
25.791,-80.239,2
34.09,-118.33,2
34.09,-117.679,2
34.09,-84.461,2
25.791,-80.292,2
25.791,-80.3,2
34.092,-117.393,2
25.791,-80.303,2
34.093,-117.722,2
34.094,-118.022,2
34.095,-118.344,2
25.79,-80.169,2
25.79,-80.185,2
34.098,-118.292,2
25.79,-80.24,2
34.099,-118.325,2
34.099,-118.32,2
34.099,-117.908,2
25.79,-80.296,2
25.79,-80.31,2
34.101,-118.329,2
34.101,-118.297,2
34.102,-117.488,2
34.103,-117.946,2
34.104,-118.322,2
25.789,-80.14,2
34.104,-118.232,2
34.104,-83.974,2
25.789,-80.143,2
34.105,-117.372,2
34.105,-83.943,2
34.106,-117.707,2
34.108,-117.358,2
34.109,-118.054,2
34.11,-118.104,2
25.789,-80.372,2
34.112,-118.259,2
34.112,-117.535,2
34.114,-117.872,2
25.788,-80.129,2
34.117,-118.599,2
34.117,-117.873,2
34.125,-117.764,2
25.788,-80.21,2
34.13,-84.097,2
34.134,-117.996,2
34.135,-118.38,2
34.135,-117.959,2
34.136,-118.026,2
25.788,-80.379,2
34.137,-118.147,2
34.137,-117.544,2
34.137,-116.306,2
34.139,-118.127,2
34.141,-118.132,2
34.142,-84.054,2
34.145,-118.151,2
34.145,-118.133,2
34.146,-118.254,2
25.786,-80.214,2
34.148,-118.385,2
34.148,-118.242,2
34.149,-118.467,2
34.15,-118.234,2
25.786,-80.278,2
25.786,-80.34,2
34.151,-118.255,2
34.151,-118.124,2
34.153,-118.074,2
34.155,-118.284,2
25.785,-80.248,2
34.156,-118.425,2
34.156,-118.413,2
34.156,-118.15,2
34.156,-117.293,2
34.158,-118.409,2
25.785,-80.288,2
34.159,-118.312,2
25.785,-80.33,2
34.161,-118.257,2
34.162,-118.512,2
34.162,-117.475,2
25.785,-80.357,2
25.784,-80.132,2
25.784,-80.324,2
34.166,-118.289,2
34.166,-118.28,2
34.166,-118.275,2
34.166,-118.258,2
34.167,-118.289,2
25.783,-80.191,2
34.17,-118.608,2
25.783,-80.222,2
34.17,-118.356,2
34.171,-118.467,2
34.174,-118.537,2
34.176,-118.281,2
34.177,-118.382,2
34.177,-117.331,2
34.177,-83.654,2
25.782,-80.207,2
34.18,-118.638,2
34.181,-117.3,2
25.782,-80.312,2
34.182,-118.136,2
25.781,-80.135,2
34.184,-118.311,2
25.781,-80.18,2
34.185,-118.613,2
34.185,-118.598,2
25.781,-80.194,2
34.186,-118.611,2
25.781,-80.198,2
34.186,-118.377,2
34.187,-118.428,2
25.78,-80.131,2
25.78,-80.139,2
34.188,-118.474,2
34.19,-118.344,2
34.19,-118.317,2
34.19,-84.191,2
34.191,-118.595,2
34.191,-118.532,2
34.191,-118.337,2
25.78,-80.228,2
34.193,-118.329,2
34.194,-118.491,2
34.194,-118.404,2
34.195,-118.397,2
25.78,-80.277,2
34.197,-118.507,2
34.197,-118.405,2
34.198,-118.447,2
34.199,-118.614,2
25.78,-80.284,2
34.2,-118.38,2
34.201,-118.601,2
25.78,-80.33,2
34.201,-118.401,2
34.203,-118.644,2
25.78,-80.343,2
34.203,-118.463,2
34.204,-119.133,2
34.205,-118.558,2
34.208,-118.847,2
34.208,-118.521,2
34.208,-118.376,2
25.779,-80.136,2
34.209,-118.536,2
34.209,-118.473,2
34.21,-83.465,2
25.779,-80.176,2
25.779,-80.207,2
34.212,-118.219,2
34.214,-118.407,2
40.823,-73.953,2
34.216,-118.601,2
25.779,-80.284,2
25.779,-80.298,2
34.216,-118.23,2
34.217,-118.387,2
25.779,-80.304,2
25.779,-80.406,2
34.22,-118.571,2
34.222,-118.415,2
34.222,-84.495,2
34.223,-118.352,2
34.223,-118.253,2
34.225,-118.507,2
34.227,-118.608,2
34.229,-118.373,2
25.778,-80.288,2
34.232,-118.462,2
25.778,-80.365,2
34.235,-118.519,2
34.236,-118.558,2
40.823,-73.95,2
34.236,-118.524,2
34.236,-118.523,2
25.778,-80.373,2
34.237,-118.463,2
25.778,-80.405,2
25.777,-80.138,2
34.238,-118.467,2
34.24,-118.45,2
34.241,-118.561,2
34.241,-118.529,2
34.242,-118.445,2
34.245,-118.467,2
34.245,-118.41,2
25.777,-80.305,2
25.777,-80.323,2
34.248,-118.286,2
34.249,-118.467,2
34.249,-118.435,2
34.25,-118.502,2
34.251,-118.468,2
34.252,-118.768,2
34.253,-118.537,2
34.253,-118.293,2
34.256,-118.616,2
34.257,-118.298,2
25.776,-80.337,2
34.258,-118.44,2
34.261,-118.528,2
34.264,-118.795,2
34.266,-118.305,2
40.825,-73.952,2
34.268,-118.748,2
25.775,-80.198,2
34.272,-118.791,2
25.775,-80.274,2
34.272,-118.469,2
25.775,-80.296,2
34.277,-86.201,2
34.279,-118.484,2
34.285,-118.742,2
34.288,-118.458,2
34.29,-118.682,2
25.774,-80.235,2
25.774,-80.273,2
34.294,-118.452,2
25.774,-80.29,2
34.296,-118.562,2
34.296,-118.502,2
34.296,-83.84,2
34.299,-118.889,2
34.3,-118.409,2
34.305,-118.443,2
25.774,-80.356,2
34.377,-118.524,2
34.393,-118.603,2
34.398,-118.898,2
34.399,-101.275,2
25.773,-80.203,2
34.403,-118.916,2
25.773,-80.224,2
34.41,-118.576,2
34.417,-118.501,2
34.42,-118.561,2
34.432,-119.804,2
25.773,-80.264,2
34.436,-119.829,2
34.446,-118.536,2
34.482,-77.966,2
34.51,-117.305,2
34.536,-117.311,2
34.539,-117.263,2
34.552,-77.384,2
34.553,-83.461,2
34.566,-118.096,2
34.576,-118.015,2
34.578,-118.04,2
34.579,-118.117,2
34.586,-113.165,2
25.772,-80.159,2
25.772,-80.186,2
34.661,-98.411,2
34.676,-118.131,2
34.685,-118.215,2
34.689,-118.115,2
34.703,-118.156,2
34.732,-86.634,2
34.74,-80.786,2
34.775,-86.53,2
34.857,-82.268,2
34.857,-82.261,2
34.927,-80.746,2
34.955,-90.062,2
34.973,-80.989,2
34.98,-90.038,2
34.997,-80.634,2
35.016,-85.165,2
35.021,-101.3,2
35.048,-90.003,2
35.058,-80.833,2
25.772,-80.338,2
25.772,-80.357,2
35.068,-80.862,2
-33.452,-70.654,2
35.078,-92.458,2
35.08,-106.619,2
35.081,-80.697,2
35.105,-106.603,2
35.111,-80.652,2
35.124,-106.507,2
35.128,-78.99,2
25.771,-80.217,2
35.149,-89.977,2
25.771,-80.233,2
35.156,-80.831,2
25.771,-80.268,2
25.771,-80.288,2
35.165,-101.924,2
35.166,-80.88,2
35.17,-80.876,2
35.17,-80.745,2
35.173,-80.85,2
35.176,-81.434,2
35.185,-101.882,2
25.771,-80.417,2
35.196,-80.741,2
35.2,-111.606,2
35.206,-89.795,2
35.213,-80.858,2
35.214,-101.873,2
25.77,-80.191,2
35.218,-80.843,2
35.221,-80.847,2
35.222,-80.847,2
25.77,-80.225,2
35.251,-80.8,2
35.253,-80.801,2
35.259,-81.138,2
35.269,-84.812,2
35.272,139.684,2
35.274,-80.795,2
35.274,-80.792,2
35.283,-77.572,2
35.291,-81.188,2
35.291,-80.676,2
35.301,-119.116,2
35.303,-112.843,2
25.77,-80.373,2
35.336,-80.812,2
35.341,-80.637,2
35.343,-81.42,2
40.829,-73.949,2
35.366,-80.833,2
35.367,-94.376,2
25.769,-80.196,2
35.446,-97.419,2
25.769,-80.226,2
35.464,-80.865,2
35.473,-80.611,2
35.5,-80.847,2
35.51,-95.734,2
35.512,-97.641,2
35.584,140.381,2
35.63,-82.279,2
35.632,-80.788,2
35.653,-87.064,2
35.654,-97.432,2
35.672,-105.954,2
35.696,-89.998,2
25.769,-80.349,2
35.766,-78.65,2
35.772,-78.675,2
25.769,-80.373,2
35.807,-83.99,2
35.808,-84.27,2
35.824,-86.467,2
35.92,14.365,2
35.972,-86.568,2
36.006,-78.918,2
36.021,-77.773,2
36.027,-87.172,2
36.033,-86.648,2
36.036,-79.856,2
36.042,-86.691,2
36.044,-115.185,2
25.768,-80.201,2
36.071,-87.36,2
36.077,-86.734,2
36.085,-86.606,2
36.096,-115.065,2
36.1,-115.119,2
36.109,-115.194,2
25.768,-80.215,2
36.12,-80.231,2
36.12,-79.95,2
36.122,-97.062,2
36.126,-115.256,2
36.129,-86.671,2
25.768,-80.26,2
25.768,-80.281,2
25.768,-80.304,2
36.166,-85.475,2
36.185,-95.807,2
36.2,-86.692,2
25.767,-80.192,2
25.767,-80.209,2
36.281,-95.864,2
36.309,-86.668,2
36.319,-86.606,2
36.325,-86.596,2
36.326,-119.339,2
36.333,-94.223,2
36.356,-86.529,2
36.359,-86.577,2
25.766,-80.186,2
25.766,-80.19,2
36.368,-86.549,2
25.766,-80.208,2
36.429,-77.62,2
36.473,-86.678,2
36.488,-86.837,2
36.519,-77.569,2
36.748,-121.606,2
36.813,-76.029,2
36.818,-119.765,2
36.838,-119.847,2
36.875,-119.777,2
36.892,14.431,2
36.917,-76.151,2
25.766,-80.272,2
37.031,-100.914,2
37.04,-86.309,2
37.055,-94.464,2
37.1,-121.016,2
37.122,-76.433,2
37.179,-93.273,2
37.19,-122.036,2
25.766,-80.377,2
37.27,-120.025,2
37.275,-121.878,2
25.765,-80.132,2
37.319,-121.911,2
37.321,-76.738,2
37.329,-121.879,2
37.331,-121.887,2
25.765,-80.133,2
37.338,-121.854,2
37.339,-121.892,2
37.344,-85.351,2
37.393,-122.054,2
37.397,-122.101,2
37.398,-121.938,2
37.424,-81.009,2
37.457,-122.255,2
25.765,-80.207,2
37.539,-121.96,2
25.765,-80.231,2
37.57,-122.325,2
37.608,-122.384,2
37.625,-122.073,2
37.628,-122.077,2
37.637,-122.055,2
37.668,-122.424,2
37.678,-120.945,2
37.678,-97.45,2
37.679,-122.085,2
25.765,-80.263,2
25.765,-80.281,2
37.691,-122.074,2
25.765,-80.285,2
37.697,-97.223,2
37.699,-121.944,2
37.702,-121.93,2
25.765,-80.288,2
25.764,-80.197,2
37.736,-122.453,2
25.764,-80.198,2
37.738,-121.428,2
25.764,-80.2,2
37.749,-122.165,2
37.756,-121.953,2
37.759,-122.467,2
25.764,-80.3,2
25.764,-80.309,2
37.763,-122.458,2
37.765,-122.203,2
37.766,-122.177,2
37.769,-122.188,2
37.779,-122.437,2
37.78,-121.225,2
37.788,-122.418,2
25.763,-80.193,2
37.803,-122.275,2
37.808,-122.268,2
37.81,-122.213,2
37.831,-122.285,2
37.843,-122.295,2
37.844,-122.237,2
25.763,-80.325,2
37.862,-122.018,2
37.864,-122.267,2
37.866,-122.305,2
37.866,-122.302,2
25.763,-80.361,2
25.763,-80.369,2
25.763,-80.372,2
37.871,-122.273,2
37.872,-122.271,2
37.872,-122.27,2
37.873,-122.267,2
25.762,-80.235,2
37.893,-122.163,2
37.895,-122.3,2
37.895,-122.061,2
25.762,-80.339,2
37.911,-121.316,2
25.761,-80.214,2
25.761,-80.233,2
37.934,-122.361,2
37.937,-121.268,2
25.761,-80.367,2
25.761,-80.369,2
37.941,-122.349,2
37.944,-122.329,2
-34.472,-58.613,2
37.953,-121.963,2
37.955,-122.044,2
37.964,-122.042,2
37.967,-121.799,2
25.76,-80.432,2
37.969,-122.272,2
25.759,-80.239,2
37.972,-122.044,2
25.759,-80.262,2
37.974,-122.541,2
25.759,-80.309,2
37.977,-122.031,2
37.985,-122.317,2
37.991,-121.808,2
25.758,-80.199,2
37.995,-121.688,2
25.758,-80.236,2
25.758,-80.302,2
38.0,-87.468,2
38.003,-121.802,2
25.758,-80.392,2
25.758,-80.419,2
38.01,-121.8,2
38.012,-121.83,2
25.757,-80.259,2
25.757,-80.275,2
25.757,-80.354,2
38.048,-84.452,2
38.063,-122.16,2
38.094,-122.273,2
25.757,-80.376,2
38.1,-122.257,2
38.112,-122.219,2
38.112,-122.203,2
38.114,-122.226,2
38.132,-122.236,2
38.139,-122.17,2
38.167,-85.631,2
25.756,-80.265,2
25.756,-80.294,2
38.19,-85.281,2
38.206,-77.592,2
38.218,-77.49,2
38.242,-85.529,2
38.243,-122.056,2
38.249,-122.633,2
38.257,-104.664,2
38.281,-122.292,2
38.288,-122.295,2
38.307,-77.476,2
38.349,-121.937,2
25.755,-80.364,2
38.397,-76.483,2
38.408,-122.736,2
25.755,-80.373,2
38.41,-121.469,2
38.415,-121.895,2
25.755,-80.378,2
25.755,-80.392,2
38.44,-90.368,2
38.459,-121.459,2
38.459,-121.326,2
38.474,-121.319,2
38.478,-121.322,2
25.753,-80.256,2
25.753,-80.271,2
25.753,-80.331,2
38.521,-121.972,2
25.753,-80.366,2
25.753,-80.386,2
38.541,-121.724,2
38.542,-121.777,2
25.752,-80.262,2
38.545,-121.756,2
25.751,-80.23,2
38.547,-121.711,2
38.554,-121.741,2
38.557,-121.333,2
38.557,-121.191,2
38.557,-77.316,2
25.751,-80.387,2
38.56,-121.49,2
38.56,-121.484,2
25.75,-80.21,2
38.563,-121.766,2
38.563,-121.462,2
25.75,-80.259,2
38.571,-90.272,2
38.572,-90.363,2
38.578,-121.501,2
25.749,-80.201,2
38.582,-121.539,2
38.585,-90.274,2
38.591,-121.286,2
38.593,-90.539,2
25.748,-80.216,2
38.596,-90.24,2
38.597,-121.435,2
25.748,-80.413,2
25.748,-80.437,2
25.747,-80.25,2
38.604,-121.544,2
38.605,-121.541,2
25.747,-80.254,2
25.747,-80.298,2
38.611,-90.451,2
38.612,-121.494,2
38.613,-89.903,2
25.746,-80.193,2
25.746,-80.224,2
38.625,-90.039,2
25.746,-80.368,2
38.63,-121.097,2
38.63,-90.367,2
25.745,-80.259,2
25.745,-80.38,2
38.635,-90.23,2
38.636,-90.448,2
38.636,-90.242,2
38.638,-121.328,2
38.64,-90.206,2
25.744,-80.428,2
25.744,-80.431,2
38.645,-77.264,2
38.646,-121.114,2
38.651,-90.334,2
38.653,-121.478,2
38.654,-90.354,2
25.743,-80.261,2
38.657,-121.542,2
38.657,-90.303,2
38.658,-120.97,2
38.665,-121.224,2
38.669,-121.348,2
25.742,-80.255,2
38.67,-90.319,2
38.675,-77.354,2
38.675,-77.244,2
25.741,-80.213,2
38.679,-121.225,2
-34.704,-58.397,2
38.699,-90.379,2
38.717,-121.338,2
38.721,-121.352,2
38.725,-90.455,2
38.725,-77.094,2
25.74,-80.213,2
38.73,-77.21,2
38.732,-76.925,2
25.74,-80.24,2
38.737,-90.355,2
25.74,-80.319,2
38.745,-121.308,2
25.74,-80.438,2
38.749,-121.284,2
25.739,-80.239,2
38.752,-121.286,2
38.753,-121.381,2
25.739,-80.343,2
40.84,-73.915,2
38.757,-76.971,2
25.739,-80.352,2
38.76,-77.016,2
40.84,-73.909,2
38.762,-90.526,2
38.762,-77.129,2
38.764,-90.285,2
38.768,-77.449,2
38.769,-90.262,2
38.772,-77.17,2
38.772,-77.086,2
38.775,-90.724,2
38.775,-77.105,2
38.779,-90.364,2
38.783,-76.958,2
38.785,-90.6,2
25.737,-80.241,2
25.737,-80.246,2
38.792,-94.923,2
25.737,-80.367,2
25.736,-80.238,2
25.736,-80.258,2
38.796,-89.996,2
25.736,-80.319,2
38.798,-90.312,2
38.798,-76.925,2
38.799,-90.616,2
25.735,-80.267,2
25.735,-80.287,2
38.81,-77.0,2
25.734,-80.238,2
25.734,-80.241,2
25.734,-80.259,2
25.734,-80.273,2
38.818,-76.997,2
38.821,-77.136,2
38.823,-77.134,2
38.824,-94.816,2
38.825,-77.305,2
38.832,-77.112,2
38.833,-77.123,2
38.835,-94.514,2
38.842,-94.779,2
38.851,-94.515,2
40.841,14.22,2
38.859,-77.103,2
38.862,-77.064,2
25.732,-80.261,2
38.864,-90.078,2
38.865,-94.841,2
38.868,-77.271,2
38.869,-94.715,2
38.87,-94.678,2
38.87,-77.222,2
25.732,-80.325,2
38.871,-76.817,2
38.874,-76.972,2
38.875,-77.139,2
38.876,-94.666,2
38.878,-94.823,2
38.881,-77.23,2
38.881,-77.109,2
40.843,-73.943,2
25.732,-80.376,2
38.885,-94.777,2
25.731,-80.26,2
38.894,-89.41,2
38.894,-77.037,2
40.843,-73.939,2
38.897,-77.105,2
25.731,-80.372,2
38.898,-76.915,2
38.899,-77.028,2
38.899,-77.022,2
38.899,-77.018,2
38.9,-76.998,2
38.9,-76.98,2
38.901,-76.795,2
38.904,-77.048,2
38.905,-77.205,2
38.905,-77.065,2
38.906,-77.027,2
38.909,-94.505,2
38.909,-77.03,2
25.73,-80.349,2
38.914,-94.648,2
38.915,-77.022,2
25.73,-80.43,2
38.917,-94.754,2
38.918,-92.297,2
38.921,-76.85,2
25.729,-80.307,2
38.922,-76.874,2
38.923,-95.252,2
38.925,-77.211,2
38.927,-77.218,2
38.927,-77.036,2
38.929,-77.01,2
38.932,-76.995,2
38.933,-94.79,2
25.729,-80.424,2
38.941,-94.675,2
38.942,-94.709,2
38.943,-76.924,2
25.728,-80.258,2
38.945,-77.069,2
25.728,-80.365,2
38.949,-77.025,2
25.727,-80.265,2
38.953,-76.825,2
38.954,-76.823,2
38.954,-76.815,2
25.727,-80.463,2
25.726,-80.24,2
38.956,-77.07,2
25.726,-80.309,2
38.957,-76.954,2
38.957,-76.919,2
25.726,-80.438,2
38.961,-76.964,2
38.961,-76.916,2
38.961,-76.502,2
25.724,-80.279,2
38.964,-77.45,2
38.967,-76.959,2
25.724,-80.425,2
38.968,-77.335,2
38.969,-77.452,2
38.969,-76.838,2
38.97,-76.509,2
25.723,-80.256,2
38.972,-76.873,2
38.974,-94.685,2
38.975,-84.632,2
25.723,-80.323,2
25.723,-80.369,2
38.98,-76.836,2
38.982,-76.843,2
38.982,-76.541,2
38.984,-76.979,2
25.721,-80.306,2
38.986,-76.984,2
38.988,-84.656,2
25.721,-80.36,2
38.992,-77.028,2
38.993,-77.026,2
38.995,-77.025,2
38.996,-77.502,2
38.996,-76.976,2
38.998,-84.622,2
38.998,-77.029,2
38.999,-77.376,2
25.719,-80.38,2
39.0,-84.645,2
25.719,-80.43,2
39.001,-84.646,2
39.002,-77.086,2
25.718,-80.437,2
39.01,-77.089,2
25.717,-80.331,2
39.013,-76.998,2
39.014,-76.98,2
39.015,-77.102,2
39.015,-77.055,2
39.015,-76.976,2
39.024,-94.574,2
39.024,-77.105,2
25.716,-80.413,2
39.025,-96.839,2
39.025,-94.245,2
39.025,-77.101,2
39.026,-94.56,2
39.03,-84.661,2
39.03,-76.687,2
25.715,-80.421,2
39.034,-9.417,2
39.035,-77.469,2
25.714,-80.285,2
39.036,-94.702,2
25.714,-80.401,2
39.038,-94.341,2
25.714,-80.416,2
25.712,-80.448,2
39.045,-77.171,2
39.045,-77.111,2
25.71,-80.281,2
39.047,-76.895,2
39.048,-84.569,2
39.049,-76.946,2
39.052,-77.106,2
39.052,-77.067,2
25.709,-80.3,2
25.709,-80.421,2
39.055,-77.106,2
39.055,-76.932,2
39.058,-77.125,2
25.708,-80.292,2
25.707,-80.283,2
25.707,-80.304,2
39.065,-77.039,2
39.065,-76.837,2
39.066,-94.352,2
39.067,-77.077,2
39.067,-76.975,2
25.707,-80.438,2
39.071,-94.519,2
39.071,-84.31,2
39.072,-84.236,2
39.075,-76.945,2
39.076,-77.117,2
25.706,-80.406,2
25.706,-80.445,2
39.079,-77.002,2
25.705,-80.326,2
39.08,-76.704,2
25.705,-80.365,2
39.082,-84.143,2
39.083,-77.205,2
39.084,-94.401,2
25.704,-80.365,2
25.703,-80.287,2
39.086,-94.381,2
39.088,-84.594,2
39.089,-77.038,2
25.701,-80.291,2
25.701,-80.295,2
39.091,-77.049,2
39.092,-77.175,2
25.701,-80.387,2
39.093,-77.192,2
25.7,-80.361,2
39.096,-94.628,2
25.7,-80.439,2
39.096,-77.197,2
39.096,-77.077,2
25.7,-80.448,2
39.097,-76.86,2
39.097,-76.814,2
25.699,-80.169,2
39.099,-94.492,2
39.099,-77.128,2
39.099,-76.825,2
25.698,-80.158,2
39.104,-77.521,2
-34.795,-58.424,2
25.698,-80.44,2
40.854,-73.861,2
25.697,-80.164,2
25.697,-80.446,2
25.696,-80.399,2
39.114,-77.058,2
39.114,-76.901,2
25.695,-80.308,2
25.695,-80.387,2
39.118,-77.201,2
39.119,-77.21,2
39.119,-77.175,2
25.694,-80.301,2
25.694,-80.312,2
25.694,-80.439,2
25.693,-80.309,2
39.126,-77.072,2
39.127,-77.346,2
39.129,-77.2,2
25.692,-80.37,2
39.136,-77.729,2
39.138,-84.503,2
39.141,-84.521,2
39.142,-94.711,2
39.142,-77.19,2
39.142,-76.813,2
25.691,-80.437,2
25.69,-80.3,2
39.144,-76.66,2
39.144,-76.641,2
39.145,-76.81,2
39.151,-75.525,2
25.688,-80.37,2
39.154,-121.63,2
39.154,-77.165,2
25.687,-80.265,2
39.156,-77.171,2
25.687,-80.389,2
39.157,-77.483,2
39.158,-77.275,2
25.687,-80.403,2
25.687,-80.425,2
39.16,-77.205,2
25.687,-100.329,2
39.161,-77.279,2
39.162,-77.166,2
25.686,-80.313,2
39.166,-94.565,2
39.166,-77.168,2
39.166,-76.595,2
39.167,-77.158,2
39.168,-94.576,2
39.168,-76.513,2
39.169,-94.556,2
25.686,-80.424,2
39.17,-84.271,2
40.855,-73.973,2
25.685,-80.157,2
25.685,-80.353,2
39.171,-76.678,2
39.172,-77.205,2
39.173,-77.297,2
39.175,-77.236,2
25.684,-80.316,2
25.684,-80.317,2
39.176,-77.149,2
39.176,-76.837,2
25.684,-80.338,2
25.684,-80.463,2
39.181,-77.192,2
39.181,-76.723,2
25.683,-80.464,2
39.185,-77.192,2
40.856,-73.931,2
25.682,-80.398,2
25.681,-80.306,2
25.681,-80.416,2
25.681,-80.433,2
25.681,-80.455,2
39.191,-77.248,2
39.193,-96.605,2
25.68,-80.316,2
39.194,-77.191,2
25.68,-80.397,2
39.196,-94.506,2
39.196,-77.245,2
39.2,-76.813,2
25.678,-80.433,2
39.202,-77.26,2
39.209,-77.247,2
39.212,-76.882,2
39.224,-94.579,2
39.224,-84.461,2
25.676,-80.435,2
25.676,-80.465,2
39.231,-76.621,2
25.675,-80.419,2
39.235,-76.644,2
39.237,-106.088,2
39.238,-76.7,2
39.242,-94.454,2
39.243,-77.254,2
39.244,-77.186,2
39.244,-76.657,2
39.245,-77.256,2
39.251,-106.285,2
39.251,-94.707,2
39.252,-76.712,2
39.256,-94.671,2
39.26,-84.59,2
39.263,-84.43,2
39.265,-119.586,2
39.268,-77.217,2
39.268,-76.796,2
39.269,-76.59,2
39.271,-94.481,2
39.272,-76.601,2
39.272,-76.529,2
39.276,-76.616,2
25.672,-80.435,2
39.278,-77.211,2
39.279,-84.366,2
39.281,-94.417,2
39.281,-77.015,2
39.287,-76.615,2
25.67,-80.443,2
39.29,-76.595,2
25.669,-80.434,2
39.304,-84.318,2
25.669,-80.45,2
39.305,-84.316,2
39.31,-76.464,2
39.318,-76.777,2
39.32,-76.696,2
25.667,-80.351,2
39.325,-76.743,2
39.326,-76.732,2
39.327,-77.349,2
39.328,-84.382,2
39.33,-84.327,2
39.33,-76.765,2
39.331,-77.353,2
25.666,-80.4,2
39.334,-77.826,2
25.666,-80.429,2
39.337,-76.484,2
39.337,-76.446,2
39.346,-84.394,2
39.35,-76.508,2
39.351,-77.258,2
39.351,-76.583,2
39.352,-84.331,2
39.354,-76.758,2
39.355,-84.368,2
39.361,-76.782,2
39.363,-84.499,2
39.369,-84.376,2
39.376,-76.555,2
39.386,-84.293,2
39.386,-77.449,2
39.393,-77.406,2
39.402,-76.757,2
39.407,-77.438,2
39.42,-76.317,2
39.422,-77.491,2
39.423,-77.448,2
25.66,-80.436,2
39.424,-104.88,2
25.659,-80.29,2
39.426,-77.404,2
39.431,-77.518,2
39.45,-75.716,2
39.465,-76.628,2
39.466,-0.35,2
39.48,-76.134,2
25.658,-80.327,2
39.486,-77.341,2
25.658,-80.406,2
39.49,-88.401,2
39.493,-76.301,2
39.495,-75.065,2
39.498,-76.656,2
39.502,-84.371,2
39.52,-104.863,2
25.656,-80.381,2
39.525,-76.181,2
39.533,-105.029,2
25.656,-80.397,2
39.541,-104.774,2
39.543,-84.062,2
-34.906,-56.194,2
39.549,-75.147,2
39.565,-104.942,2
39.585,-104.965,2
25.654,-80.386,2
39.59,-104.861,2
25.653,-80.325,2
39.6,-77.817,2
25.649,-80.393,2
39.61,-104.988,2
39.616,-105.062,2
40.864,-73.919,2
39.625,-106.425,2
39.63,-104.769,2
39.637,-104.906,2
39.64,-104.79,2
25.646,-80.428,2
25.645,-80.41,2
39.645,-104.881,2
39.648,-104.814,2
39.651,-86.121,2
39.652,-104.781,2
39.654,-104.977,2
39.655,-105.086,2
39.655,-104.995,2
25.643,-80.336,2
25.643,-80.372,2
25.641,-80.38,2
39.666,-75.604,2
39.668,-105.031,2
39.668,-105.011,2
39.668,-104.889,2
40.866,-74.172,2
25.638,-80.293,2
25.638,-80.336,2
25.637,-80.301,2
39.671,-104.809,2
25.637,-80.446,2
39.675,-75.563,2
25.635,-80.324,2
39.677,-104.897,2
39.679,-75.691,2
25.631,-80.414,2
25.63,-80.339,2
25.63,-90.2,2
39.682,-104.943,2
39.682,-104.84,2
25.628,-80.357,2
39.686,-105.026,2
39.689,-104.937,2
25.627,-80.37,2
39.689,-104.885,2
39.689,-104.882,2
25.627,-80.373,2
39.691,-105.082,2
39.692,-104.939,2
39.695,-104.937,2
39.695,-104.811,2
39.696,-104.985,2
39.697,-104.89,2
39.699,-104.904,2
39.702,-104.832,2
39.705,-105.078,2
39.706,-104.807,2
39.707,-105.083,2
25.62,-80.441,2
39.708,-104.823,2
25.618,-80.423,2
25.617,-80.422,2
39.71,-105.041,2
39.712,-104.913,2
25.614,-80.342,2
39.713,-75.705,2
39.714,-105.096,2
39.714,-86.11,2
39.716,-105.141,2
39.717,-105.038,2
39.717,-104.996,2
25.612,-80.415,2
39.718,-104.996,2
25.611,-80.311,2
39.718,-75.646,2
39.719,-104.846,2
39.72,-104.996,2
39.72,-104.868,2
39.72,-104.814,2
39.72,-86.31,2
39.721,-104.82,2
39.722,-104.889,2
39.722,-104.883,2
39.722,-104.713,2
39.723,-104.827,2
39.723,-104.82,2
25.609,-80.326,2
39.729,-104.866,2
39.73,-105.081,2
25.607,-80.387,2
39.732,-104.989,2
39.732,-104.941,2
39.734,-104.866,2
25.604,-80.347,2
25.604,-80.366,2
25.604,-80.424,2
25.601,-80.414,2
25.6,-80.361,2
39.74,-104.817,2
39.741,-105.223,2
25.6,-80.414,2
39.742,-104.85,2
39.743,-104.843,2
25.597,-80.387,2
39.745,-105.002,2
39.747,-104.998,2
25.596,-80.377,2
39.75,-105.221,2
39.751,-104.997,2
39.754,-105.02,2
39.755,-105.048,2
25.59,-80.387,2
39.757,-105.064,2
39.76,-105.025,2
25.586,-80.378,2
39.761,-74.258,2
39.768,-104.891,2
39.769,-105.02,2
39.769,-104.975,2
39.77,-75.095,2
39.771,-104.998,2
39.772,-105.111,2
40.869,-73.923,2
40.869,-73.837,2
25.582,-80.378,2
39.774,-104.74,2
40.87,-73.89,2
39.777,-104.754,2
25.581,-80.482,2
39.783,-105.1,2
39.784,-105.037,2
25.577,-80.337,2
39.789,-89.703,2
25.576,-80.375,2
39.795,-75.198,2
25.576,-80.47,2
25.575,-80.343,2
39.8,-104.879,2
39.803,-105.087,2
39.803,-104.772,2
39.804,-104.885,2
39.808,-75.134,2
25.574,-80.396,2
39.81,-78.959,2
25.573,-80.399,2
39.815,-104.768,2
39.816,-86.287,2
25.572,-80.324,2
39.818,-104.773,2
39.819,-75.459,2
39.828,-104.751,2
39.83,-105.013,2
25.569,-80.356,2
25.569,-80.372,2
39.841,-104.96,2
25.568,-80.331,2
39.849,-104.993,2
25.567,-80.352,2
25.567,-80.372,2
39.851,-104.946,2
25.565,-80.4,2
39.872,-75.125,2
39.88,-104.986,2
39.88,-75.342,2
25.562,-80.518,2
25.561,-80.343,2
39.896,-105.094,2
39.899,-75.229,2
39.9,-105.085,2
39.901,-105.085,2
25.555,-80.337,2
39.905,-84.249,2
25.555,-80.36,2
39.913,-74.986,2
25.553,-80.406,2
39.918,-105.103,2
39.918,-75.162,2
39.92,-83.134,2
39.921,-75.26,2
25.551,-80.379,2
39.925,-75.172,2
39.928,-75.003,2
39.93,-75.273,2
25.547,-80.365,2
39.938,-75.167,2
39.938,-75.154,2
39.942,-75.155,2
25.545,-80.378,2
39.945,-75.213,2
25.542,-80.364,2
39.953,-83.004,2
25.541,-80.401,2
39.955,-75.171,2
25.54,-80.397,2
39.958,-108.261,2
25.535,-80.399,2
25.534,-80.395,2
39.962,-75.167,2
39.962,-75.147,2
39.963,-104.994,2
39.964,-75.169,2
39.967,-104.835,2
39.968,-104.835,2
39.968,-75.436,2
25.533,-80.381,2
39.969,-83.001,2
39.969,-75.146,2
39.97,-75.138,2
25.531,-80.39,2
25.531,-80.519,2
40.872,-73.892,2
25.529,-80.406,2
39.981,-75.153,2
40.873,-74.525,2
39.985,-75.813,2
39.988,-104.981,2
39.991,-105.072,2
39.993,-105.014,2
39.997,-104.798,2
39.997,-75.396,2
40.0,-105.261,2
40.0,-75.125,2
40.003,-104.748,2
40.003,-83.14,2
25.52,-80.433,2
25.519,-80.387,2
40.006,-105.063,2
25.519,-80.394,2
40.016,-74.953,2
40.024,-105.41,2
25.514,-80.42,2
40.025,-75.182,2
40.031,-75.187,2
25.51,-80.418,2
40.039,-75.372,2
25.507,-80.42,2
40.047,-75.445,2
40.047,-74.205,2
40.056,-75.052,2
25.504,-80.412,2
25.504,-80.442,2
40.074,-75.689,2
40.079,-104.813,2
25.503,-80.428,2
40.085,-74.83,2
40.093,-104.807,2
40.098,-75.009,2
40.098,-74.96,2
40.106,-83.089,2
40.108,-83.096,2
25.499,-80.446,2
40.113,-88.22,2
40.117,-75.359,2
40.123,-74.916,2
40.132,-83.183,2
40.135,-74.856,2
40.138,-74.827,2
25.497,-80.411,2
40.156,-105.135,2
40.156,-105.068,2
40.159,-104.946,2
40.171,-105.178,2
40.183,-89.32,2
40.192,-75.089,2
40.223,-76.779,2
25.487,-80.418,2
40.237,-76.842,2
40.254,-76.827,2
40.258,-76.87,2
40.269,-74.523,2
40.277,-74.084,2
40.304,-75.112,2
25.487,-80.447,2
25.487,-80.473,2
40.332,-104.831,2
40.349,-3.694,2
40.365,-74.168,2
40.37,-111.827,2
40.39,-74.761,2
25.486,-80.436,2
40.397,-3.695,2
25.483,-80.45,2
40.409,-75.967,2
40.413,-104.916,2
40.415,-79.924,2
40.422,-86.906,2
25.481,-80.468,2
40.432,-79.981,2
40.437,-74.555,2
40.444,-74.3,2
40.45,-81.506,2
40.874,-74.141,2
40.464,-122.297,2
40.481,-111.921,2
40.481,-74.455,2
40.496,-88.996,2
40.507,-74.414,2
40.515,-75.618,2
40.517,-105.008,2
25.478,-80.417,2
25.478,-80.453,2
40.535,-74.379,2
25.476,-80.426,2
40.543,-74.588,2
25.475,-80.412,2
40.561,-83.741,2
40.566,-74.436,2
40.573,-75.47,2
25.472,-80.434,2
40.58,-74.114,2
40.581,-73.959,2
40.587,-73.815,2
40.875,-73.913,2
40.59,-73.953,2
40.591,-73.982,2
40.593,-75.335,2
25.47,-80.426,2
40.876,-74.056,2
25.47,-80.457,2
40.6,-73.998,2
40.601,-75.477,2
40.601,-73.994,2
40.602,-75.519,2
40.603,-73.942,2
40.606,-75.469,2
40.606,-73.962,2
40.607,-75.48,2
40.609,-75.487,2
40.609,-73.991,2
40.61,-73.957,2
40.613,-75.559,2
25.46,-80.469,2
40.615,-74.434,2
40.617,-73.944,2
40.618,-74.148,2
40.619,-74.253,2
40.622,-74.023,2
40.623,-74.008,2
25.45,-80.438,2
40.626,-74.031,2
40.628,-74.024,2
40.63,-75.378,2
25.446,-80.501,2
25.443,-80.484,2
40.634,-73.945,2
40.635,-74.021,2
40.636,-73.987,2
40.636,-73.623,2
40.637,-73.97,2
40.639,-74.091,2
40.639,-74.078,2
40.64,-74.029,2
40.64,-74.008,2
40.641,-74.015,2
40.644,-74.072,2
40.644,-74.011,2
24.708,-81.113,2
40.645,-74.015,2
40.645,-74.007,2
24.688,-81.21,2
40.646,-74.287,2
40.646,-74.02,2
40.646,-74.019,2
40.647,-74.007,2
40.65,-74.231,2
40.65,-74.01,2
40.65,-73.969,2
40.652,-74.002,2
40.653,-74.023,2
40.653,-73.676,2
40.654,-73.93,2
40.654,-73.915,2
40.656,-74.2,2
40.656,-74.014,2
40.656,-73.908,2
40.657,-73.75,2
40.658,-73.69,2
40.66,-73.704,2
40.662,-74.234,2
21.155,-101.684,2
40.665,-73.881,2
40.666,-73.949,2
20.724,-103.42,2
40.668,-73.825,2
40.669,-73.925,2
40.67,-74.092,2
40.671,-75.402,2
40.878,-73.866,2
19.523,74.474,2
40.672,-73.781,2
40.673,-73.986,2
40.673,-73.608,2
40.674,-74.229,2
40.677,-73.825,2
40.679,-74.104,2
40.68,-74.343,2
40.68,-74.33,2
18.733,-68.48,2
40.685,-74.322,2
18.464,-66.114,2
40.688,-74.325,2
40.689,-73.98,2
40.689,-73.969,2
40.689,-73.753,2
40.692,-73.933,2
40.692,-73.83,2
40.693,-73.853,2
40.693,-73.827,2
40.694,-73.958,2
40.694,-73.828,2
40.695,-73.987,2
40.696,-73.945,2
40.696,-73.928,2
40.696,-73.83,2
40.696,-73.79,2
40.697,-73.854,2
40.698,-73.995,2
15.496,-88.037,2
40.7,-74.08,2
40.7,-73.994,2
40.7,-73.909,2
40.7,-73.816,2
40.702,-73.985,2
40.702,-73.911,2
40.703,-73.813,2
40.704,-73.987,2
13.715,-89.212,2
40.706,-74.006,2
40.707,-74.011,2
40.707,-73.908,2
40.708,-73.965,2
40.708,-73.94,2
40.708,-73.742,2
40.709,-74.018,2
40.709,-73.617,2
40.71,-73.849,2
13.35,-87.896,2
40.711,-73.655,2
40.712,-74.013,2
40.712,-74.012,2
40.712,-73.95,2
40.713,-74.056,2
11.388,-69.701,2
11.015,-74.812,2
40.714,-73.935,2
40.715,-74.385,2
40.715,-74.015,2
40.715,-73.976,2
40.716,-73.994,2
40.716,-73.987,2
40.716,-73.598,2
40.718,-74.012,2
40.718,-74.0,2
40.719,-74.054,2
40.719,-73.993,2
40.722,-84.128,2
40.722,-74.037,2
40.722,-73.992,2
10.752,106.707,2
40.723,-73.909,2
10.681,-61.635,2
10.605,-71.686,2
40.725,-74.004,2
40.725,-73.993,2
40.725,-73.879,2
40.725,-73.852,2
40.725,-73.543,2
40.726,-73.945,2
40.726,-73.813,2
40.727,-74.156,2
40.728,-73.984,2
40.728,-73.882,2
10.405,-75.509,2
40.729,-74.163,2
40.729,-73.992,2
40.729,-73.855,2
40.73,-73.984,2
40.73,-73.859,2
40.731,-73.984,2
40.731,-73.982,2
40.731,-73.883,2
40.731,-73.86,2
40.732,-74.061,2
40.732,-73.953,2
40.733,-73.993,2
10.393,-75.46,2
40.733,-73.976,2
40.734,-74.06,2
40.734,-74.005,2
40.735,-73.979,2
10.391,-75.503,2
40.736,-74.006,2
40.736,-73.849,2
40.737,-74.331,2
40.737,-74.216,2
40.737,-73.995,2
40.737,-73.882,2
40.737,-73.82,2
10.384,-75.485,2
10.382,-75.481,2
40.738,-73.809,2
40.739,-73.989,2
40.739,-73.919,2
40.74,-73.962,2
40.74,-73.958,2
40.741,-73.989,2
40.741,-73.959,2
40.741,-73.921,2
40.742,-73.874,2
40.743,-73.903,2
10.255,-61.481,2
40.744,-73.975,2
29.624,-95.511,2
29.625,-95.675,2
29.626,-95.598,2
29.627,-95.509,2
29.628,-95.417,2
29.628,-95.056,2
29.629,-95.579,2
29.63,-95.634,2
29.63,-95.457,2
40.745,-73.989,2
29.622,-95.273,2
29.622,-95.291,2
29.622,-95.457,2
29.631,-95.22,2
29.632,-95.498,2
29.621,-95.222,2
29.621,-95.562,2
29.62,-95.471,2
29.62,-95.519,2
29.634,-95.476,2
29.634,-95.11,2
29.634,-82.337,2
29.635,-95.271,2
29.636,-95.668,2
29.619,-98.474,2
29.636,-95.48,2
29.637,-95.631,2
40.745,-73.984,2
29.617,-95.172,2
29.637,-95.463,2
29.638,-95.71,2
29.617,-95.427,2
29.639,-95.519,2
29.613,-95.47,2
29.612,-95.013,2
29.64,-95.21,2
29.64,-95.175,2
29.641,-95.669,2
29.641,-95.653,2
29.641,-95.572,2
29.612,-95.465,2
29.641,-95.335,2
29.612,-95.509,2
29.642,-95.759,2
29.61,-95.256,2
29.642,-95.377,2
29.643,-95.242,2
29.643,-95.065,2
29.644,-95.833,2
29.644,-95.653,2
29.609,-95.648,2
29.609,-98.297,2
29.608,-95.119,2
29.645,-95.649,2
29.645,-95.577,2
29.646,-95.619,2
29.647,-95.654,2
29.607,-98.526,2
29.605,-95.008,2
29.649,-95.479,2
29.649,-95.252,2
29.649,-95.158,2
29.603,-95.243,2
29.602,-95.41,2
29.602,-95.475,2
29.602,-95.658,2
29.654,-95.375,2
29.654,-95.301,2
29.654,-95.227,2
29.657,-95.537,2
29.657,-95.5,2
29.599,-94.999,2
29.599,-95.437,2
29.659,-95.466,2
29.66,-95.592,2
29.598,-95.418,2
29.66,-95.385,2
29.661,-95.527,2
29.597,-95.386,2
29.595,-95.178,2
29.663,-95.537,2
29.663,-95.236,2
29.594,-95.551,2
29.593,-95.623,2
29.665,-95.26,2
29.665,-95.232,2
29.665,-95.197,2
29.665,-95.195,2
29.666,-95.729,2
29.666,-95.714,2
29.666,-95.199,2
29.592,-95.478,2
29.667,-95.73,2
29.592,-95.615,2
29.667,-95.449,2
29.591,-95.6,2
29.668,-95.745,2
29.668,-95.434,2
29.669,-95.586,2
29.669,-95.558,2
29.669,-95.527,2
29.669,-95.278,2
29.589,-95.517,2
29.67,-95.555,2
29.586,-95.197,2
29.672,-95.681,2
29.672,-95.589,2
29.673,-95.911,2
29.673,-95.586,2
40.745,-73.91,2
29.673,-95.494,2
29.673,-95.255,2
29.673,-95.21,2
29.585,-95.775,2
29.674,-95.631,2
29.583,-95.512,2
29.675,-95.496,2
29.583,-95.557,2
29.583,-98.624,2
29.675,-95.123,2
40.745,-73.907,2
29.582,-95.227,2
29.676,-95.415,2
29.582,-96.331,2
29.581,-95.253,2
29.676,-95.097,2
29.676,-95.086,2
29.677,-95.732,2
29.581,-95.585,2
29.677,-95.595,2
29.581,-98.627,2
29.677,-95.285,2
29.678,-95.744,2
29.578,-95.442,2
29.678,-95.142,2
29.679,-95.659,2
29.679,-95.61,2
29.679,-95.579,2
29.576,-95.524,2
29.575,-95.263,2
29.573,-95.425,2
29.573,-98.431,2
29.571,-95.314,2
29.68,-95.424,2
29.681,-95.659,2
29.681,-95.614,2
29.681,-95.61,2
29.569,-95.688,2
29.682,-95.838,2
29.682,-95.684,2
29.682,-95.633,2
29.682,-95.558,2
29.682,-95.554,2
29.682,-95.515,2
29.682,-95.372,2
29.683,-95.564,2
29.565,-95.268,2
29.683,-95.454,2
29.683,-95.439,2
29.683,-95.424,2
29.565,-95.512,2
29.562,-95.137,2
29.685,-95.684,2
48.856,2.349,2
42.147,-87.847,2
42.034,-87.841,2
42.371,-71.112,2
42.148,-87.948,2
42.346,-79.562,2
42.148,-71.49,2
42.346,-71.566,2
42.703,-114.525,2
41.286,-96.066,2
48.766,-122.507,2
41.932,-88.079,2
42.034,-91.577,2
41.335,-72.901,2
42.426,-83.406,2
41.541,-88.097,2
42.968,-85.65,2
42.969,-85.687,2
41.895,-87.651,2
48.148,-103.654,2
40.917,-74.076,2
48.051,-122.179,2
41.93,-87.795,2
43.127,-77.666,2
40.896,-73.787,2
42.162,-77.115,2
42.162,-71.507,2
42.163,-88.302,2
48.04,-122.147,2
47.939,-118.93,2
41.95,-87.751,2
44.055,-92.533,2
40.959,-73.886,2
41.929,-87.688,2
42.657,-83.468,2
47.838,-122.179,2
42.655,-71.328,2
47.824,-122.32,2
47.762,-122.205,2
43.697,-79.606,2
42.172,-83.682,2
41.9,-87.728,2
43.741,-79.311,2
42.646,-71.325,2
42.972,-85.735,2
42.174,-88.423,2
42.424,-82.909,2
42.639,-71.307,2
47.759,-122.3,2
41.412,-87.368,2
42.972,-85.668,2
41.549,-73.02,2
47.719,-122.295,2
41.928,-87.753,2
42.18,-71.107,2
42.03,-87.747,2
42.63,-83.276,2
42.181,-71.073,2
41.85,-87.678,2
42.183,-87.934,2
42.184,-83.337,2
41.927,-87.757,2
41.927,-87.811,2
41.036,-85.099,2
42.188,-70.94,2
42.619,-70.652,2
42.03,-87.771,2
43.139,-75.224,2
42.39,-83.159,2
41.951,-87.698,2
41.676,-94.503,2
42.198,-70.92,2
47.693,-122.704,2
41.675,-72.661,2
42.606,-83.083,2
43.698,-79.437,2
42.418,-83.428,2
47.686,-120.203,2
41.7,-86.234,2
47.683,-122.111,2
41.926,-88.731,2
42.029,-88.291,2
41.851,-87.776,2
43.15,-85.542,2
47.669,-122.124,2
42.349,-71.551,2
42.21,-71.686,2
42.211,-71.149,2
41.925,-84.998,2
42.028,-71.234,2
47.648,-122.337,2
42.599,-71.35,2
41.888,-87.656,2
41.56,-88.134,2
47.638,-122.356,2
41.888,-87.636,2
41.852,-87.674,2
42.598,-83.117,2
42.221,-73.866,2
42.598,-83.304,2
42.224,-83.446,2
43.157,-77.616,2
41.852,-71.423,2
42.35,-71.081,2
42.59,-71.242,2
41.699,-71.164,2
42.588,-70.821,2
41.853,-72.644,2
42.588,-83.179,2
42.585,-83.246,2
42.351,-88.063,2
42.585,-85.894,2
42.028,-87.828,2
41.972,-88.105,2
42.58,-83.282,2
47.626,-122.284,2
41.952,-87.715,2
41.923,-71.098,2
42.415,-71.317,2
42.027,-87.711,2
41.407,-72.845,2
43.582,-79.614,2
42.351,-83.172,2
42.242,-83.734,2
42.351,-83.069,2
42.027,-88.038,2
42.244,-71.074,2
42.245,-84.754,2
42.573,-71.469,2
47.605,-122.331,2
41.953,-88.002,2
42.975,-85.689,2
42.57,-83.086,2
42.414,-83.048,2
47.596,-122.324,2
47.596,-122.334,2
42.249,-84.409,2
42.249,-83.665,2
41.922,-88.143,2
43.939,-79.427,2
41.764,-88.258,2
41.564,-87.061,2
41.781,-87.786,2
42.553,-83.393,2
41.953,-87.779,2
41.102,-74.026,2
42.252,-83.177,2
42.552,-71.266,2
42.253,-83.267,2
42.976,-87.99,2
42.976,-85.745,2
43.879,11.098,2
42.351,-71.043,2
43.165,-85.214,2
41.997,-87.707,2
42.976,-85.68,2
40.986,-73.826,2
40.937,-73.99,2
41.041,-73.559,2
41.92,-87.848,2
42.364,-72.538,2
42.26,-71.409,2
41.954,-87.774,2
42.373,-71.076,2
41.863,-87.617,2
42.265,-83.193,2
41.864,-87.947,2
41.779,-88.349,2
42.413,-82.969,2
42.268,-83.179,2
42.269,-83.778,2
42.977,-85.561,2
42.375,-71.249,2
41.136,-83.66,2
43.848,-88.567,2
47.489,-122.169,2
42.545,-83.144,2
42.542,-83.213,2
43.706,-79.42,2
42.273,-71.067,2
42.274,-83.736,2
43.76,-72.179,2
41.997,-88.211,2
47.488,-122.151,2
43.181,-85.253,2
42.541,-83.389,2
42.411,-83.039,2
41.954,-87.675,2
41.405,-74.189,2
41.741,-88.243,2
41.739,-87.97,2
41.996,-87.92,2
40.913,-73.85,2
42.538,-83.134,2
42.538,-83.376,2
41.867,-88.382,2
41.903,-87.676,2
42.364,-87.867,2
42.277,-71.097,2
41.697,-88.07,2
42.979,-87.94,2
42.355,-83.229,2
42.404,-70.996,2
42.278,-71.029,2
42.979,-85.682,2
43.226,-85.548,2
41.867,-87.623,2
41.868,-88.096,2
47.378,-122.167,2
47.374,-122.195,2
42.379,-83.537,2
42.282,-83.736,2
42.282,-71.158,2
42.282,-71.059,2
42.356,-87.859,2
47.349,-122.231,2
42.284,-71.133,2
42.528,-83.495,2
42.285,-83.234,2
41.982,-87.805,2
42.356,-83.281,2
42.527,-71.759,2
42.527,-96.425,2
42.359,-71.055,2
41.955,-87.759,2
41.918,-87.901,2
41.136,-74.033,2
43.808,-79.632,2
41.119,-73.412,2
41.3,-105.592,2
42.982,-85.075,2
42.38,-71.097,2
42.983,-85.7,2
41.872,-87.842,2
41.918,-87.954,2
42.984,-85.685,2
47.287,-122.382,2
41.305,-72.928,2
41.917,-87.628,2
41.691,-91.601,2
47.2,-122.333,2
41.69,-88.125,2
41.916,-87.712,2
41.873,-87.845,2
42.019,-88.24,2
41.873,-87.651,2
42.018,-87.695,2
42.389,-71.028,2
41.69,-88.175,2
41.984,-88.691,2
42.299,-71.264,2
41.983,-88.131,2
42.4,-71.035,2
41.893,-87.628,2
41.956,-87.775,2
42.993,-85.644,2
46.399,-105.823,2
40.911,-73.84,2
41.116,-74.021,2
43.799,-79.556,2
43.792,-79.531,2
46.278,-119.272,2
46.267,11.088,2
43.65,-79.373,2
42.304,-83.384,2
42.491,-83.13,2
42.995,-85.739,2
42.999,-85.688,2
42.305,-71.378,2
42.016,-87.669,2
41.968,-87.654,2
41.595,-93.705,2
42.49,-87.948,2
42.489,-122.697,2
41.595,-87.847,2
42.307,-71.153,2
41.956,-87.708,2
42.309,-83.194,2
40.997,-73.677,2
42.31,-83.133,2
42.31,-71.051,2
42.999,-85.58,2
41.991,-87.702,2
41.595,-87.537,2
42.312,-83.137,2
42.312,-83.124,2
41.975,-87.788,2
41.774,-88.331,2
42.312,-83.096,2
42.312,-71.263,2
42.313,-83.399,2
42.485,-83.502,2
42.015,-88.168,2
42.483,-83.549,2
41.758,-88.232,2
41.99,-87.69,2
42.315,-71.081,2
42.482,-71.021,2
41.387,-88.151,2
42.316,-83.171,2
42.48,-83.457,2
42.316,-71.336,2
41.879,-87.668,2
42.317,-71.795,2
43.567,-79.622,2
43.016,-83.798,2
41.913,-87.623,2
42.012,-87.741,2
41.968,-87.819,2
41.165,-73.418,2
42.012,-87.746,2
45.54,-73.62,2
42.397,-71.216,2
43.023,-85.634,2
42.476,-83.349,2
45.526,-122.862,2
42.011,-87.694,2
43.383,-88.308,2
41.973,-71.464,2
42.322,-87.852,2
45.505,12.34,2
41.99,-87.781,2
45.503,-73.57,2
41.88,-88.018,2
42.397,-71.177,2
41.119,-73.371,2
41.333,-72.066,2
42.471,-83.34,2
43.032,-88.133,2
42.324,-88.175,2
41.05,-74.172,2
43.777,-79.61,2
42.324,-83.237,2
41.911,-87.626,2
45.449,-73.606,2
42.47,-83.341,2
42.01,-87.702,2
45.428,-122.869,2
42.47,-83.417,2
41.911,-87.656,2
45.42,-75.693,2
41.88,-87.626,2
43.033,-76.117,2
41.881,-87.861,2
41.157,-73.373,2
42.465,-82.952,2
43.034,-85.666,2
41.741,-72.628,2
43.037,-88.167,2
41.728,-87.653,2
41.96,-87.914,2
43.05,-87.901,2
45.078,-93.357,2
40.934,-74.301,2
42.461,-83.474,2
42.46,-2.45,2
41.989,-87.692,2
41.882,-87.776,2
45.061,-93.246,2
42.33,-83.165,2
45.061,-93.533,2
41.882,-87.729,2
43.06,-88.036,2
42.331,-83.218,2
42.331,-71.192,2
41.747,-72.715,2
42.009,-88.159,2
44.97,-93.207,2
42.332,-83.201,2
41.977,-87.769,2
41.909,-87.65,2
43.629,-84.28,2
43.06,-85.958,2
41.983,-87.802,2
42.334,-88.031,2
42.334,-83.526,2
42.454,-83.472,2
41.738,-87.799,2
41.909,-87.774,2
43.623,-116.24,2
44.959,-93.26,2
42.008,-87.871,2
42.448,-83.337,2
43.719,-79.433,2
43.06,-85.686,2
43.767,-79.503,2
42.335,-71.096,2
42.447,-71.36,2
42.007,-87.769,2
43.073,-73.807,2
41.979,-87.841,2
42.336,-83.048,2
41.899,-87.75,2
41.983,-87.768,2
42.337,-83.226,2
44.876,-93.224,2
41.884,-87.648,2
42.006,-87.821,2
43.752,-79.728,2
44.856,-93.351,2
41.312,-96.348,2
43.075,-89.395,2
44.814,-91.561,2
42.44,-83.376,2
42.439,-71.435,2
42.339,-71.074,2
43.076,-87.992,2
41.908,-87.65,2
41.352,-74.29,2
42.34,-82.981,2
42.438,-83.435,2
42.064,-71.012,2
41.8,-87.597,2
41.962,-87.808,2
41.941,-70.928,2
42.895,-85.621,2
42.388,-71.221,2
41.941,-87.754,2
41.941,-87.86,2
42.068,-87.853,2
42.9,-85.741,2
41.908,-87.744,2
41.37,-88.193,2
42.886,-85.569,2
41.013,-73.808,2
42.07,-71.026,2
42.061,-71.237,2
42.061,-87.748,2
41.9,-87.863,2
41.801,-87.84,2
42.878,-85.652,2
42.905,-87.934,2
40.987,-73.711,2
42.073,-87.707,2
42.058,-87.846,2
42.905,-85.667,2
42.908,-85.606,2
41.798,-88.107,2
42.075,-71.034,2
41.944,-91.677,2
42.004,-87.993,2
42.911,-85.741,2
41.681,-88.084,2
40.903,-74.495,2
41.46,-87.73,2
42.912,-85.72,2
43.765,-79.541,2
41.797,-88.205,2
42.913,-85.547,2
40.923,-73.901,2
42.915,-85.682,2
41.938,-87.666,2
42.049,-71.884,2
43.599,-83.964,2
41.938,-87.728,2
42.916,-87.863,2
41.02,-73.796,2
42.845,-85.377,2
41.495,-81.673,2
42.049,-87.97,2
42.049,-87.979,2
40.924,-73.785,2
40.892,-97.349,2
41.283,-96.226,2
42.048,-71.057,2
41.886,-91.657,2
42.343,-87.896,2
41.81,-87.706,2
42.916,-85.712,2
42.842,-72.573,2
40.927,-73.81,2
40.922,-74.069,2
42.918,-85.691,2
42.921,-85.577,2
42.838,-86.119,2
42.837,-85.71,2
42.922,-85.645,2
41.127,-74.027,2
41.792,-87.731,2
42.83,-86.081,2
42.091,-87.722,2
44.635,-116.086,2
40.945,-74.198,2
42.928,-85.695,2
62.506,-102.302,2
42.829,-86.116,2
42.93,-85.677,2
42.044,-87.96,2
42.393,-71.548,2
42.393,-83.412,2
42.098,-87.8,2
41.816,-87.918,2
41.518,-72.92,2
42.932,-85.588,2
53.913,-122.752,2
41.519,-88.121,2
41.434,-74.11,2
53.473,-2.251,2
42.102,-88.004,2
43.69,-79.497,2
42.825,-86.115,2
41.52,-88.154,2
53.435,-113.721,2
42.104,-87.816,2
41.938,-88.776,2
53.359,-2.217,2
42.042,-88.126,2
42.343,-83.169,2
53.33,-2.785,2
52.561,13.423,2
41.733,-87.83,2
42.343,-71.057,2
52.301,-1.536,2
42.109,-87.91,2
42.344,-83.288,2
42.37,-71.16,2
51.836,5.839,2
42.11,-70.994,2
42.803,-71.242,2
43.598,-79.512,2
41.721,-88.319,2
42.112,-71.851,2
42.344,-83.196,2
42.04,-87.952,2
42.115,-88.266,2
41.754,-88.293,2
51.508,-0.134,2
42.001,-72.567,2
41.935,-87.832,2
42.739,-83.209,2
42.117,-87.808,2
42.117,-71.617,2
51.501,-0.117,2
43.596,-116.342,2
41.099,-73.418,2
51.493,-0.177,2
42.344,-71.575,2
40.967,-73.857,2
42.039,-87.957,2
41.946,-87.669,2
43.119,-78.959,2
42.126,-83.259,2
51.096,-114.012,2
41.933,-87.735,2
41.765,-88.258,2
41.965,-87.991,2
42.728,-85.647,2
41.723,-87.814,2
42.954,-85.636,2
42.131,-71.107,2
50.63,3.057,2
42.036,-87.809,2
42.133,-88.422,2
42.723,-83.198,2
42.717,-71.168,2
41.835,-87.738,2
41.899,-87.623,2
50.048,8.575,2
42.714,-73.84,2
42.346,-83.54,2
41.947,-87.719,2
41.933,-88.061,2
49.282,-122.981,2
44.269,-71.353,2
41.723,-87.722,2
42.137,-83.276,2
41.613,-87.783,2
42.707,-87.954,2
44.262,-88.481,2
42.138,-71.532,2
40.904,-74.355,2
42.139,-72.003,2
42.14,-87.955,2
42.034,-87.711,2
41.03,-74.238,2
42.141,-72.764,2
40.904,-74.197,2
41.531,-88.093,2
41.534,-88.145,2
41.932,-87.851,2
43.657,-70.259,1
40.889,-73.852,1
40.89,-74.548,1
40.89,-74.144,1
40.891,-74.254,1
40.892,-74.109,1
40.894,-74.051,1
40.895,-74.361,1
40.896,-73.863,1
40.896,-73.855,1
40.896,-73.85,1
40.897,-73.905,1
40.897,-73.871,1
40.897,-73.84,1
40.899,-74.111,1
40.903,-90.212,1
40.903,-73.777,1
40.904,-73.988,1
40.907,-73.108,1
40.909,-73.785,1
40.91,-73.792,1
40.911,-74.291,1
40.912,-73.783,1
40.916,-74.039,1
40.917,-74.148,1
40.917,-72.711,1
40.918,-73.967,1
40.922,-74.022,1
40.924,-74.124,1
40.928,-74.269,1
40.928,-74.168,1
40.93,-73.886,1
40.93,-73.885,1
40.932,-74.216,1
40.932,-73.769,1
40.933,-73.848,1
40.934,-73.891,1
40.934,-73.886,1
40.937,-74.178,1
40.937,-73.897,1
40.938,-73.865,1
40.941,-74.228,1
40.946,-73.745,1
40.95,-74.196,1
40.951,-73.829,1
40.952,-73.74,1
40.953,-73.726,1
40.955,-74.073,1
40.957,-73.814,1
40.962,-74.598,1
40.962,-74.239,1
40.966,-74.142,1
40.966,-73.681,1
40.982,-74.11,1
40.986,-73.81,1
40.993,-74.026,1
40.994,-74.279,1
40.997,-72.573,1
41.0,-74.332,1
41.0,-73.799,1
41.002,-73.67,1
41.009,-75.171,1
41.013,-73.851,1
41.014,-73.648,1
41.021,-73.874,1
41.022,-73.781,1
41.024,-74.244,1
41.028,-77.521,1
41.03,-73.819,1
41.035,-71.942,1
41.036,-73.658,1
41.043,-73.544,1
41.047,-73.549,1
41.049,-73.558,1
41.053,-73.825,1
41.053,-73.534,1
41.061,-80.041,1
41.069,-73.806,1
41.1,-73.803,1
41.101,-73.579,1
41.104,-83.217,1
41.105,-74.113,1
41.11,-73.999,1
41.112,-81.344,1
41.12,-74.184,1
41.127,-104.833,1
41.127,-73.838,1
41.133,-74.014,1
41.14,-85.161,1
41.146,-74.007,1
41.147,1.122,1
41.15,-81.386,1
41.153,-73.86,1
41.159,-104.802,1
41.162,-104.758,1
41.171,-87.863,1
41.171,-73.195,1
41.188,-80.765,1
41.198,-74.373,1
41.199,-73.192,1
41.205,-73.183,1
41.209,-73.992,1
41.211,-96.027,1
41.222,-73.718,1
41.238,-73.024,1
41.253,-95.958,1
41.255,-73.996,1
41.262,-73.139,1
41.265,-95.944,1
41.281,-73.873,1
41.283,-72.966,1
41.285,-73.917,1
41.31,-71.854,1
41.312,-73.867,1
41.312,-72.771,1
41.315,-74.127,1
41.329,-72.954,1
41.35,-71.956,1
41.358,-73.745,1
41.361,-88.418,1
41.361,-85.087,1
41.383,2.137,1
41.388,-75.398,1
41.394,2.151,1
41.42,-73.444,1
41.43,-72.082,1
41.438,-87.995,1
41.441,-81.597,1
41.443,-72.954,1
41.445,-73.689,1
41.451,-74.412,1
41.454,-74.393,1
41.454,2.194,1
41.475,-87.516,1
41.477,-81.786,1
41.482,-72.808,1
41.487,-71.531,1
41.49,-71.323,1
41.497,-94.776,1
41.498,-82.08,1
41.502,-90.551,1
41.517,-90.574,1
41.526,-90.427,1
41.526,-87.786,1
41.528,-87.424,1
41.529,-81.634,1
41.53,-88.141,1
41.531,-88.199,1
41.539,-73.868,1
41.54,-88.276,1
41.543,-72.797,1
41.547,-81.459,1
41.551,-70.613,1
41.562,-88.273,1
41.562,-87.695,1
41.568,-87.654,1
41.578,-87.874,1
41.581,-87.456,1
41.583,-88.128,1
41.59,-73.388,1
41.593,-88.116,1
41.593,-81.46,1
41.599,-88.127,1
41.601,-87.897,1
41.601,-87.668,1
41.603,-87.737,1
41.604,-88.751,1
41.606,-87.814,1
41.608,-74.589,1
41.61,-87.668,1
41.619,-87.579,1
41.626,-88.161,1
41.627,-71.006,1
41.628,-87.509,1
41.629,-70.904,1
41.633,-88.231,1
41.634,-84.765,1
41.636,-88.228,1
41.636,-87.918,1
41.642,-73.922,1
41.645,-71.451,1
41.649,-80.148,1
41.652,-88.082,1
41.652,-83.757,1
41.652,-72.774,1
41.655,-87.998,1
41.656,-88.56,1
41.657,-70.372,1
41.658,-87.751,1
41.66,-88.121,1
41.66,-72.766,1
41.668,-72.783,1
41.669,-83.425,1
41.673,-88.086,1
41.673,-72.791,1
41.675,-72.838,1
41.676,-87.711,1
41.683,-86.875,1
41.683,-71.499,1
41.684,-83.543,1
41.685,-87.798,1
41.687,-87.722,1
41.688,-88.374,1
41.689,-87.844,1
41.689,-87.54,1
41.696,-88.054,1
41.697,-87.796,1
41.698,-73.923,1
41.699,-88.127,1
41.699,-71.497,1
41.705,-88.243,1
41.705,-73.922,1
41.707,-87.831,1
41.71,-87.829,1
41.711,-88.231,1
41.713,-71.482,1
41.715,-86.844,1
41.717,-88.229,1
41.717,-87.745,1
41.718,-87.843,1
41.723,-87.914,1
41.724,-72.757,1
41.725,-88.358,1
41.725,-87.798,1
41.729,-87.568,1
41.73,-72.672,1
41.733,-88.135,1
41.733,-87.878,1
41.734,-87.803,1
41.736,-88.343,1
41.736,-87.755,1
41.737,-87.556,1
41.738,-87.834,1
41.74,-87.56,1
41.746,-87.937,1
41.746,-87.738,1
41.746,-73.932,1
41.747,-88.197,1
41.748,-91.637,1
41.749,-88.163,1
41.754,-88.206,1
41.754,-88.028,1
41.755,-87.574,1
41.756,-87.807,1
41.761,-87.685,1
41.762,-88.282,1
41.763,-88.231,1
41.763,-88.23,1
41.765,-88.435,1
41.765,-87.722,1
41.768,-88.359,1
41.77,-71.429,1
41.772,-87.71,1
41.773,-87.878,1
41.774,-87.671,1
41.776,-87.986,1
41.778,-87.697,1
41.781,-87.742,1
41.783,-88.373,1
41.783,-88.288,1
41.784,-88.319,1
41.784,-87.712,1
41.787,-87.688,1
41.791,-87.738,1
41.791,-87.596,1
41.793,-88.269,1
41.793,-71.427,1
41.794,-88.2,1
41.794,-87.7,1
41.794,-87.605,1
41.795,-72.62,1
41.797,-88.276,1
41.798,-88.153,1
41.799,-72.619,1
41.801,-88.242,1
41.801,-87.671,1
41.801,-71.403,1
41.803,-87.705,1
41.805,-87.704,1
41.806,-87.822,1
41.807,-87.726,1
41.807,-87.723,1
41.807,-72.25,1
41.807,-71.455,1
41.808,-88.202,1
41.808,-70.61,1
41.811,-87.982,1
41.811,-87.666,1
41.813,-71.074,1
41.814,-88.166,1
41.818,-87.74,1
41.823,-87.843,1
41.824,-71.527,1
41.829,-87.803,1
41.83,-87.634,1
41.831,-87.797,1
41.831,-72.737,1
41.832,-88.111,1
41.835,-88.018,1
41.835,-87.652,1
41.839,-88.007,1
41.839,-87.733,1
41.84,-88.085,1
41.84,-87.753,1
41.841,-87.748,1
41.842,-87.801,1
41.843,-88.009,1
41.843,-87.719,1
41.845,-87.955,1
41.845,-87.795,1
41.846,-72.323,1
41.849,-83.419,1
41.85,-87.674,1
41.851,-88.083,1
41.851,-87.954,1
41.851,-87.632,1
41.851,-71.441,1
41.852,-87.729,1
41.854,-71.434,1
41.855,-87.982,1
41.855,-87.836,1
41.857,-87.651,1
41.858,-87.642,1
41.859,-87.983,1
41.859,-87.777,1
41.86,-88.141,1
41.861,-87.633,1
41.862,-87.616,1
41.864,-87.863,1
41.864,-87.623,1
41.865,-88.159,1
41.865,-87.625,1
41.866,-88.119,1
41.866,-72.467,1
41.867,-88.261,1
41.867,-87.641,1
41.868,-71.425,1
41.872,-72.708,1
41.874,-87.857,1
41.874,-87.649,1
41.874,-87.648,1
41.876,-87.625,1
41.877,-87.626,1
41.877,-87.625,1
41.878,-87.626,1
41.879,-87.635,1
41.88,-87.648,1
41.88,-87.627,1
41.881,-87.646,1
41.881,-87.636,1
41.881,-87.63,1
41.882,-88.202,1
41.882,-88.108,1
41.882,-71.082,1
41.883,-87.691,1
41.884,-87.624,1
41.885,-87.629,1
41.886,-87.634,1
41.886,-85.937,1
41.887,-87.618,1
41.888,-87.788,1
41.888,-87.665,1
41.888,-87.621,1
41.888,-71.387,1
41.889,-87.804,1
41.889,-87.667,1
41.889,-87.623,1
41.89,-87.848,1
41.89,-87.639,1
41.89,-87.636,1
41.89,-87.629,1
41.892,-88.075,1
41.892,-87.915,1
41.892,-87.617,1
41.892,-87.612,1
41.892,-70.868,1
41.893,-87.621,1
41.893,-87.617,1
41.894,-87.617,1
41.895,-87.628,1
41.895,-71.089,1
41.896,-87.624,1
41.897,-87.997,1
41.897,-87.862,1
41.897,-87.783,1
41.897,-87.769,1
41.897,-87.631,1
41.898,-88.045,1
41.898,-87.933,1
41.898,-87.884,1
41.898,-87.76,1
41.898,-87.755,1
41.899,-87.738,1
41.9,-88.046,1
41.9,-87.726,1
41.903,-87.849,1
41.903,-87.767,1
41.903,-87.634,1
41.904,-88.207,1
41.904,-87.644,1
41.904,-71.108,1
41.906,-91.747,1
41.906,-88.069,1
41.906,-87.721,1
41.908,-91.642,1
41.908,-87.864,1
41.909,-87.862,1
41.911,-87.773,1
41.911,-87.686,1
41.911,-87.672,1
41.912,-88.091,1
41.912,-87.756,1
41.913,-87.78,1
41.913,-87.681,1
41.913,-87.637,1
41.916,-88.3,1
41.916,-88.056,1
41.916,-87.985,1
41.916,-87.807,1
41.916,-87.648,1
41.917,-87.802,1
41.918,-88.122,1
41.918,-87.697,1
41.918,-87.634,1
41.92,-87.639,1
41.921,-87.671,1
41.921,-87.637,1
41.922,-88.285,1
41.922,-88.122,1
41.925,-87.777,1
41.925,-87.736,1
41.926,-87.811,1
41.926,-87.795,1
41.927,-88.262,1
41.927,-87.644,1
41.928,-87.786,1
41.929,12.419,1
41.93,-87.748,1
41.931,-83.348,1
41.932,-88.778,1
41.932,-88.013,1
41.933,-87.938,1
41.933,-87.756,1
41.933,-83.395,1
41.936,-87.693,1
41.937,-87.755,1
41.937,-87.74,1
41.937,-87.733,1
41.939,-88.77,1
41.939,-88.17,1
41.939,-88.108,1
41.939,-87.738,1
41.94,-87.703,1
41.94,-71.286,1
41.941,-88.748,1
41.941,-87.671,1
41.941,-87.653,1
41.942,-87.83,1
41.944,-87.779,1
41.944,-71.136,1
41.945,-88.112,1
41.945,-88.032,1
41.945,-87.81,1
41.946,-87.786,1
41.946,-87.785,1
41.947,-87.758,1
41.948,-88.106,1
41.948,-87.644,1
41.949,-87.871,1
41.949,-87.715,1
41.95,-88.769,1
41.95,-87.732,1
41.955,-87.657,1
41.955,-87.651,1
41.956,-87.764,1
41.958,-87.754,1
41.958,-87.741,1
41.958,-71.036,1
41.959,-88.112,1
41.959,-70.665,1
41.96,-87.762,1
41.962,-88.294,1
41.962,-87.67,1
41.963,-87.945,1
41.963,-87.799,1
41.963,-87.778,1
41.963,-87.656,1
41.963,-87.654,1
41.964,-87.774,1
41.965,-87.983,1
41.965,-87.832,1
41.965,-86.364,1
41.965,-86.357,1
41.966,-87.838,1
41.966,-87.736,1
41.967,-88.061,1
41.967,-87.82,1
41.968,-87.764,1
41.968,-87.74,1
41.969,-87.838,1
41.969,-87.81,1
41.969,-87.745,1
41.969,-87.742,1
41.969,-87.74,1
41.97,-88.01,1
41.971,-87.658,1
41.972,-87.837,1
41.973,-87.906,1
41.973,-87.746,1
41.973,-87.706,1
41.973,-87.656,1
41.974,-87.906,1
41.974,-87.897,1
41.974,-87.891,1
41.974,-87.819,1
41.976,-87.843,1
41.977,-87.953,1
41.977,-87.841,1
41.98,-87.985,1
41.98,-87.794,1
41.98,-87.715,1
41.981,-87.91,1
41.981,-87.895,1
41.982,-87.906,1
41.983,-88.07,1
41.983,-87.668,1
41.983,-87.66,1
41.984,-87.693,1
41.988,-87.957,1
41.988,-87.656,1
41.989,-87.963,1
41.99,-87.698,1
41.991,-87.779,1
41.993,-88.161,1
41.993,-87.89,1
41.993,-87.784,1
41.995,-91.65,1
41.995,-87.712,1
41.995,-87.691,1
41.996,-87.672,1
41.997,-87.92,1
41.997,-87.787,1
41.997,-70.847,1
41.998,-87.701,1
41.998,-87.695,1
41.998,-87.662,1
41.999,-87.689,1
41.999,-71.53,1
42.0,-87.664,1
42.0,-87.656,1
42.004,-88.184,1
42.004,-87.677,1
42.005,-87.69,1
42.006,-88.006,1
42.006,-87.716,1
42.006,-87.662,1
42.007,-87.671,1
42.009,-88.167,1
42.009,-87.89,1
42.01,-88.147,1
42.01,-87.682,1
42.011,-88.527,1
42.011,-87.734,1
42.011,-71.243,1
42.013,-88.338,1
42.014,-86.52,1
42.015,-87.836,1
42.015,-87.681,1
42.016,-87.674,1
42.016,-87.668,1
42.017,-88.168,1
42.017,-71.337,1
42.018,-87.904,1
42.021,-93.457,1
42.022,-88.035,1
42.023,-87.944,1
42.024,-88.305,1
42.024,-87.942,1
42.024,-87.751,1
42.024,-71.26,1
42.025,-87.718,1
42.026,-87.749,1
42.027,-87.975,1
42.028,-88.215,1
42.028,-87.895,1
42.028,-87.683,1
42.03,-87.68,1
42.031,-91.592,1
42.031,-87.744,1
42.033,-97.388,1
42.033,-87.781,1
42.033,-87.69,1
42.034,-88.089,1
42.034,-87.8,1
42.034,-87.745,1
42.034,-87.679,1
42.036,-88.047,1
42.036,-87.964,1
42.039,-91.681,1
42.039,-87.806,1
42.039,-87.795,1
42.04,-88.143,1
42.04,-87.886,1
42.042,-87.889,1
42.042,-87.81,1
42.044,-87.801,1
42.045,-87.851,1
42.045,-71.14,1
42.046,-87.977,1
42.047,-88.135,1
42.047,-87.851,1
42.048,-87.906,1
42.049,-88.088,1
42.049,-88.078,1
42.051,-88.272,1
42.051,-88.088,1
42.051,-87.705,1
42.051,-87.688,1
42.051,-72.742,1
42.052,-87.688,1
42.055,-87.739,1
42.056,-88.1,1
42.058,-88.133,1
42.058,-87.845,1
42.062,-71.027,1
42.064,-87.882,1
42.064,-71.134,1
42.065,-87.71,1
42.07,-71.047,1
42.07,-71.029,1
42.071,-88.273,1
42.072,-88.293,1
42.072,-87.859,1
42.072,-71.046,1
42.073,-71.028,1
42.074,-87.92,1
42.074,-71.019,1
42.076,-71.402,1
42.076,-71.023,1
42.077,-71.045,1
42.077,-71.024,1
42.078,-71.012,1
42.079,-78.446,1
42.081,-87.935,1
42.082,-87.999,1
42.083,-87.8,1
42.084,-71.017,1
42.085,-88.017,1
42.085,-87.982,1
42.085,-71.005,1
42.086,-88.431,1
42.087,-71.029,1
42.088,-88.034,1
42.09,-83.695,1
42.093,-87.727,1
42.093,-71.245,1
42.094,-71.003,1
42.1,-87.846,1
42.1,-71.065,1
42.1,-71.006,1
42.101,-72.612,1
42.102,-71.062,1
42.103,-87.97,1
42.104,-71.017,1
42.107,-72.559,1
42.109,-87.924,1
42.11,-87.751,1
42.111,-87.948,1
42.112,-70.918,1
42.114,-87.78,1
42.12,-71.327,1
42.121,-87.845,1
42.122,-83.889,1
42.126,-88.467,1
42.132,-72.592,1
42.133,-71.094,1
42.135,-71.123,1
42.136,-87.926,1
42.136,-71.53,1
42.137,-88.332,1
42.137,-88.045,1
42.137,-72.571,1
42.139,-87.949,1
42.141,-87.979,1
42.141,-72.518,1
42.142,-87.994,1
42.143,-87.944,1
42.144,-87.917,1
42.148,-71.997,1
42.153,-88.129,1
42.153,-87.946,1
42.154,-87.959,1
42.155,-88.288,1
42.155,-83.229,1
42.155,-70.953,1
42.161,-88.047,1
42.163,-71.151,1
42.165,-88.428,1
42.166,-70.892,1
42.169,-83.323,1
42.17,-87.98,1
42.171,-88.331,1
42.173,-87.794,1
42.178,-71.223,1
42.179,-87.926,1
42.179,-87.891,1
42.182,2.196,1
42.185,-71.056,1
42.191,-71.329,1
42.192,-83.304,1
42.2,-87.807,1
42.201,-83.598,1
42.205,-113.041,1
42.208,-71.179,1
42.208,-71.153,1
42.208,-70.954,1
42.209,-87.936,1
42.212,-71.696,1
42.215,-87.819,1
42.215,-84.416,1
42.216,-83.621,1
42.217,-74.229,1
42.22,-83.384,1
42.225,-88.26,1
42.225,-83.574,1
42.225,-83.312,1
42.225,-71.835,1
42.226,-88.296,1
42.227,-87.991,1
42.227,-83.724,1
42.228,-88.308,1
42.228,-83.669,1
42.231,-71.177,1
42.232,-83.385,1
42.233,-71.025,1
42.234,-1.851,1
42.241,-71.796,1
42.242,-71.003,1
42.243,-73.935,1
42.246,-83.715,1
42.246,-83.664,1
42.247,-83.15,1
42.249,-71.002,1
42.251,-83.358,1
42.251,-70.968,1
42.252,-71.002,1
42.255,-84.4,1
42.255,-77.799,1
42.256,-71.125,1
42.256,-70.997,1
42.257,-83.647,1
42.257,-74.385,1
42.259,-83.185,1
42.261,-83.166,1
42.262,-88.849,1
42.265,-87.975,1
42.266,-83.51,1
42.266,-83.303,1
42.267,-71.047,1
42.273,-83.209,1
42.274,-83.3,1
42.274,-71.022,1
42.275,-85.562,1
42.275,-83.618,1
42.275,-71.7,1
42.275,-71.41,1
42.276,-83.335,1
42.277,-83.372,1
42.277,-83.218,1
42.277,-71.411,1
42.278,-71.621,1
42.279,-71.394,1
42.28,-71.416,1
42.28,-71.235,1
42.281,-83.507,1
42.284,-85.563,1
42.286,-83.474,1
42.288,-85.585,1
42.288,-83.217,1
42.289,-83.209,1
42.29,-85.615,1
42.29,-85.582,1
42.29,-71.071,1
42.293,-83.183,1
42.294,-83.276,1
42.295,-87.876,1
42.295,-83.224,1
42.295,-71.047,1
42.297,-87.996,1
42.298,-83.706,1
42.298,-83.431,1
42.298,-83.407,1
42.299,-83.239,1
42.3,-87.858,1
42.3,-83.144,1
42.3,-71.351,1
42.301,-71.049,1
42.301,-71.012,1
42.303,-71.646,1
42.304,-71.396,1
42.305,-83.065,1
42.306,-83.245,1
42.307,-88.994,1
42.307,-83.13,1
42.31,-83.402,1
42.312,-83.295,1
42.315,-71.39,1
42.316,-71.563,1
42.317,-83.194,1
42.319,-83.359,1
42.319,-71.213,1
42.32,-71.099,1
42.321,-83.27,1
42.322,-83.31,1
42.322,-71.059,1
42.324,-83.515,1
42.325,-71.092,1
42.325,-71.08,1
42.327,-83.262,1
42.327,-83.109,1
42.328,-83.292,1
42.328,-83.277,1
42.328,-83.17,1
42.328,-71.1,1
42.328,-71.083,1
42.329,-83.266,1
42.329,-83.127,1
42.329,-71.071,1
42.33,-83.292,1
42.33,-71.211,1
42.332,-83.486,1
42.332,-71.05,1
42.335,-85.565,1
42.335,-83.29,1
42.335,-71.103,1
42.335,-71.073,1
42.337,-83.401,1
42.337,-83.149,1
42.34,-87.903,1
42.341,-83.2,1
42.341,-83.175,1
42.341,-71.118,1
42.342,-83.355,1
42.342,-83.176,1
42.342,-71.58,1
42.343,-83.275,1
42.344,-83.139,1
42.344,-71.126,1
42.345,-83.168,1
42.345,-71.096,1
42.346,-83.412,1
42.347,-83.223,1
42.347,-71.083,1
42.347,-71.035,1
42.348,-71.082,1
42.349,-87.973,1
42.349,-83.159,1
42.349,-71.149,1
42.349,-71.079,1
42.351,-83.409,1
42.351,-83.397,1
42.351,-71.141,1
42.351,-71.085,1
42.351,-71.065,1
42.351,-71.061,1
42.352,-83.124,1
42.352,-71.125,1
42.352,-71.121,1
42.352,-71.063,1
42.353,-83.267,1
42.353,-83.054,1
42.353,-71.509,1
42.353,-71.169,1
42.353,-71.116,1
42.354,-71.136,1
42.356,-83.39,1
42.356,-71.169,1
42.356,-71.143,1
42.356,-71.063,1
42.356,-71.06,1
42.357,-83.293,1
42.357,-71.235,1
42.357,-71.129,1
42.358,-88.113,1
42.358,-71.061,1
42.359,-83.522,1
42.359,-71.129,1
42.36,-71.05,1
42.362,-83.279,1
42.362,-71.086,1
42.362,-71.067,1
42.364,-71.081,1
42.366,-83.35,1
42.366,-71.055,1
42.367,-71.525,1
42.367,-71.063,1
42.367,-71.04,1
42.368,-87.868,1
42.368,-83.048,1
42.37,-71.021,1
42.371,-71.127,1
42.372,-71.116,1
42.372,-71.064,1
42.372,-71.032,1
42.373,-71.158,1
42.377,-71.24,1
42.378,-83.065,1
42.38,-83.154,1
42.381,-83.37,1
42.381,-71.58,1
42.381,-71.218,1
42.382,-71.09,1
42.383,-83.346,1
42.383,-83.24,1
42.383,-71.528,1
42.383,-71.075,1
42.384,-83.237,1
42.384,-83.043,1
42.384,-82.924,1
42.385,-71.198,1
42.386,-71.011,1
42.387,-72.524,1
42.387,-71.008,1
42.39,-72.526,1
42.39,-72.519,1
42.391,-83.052,1
42.391,-83.04,1
42.391,-71.14,1
42.393,-87.926,1
42.393,-71.08,1
42.395,-83.439,1
42.396,-83.05,1
42.397,-71.072,1
42.398,-71.036,1
42.402,-107.349,1
42.402,-83.295,1
42.403,-71.004,1
42.404,-71.033,1
42.405,-71.019,1
42.407,-71.054,1
42.41,-83.148,1
42.412,-83.052,1
42.415,-83.424,1
42.415,-71.115,1
42.418,-83.426,1
42.418,-70.99,1
42.419,-83.429,1
42.419,-71.0,1
42.42,-71.046,1
42.423,-71.082,1
42.425,-78.157,1
42.426,-83.457,1
42.426,-83.251,1
42.426,-71.011,1
42.427,-71.01,1
42.429,-71.666,1
42.43,-82.906,1
42.432,-83.168,1
42.432,-83.11,1
42.433,-70.996,1
42.439,-83.436,1
42.441,-71.025,1
42.442,-71.095,1
42.449,-83.476,1
42.449,-83.086,1
42.45,-83.233,1
42.452,-87.846,1
42.454,-83.65,1
42.454,-83.126,1
42.454,-76.476,1
42.456,-83.493,1
42.458,-83.442,1
42.461,-71.517,1
42.461,-70.945,1
42.462,-83.081,1
42.466,-83.486,1
42.468,-83.419,1
42.468,-73.202,1
42.468,-71.11,1
42.47,-83.166,1
42.472,-83.55,1
42.473,-83.221,1
42.474,-83.47,1
42.474,-83.101,1
42.475,-83.211,1
42.476,-88.314,1
42.477,-83.32,1
42.478,-70.929,1
42.479,-83.458,1
42.479,-83.139,1
42.485,-83.421,1
42.49,-83.081,1
42.49,-70.957,1
42.491,-83.421,1
42.494,-82.939,1
42.497,-83.45,1
42.501,-83.39,1
42.501,-83.114,1
42.502,-71.129,1
42.504,-83.358,1
42.504,-83.093,1
42.505,-83.001,1
42.507,-83.219,1
42.508,-71.161,1
42.509,-83.081,1
42.51,-83.309,1
42.513,-83.598,1
42.517,-71.029,1
42.518,-71.162,1
42.52,-70.931,1
42.523,-83.508,1
42.524,-83.502,1
42.524,-83.192,1
42.525,-71.756,1
42.53,-83.11,1
42.531,-83.042,1
42.532,-83.208,1
42.532,-83.067,1
42.538,-83.117,1
42.54,-83.403,1
42.54,-82.895,1
42.541,-83.536,1
42.549,-83.029,1
42.549,-71.562,1
42.55,-83.012,1
42.552,-82.938,1
42.553,-71.781,1
42.557,-71.731,1
42.561,-83.362,1
42.563,-83.437,1
42.567,-71.581,1
42.568,-83.803,1
42.57,-83.818,1
42.571,-83.466,1
42.571,-70.942,1
42.575,-72.004,1
42.577,-83.281,1
42.58,-83.057,1
42.587,-82.897,1
42.589,-71.807,1
42.596,-83.566,1
42.596,-83.163,1
42.601,-83.008,1
42.601,2.97,1
42.603,-83.918,1
42.613,-82.954,1
42.614,-83.11,1
42.615,-83.303,1
42.622,-71.324,1
42.625,-83.234,1
42.626,-83.323,1
42.627,-71.308,1
42.628,-71.357,1
42.628,-71.302,1
42.633,-83.248,1
42.633,-83.221,1
42.636,-71.336,1
42.64,-83.212,1
42.647,-71.224,1
42.648,-71.295,1
42.652,-83.123,1
42.659,-83.226,1
42.66,-73.786,1
42.664,-71.324,1
42.664,-71.294,1
42.665,-71.579,1
42.669,-82.904,1
42.676,-71.732,1
42.677,-84.405,1
42.677,-83.211,1
42.685,-83.233,1
42.687,-84.697,1
42.699,-84.603,1
42.7,-71.286,1
42.702,-83.296,1
42.704,-82.97,1
42.711,-87.785,1
42.712,-71.178,1
42.713,-83.345,1
42.721,-82.987,1
42.725,-71.176,1
42.731,-83.205,1
42.735,-71.479,1
42.735,-71.211,1
42.738,-83.213,1
42.738,-71.494,1
42.747,-76.215,1
42.756,-81.179,1
42.759,-71.449,1
42.761,-84.465,1
42.779,-89.284,1
42.779,-71.078,1
42.78,-71.499,1
42.784,-86.067,1
42.784,-71.084,1
42.806,-85.502,1
42.815,-86.002,1
42.817,-85.705,1
42.821,-80.296,1
42.826,-85.683,1
42.829,-71.616,1
42.834,-85.692,1
42.846,-85.631,1
42.847,-85.549,1
42.851,-85.573,1
42.858,-85.751,1
42.858,-85.659,1
42.859,-85.633,1
42.859,-85.571,1
42.868,-85.643,1
42.872,-77.25,1
42.873,-85.459,1
42.88,-87.905,1
42.883,-85.851,1
42.883,-85.538,1
42.886,-85.786,1
42.886,-85.616,1
42.891,-85.605,1
42.891,-85.371,1
42.892,-85.699,1
42.893,-85.617,1
42.893,-85.555,1
42.898,-85.665,1
42.899,-78.84,1
42.9,-78.874,1
42.901,-85.731,1
42.901,-78.697,1
42.902,-85.767,1
42.91,-85.764,1
42.912,-85.656,1
42.915,-85.613,1
42.916,-85.576,1
42.929,-85.619,1
42.93,-85.665,1
42.93,-85.567,1
42.931,-85.568,1
42.938,-85.683,1
42.939,-85.682,1
42.94,-85.682,1
42.94,-85.555,1
42.943,-85.676,1
42.948,-85.686,1
42.948,-78.694,1
42.949,-85.656,1
42.95,-78.83,1
42.951,-85.636,1
42.953,-85.65,1
42.956,-85.646,1
42.956,-85.645,1
42.957,-85.904,1
42.961,-85.572,1
42.965,-85.66,1
42.965,-85.63,1
42.966,-85.765,1
42.966,-85.63,1
42.967,-85.739,1
42.97,-85.884,1
42.97,-85.673,1
42.97,-85.672,1
42.97,-85.664,1
42.97,-85.653,1
42.97,-85.64,1
42.97,-85.59,1
42.971,-85.929,1
42.971,-85.698,1
42.971,-85.667,1
42.972,-85.971,1
42.972,-85.663,1
42.973,-85.772,1
42.973,-85.651,1
42.973,-85.62,1
42.974,-85.711,1
42.974,-85.686,1
42.976,-88.108,1
42.976,-70.948,1
42.977,-85.657,1
42.977,-71.472,1
42.978,-85.687,1
42.978,-85.633,1
42.982,-85.687,1
42.982,-85.603,1
42.988,-87.913,1
42.99,-85.646,1
42.992,-85.583,1
42.993,-85.687,1
42.994,-71.451,1
42.999,-85.662,1
42.999,-85.658,1
43.0,-85.533,1
43.003,-85.653,1
43.009,-71.492,1
43.011,-85.636,1
43.016,-89.51,1
43.016,-85.555,1
43.02,-85.686,1
43.021,-85.685,1
43.026,-88.002,1
43.026,-81.282,1
43.028,-85.688,1
43.033,-85.635,1
43.045,-83.646,1
43.048,-85.68,1
43.048,-76.147,1
43.049,-85.528,1
43.059,-85.666,1
43.061,-87.955,1
43.067,-85.914,1
43.071,-89.401,1
43.072,-76.089,1
43.074,-85.609,1
43.076,-85.613,1
43.088,-87.997,1
43.092,-87.945,1
43.095,-89.356,1
43.099,-73.787,1
43.102,-87.901,1
43.108,-87.892,1
43.109,-75.221,1
43.113,-85.564,1
43.117,-85.6,1
43.118,-79.228,1
43.125,-85.691,1
43.125,-77.63,1
43.129,-77.632,1
43.133,-85.49,1
43.138,-71.447,1
43.205,-86.202,1
43.22,-85.778,1
43.231,-85.537,1
43.25,-86.112,1
43.262,-85.293,1
43.263,-85.565,1
43.272,-89.732,1
43.292,-85.691,1
43.302,-73.656,1
43.303,-88.22,1
43.32,5.434,1
43.377,-124.217,1
43.432,-79.778,1
43.438,-80.416,1
43.455,-80.595,1
43.475,-79.865,1
43.486,-85.613,1
43.491,-96.722,1
43.492,-80.21,1
43.494,-79.708,1
43.504,-79.848,1
43.514,-96.785,1
43.554,-85.355,1
43.568,-116.613,1
43.569,-79.761,1
43.572,-79.684,1
43.58,-84.768,1
43.583,-84.771,1
43.583,-79.647,1
43.588,-79.64,1
43.596,-116.349,1
43.603,-72.973,1
43.604,-116.274,1
43.604,-79.644,1
43.609,-84.711,1
43.619,-79.522,1
43.622,-79.596,1
43.631,-84.278,1
43.635,-79.53,1
43.637,-116.355,1
43.638,-79.494,1
43.639,-79.4,1
43.642,-79.56,1
43.643,-79.379,1
43.645,-79.413,1
43.645,-79.392,1
43.647,-79.457,1
43.647,-79.386,1
43.651,-79.912,1
43.651,-79.553,1
43.651,-79.457,1
43.653,-79.754,1
43.653,-79.384,1
43.653,-79.379,1
43.654,-79.386,1
43.654,-79.368,1
43.654,-79.36,1
43.655,-79.422,1
43.655,-79.387,1
43.655,-79.376,1
43.656,-79.378,1
43.657,-79.4,1
43.657,-70.262,1
40.889,-74.192,1
43.659,-79.755,1
43.661,-79.599,1
43.663,-79.4,1
43.664,-79.411,1
43.667,-86.49,1
43.671,-70.296,1
43.673,4.645,1
43.674,-79.338,1
43.675,-79.473,1
43.676,-79.821,1
43.676,-79.495,1
43.684,-85.482,1
43.689,-85.48,1
43.693,-79.736,1
43.693,-79.4,1
43.693,-72.268,1
43.696,-79.819,1
43.698,-79.524,1
43.699,-79.434,1
43.704,-79.703,1
43.706,-79.395,1
43.708,-79.444,1
43.708,-79.333,1
43.709,-79.443,1
43.709,-79.396,1
43.711,-79.441,1
43.712,-79.73,1
43.715,-79.764,1
43.718,-79.302,1
43.719,-79.637,1
43.721,-79.509,1
43.723,-79.26,1
43.725,-79.452,1
43.726,-79.565,1
43.727,-79.772,1
43.728,-79.606,1
43.73,-79.502,1
43.732,-79.307,1
43.734,-79.478,1
43.738,-79.759,1
43.738,-79.41,1
43.747,-79.728,1
43.747,-79.401,1
43.749,-79.635,1
43.754,-79.73,1
43.754,-79.24,1
43.756,-79.442,1
43.757,-79.223,1
43.758,-79.437,1
43.761,-79.215,1
43.763,-79.295,1
43.765,-79.778,1
43.766,-79.778,1
43.767,-79.207,1
43.77,-79.661,1
43.773,-79.255,1
43.773,11.255,1
43.776,-79.407,1
43.779,-79.413,1
43.784,-79.246,1
43.785,-79.591,1
43.785,-79.423,1
43.787,-79.68,1
43.788,-79.735,1
43.788,-79.256,1
43.788,-79.126,1
43.79,-79.365,1
43.794,-87.737,1
43.796,-79.52,1
43.799,-79.353,1
43.801,-87.767,1
43.806,-79.452,1
43.81,-79.364,1
43.81,-79.36,1
43.812,-91.252,1
43.813,-71.667,1
43.816,-79.564,1
43.819,-79.082,1
43.822,-79.48,1
43.828,-79.571,1
43.83,-79.532,1
43.834,-79.278,1
43.839,-79.581,1
43.846,-79.125,1
43.849,-79.242,1
43.85,-79.376,1
43.86,-79.414,1
43.863,-79.481,1
43.863,-79.236,1
43.882,-79.438,1
43.885,-79.511,1
43.907,-78.658,1
43.911,-79.442,1
43.913,-69.982,1
43.945,-78.851,1
43.992,-97.111,1
44.052,-121.315,1
44.099,-123.127,1
44.182,-93.952,1
44.236,-88.748,1
44.252,-91.508,1
44.291,-93.306,1
44.308,-78.29,1
44.349,-79.703,1
44.461,-93.179,1
44.479,-79.533,1
44.484,-73.206,1
44.518,-88.011,1
44.53,-123.267,1
44.535,-88.069,1
44.567,-68.45,1
44.638,-124.062,1
44.644,-63.601,1
44.722,-93.198,1
44.724,-93.219,1
44.739,-85.649,1
44.747,-93.33,1
44.763,-93.183,1
44.789,-93.247,1
44.798,20.474,1
44.802,-91.513,1
44.822,-89.12,1
44.873,-93.249,1
44.874,-93.366,1
44.907,-91.856,1
44.92,-93.274,1
44.934,-93.246,1
44.948,-93.299,1
44.949,-93.261,1
44.95,-93.282,1
44.968,-93.197,1
44.973,-93.276,1
44.98,-93.213,1
44.987,-93.181,1
45.023,-93.177,1
45.063,-79.3,1
45.067,-93.155,1
45.074,-93.434,1
45.109,25.04,1
45.234,-93.423,1
45.347,-122.664,1
45.359,-75.645,1
45.376,-75.654,1
45.41,-122.792,1
45.43,-75.761,1
45.454,-75.649,1
45.472,-75.726,1
45.496,-73.579,1
45.501,-73.566,1
45.503,9.846,1
45.51,-73.733,1
45.519,-73.611,1
45.521,-122.682,1
45.524,-122.988,1
45.524,-122.488,1
45.536,-73.608,1
45.541,-122.922,1
45.558,-73.666,1
45.568,-122.636,1
45.573,-122.56,1
45.574,-122.579,1
45.582,-122.601,1
45.615,-122.677,1
45.621,-122.536,1
45.637,-73.84,1
45.697,-111.063,1
45.75,4.835,1
45.756,-108.543,1
45.817,-122.707,1
45.84,-119.701,1
45.922,-110.436,1
45.934,-73.354,1
45.94,-66.613,1
46.068,-118.33,1
46.196,-119.117,1
46.242,-63.125,1
46.341,-120.855,1
46.426,-117.3,1
46.72,-92.099,1
46.821,-114.027,1
46.834,-122.468,1
46.895,-96.841,1
47.056,-122.778,1
47.082,-122.214,1
47.097,-122.254,1
47.11,-122.309,1
47.115,-122.641,1
47.138,-122.363,1
47.144,-122.282,1
47.253,-122.322,1
47.291,-122.221,1
47.323,-122.23,1
47.329,-122.581,1
47.337,8.614,1
47.358,-122.317,1
47.362,-122.02,1
47.377,-122.254,1
47.392,8.511,1
47.422,-122.295,1
47.455,-122.257,1
47.462,-122.333,1
47.465,-122.283,1
47.481,-122.148,1
47.498,-122.2,1
47.5,-122.272,1
47.502,-122.314,1
47.502,-94.932,1
47.513,-92.569,1
47.525,-122.358,1
47.532,-122.282,1
47.562,-122.386,1
47.574,-122.385,1
47.581,-122.161,1
47.587,-122.315,1
47.592,-122.333,1
47.594,-122.327,1
47.597,-122.153,1
47.599,-122.336,1
47.609,-122.321,1
47.618,-122.128,1
47.62,-122.321,1
47.622,-122.176,1
47.627,-122.342,1
47.627,-117.647,1
47.661,-122.343,1
47.666,-122.154,1
47.667,-122.279,1
47.671,-122.113,1
47.674,-122.669,1
47.703,-122.333,1
47.709,-122.11,1
47.71,-122.211,1
47.711,-122.331,1
47.714,-122.182,1
47.717,-122.164,1
47.753,-122.345,1
47.757,-122.304,1
47.76,-122.344,1
47.779,-122.31,1
47.81,-122.324,1
47.81,-122.114,1
47.826,-122.262,1
47.848,-122.226,1
47.886,-122.236,1
47.979,-102.576,1
48.058,-122.141,1
48.141,11.559,1
48.556,-122.351,1
48.715,2.369,1
48.769,9.18,1
48.785,2.445,1
48.797,-123.736,1
48.842,2.316,1
48.861,2.306,1
48.869,2.378,1
48.883,2.304,1
49.017,8.439,1
49.219,-122.947,1
49.876,10.885,1
50.061,19.938,1
50.076,14.415,1
50.121,8.341,1
50.199,-5.485,1
50.412,-104.596,1
50.935,6.91,1
50.947,6.905,1
51.021,-114.101,1
51.038,-114.096,1
51.042,-114.067,1
51.088,-115.346,1
51.124,1.339,1
51.19,-114.061,1
51.237,6.857,1
51.34,6.565,1
51.374,-0.087,1
51.417,-1.32,1
51.47,7.016,1
51.503,-0.216,1
51.509,-0.153,1
51.518,-2.505,1
51.518,-0.143,1
51.519,0.046,1
51.524,-0.127,1
51.531,-0.063,1
51.584,0.461,1
52.197,0.125,1
52.517,-2.055,1
52.541,-2.016,1
52.611,-1.183,1
53.35,-6.266,1
53.407,-2.99,1
53.515,-113.457,1
53.579,-113.269,1
53.602,-113.46,1
53.808,-1.575,1
54.539,-1.049,1
54.904,-1.397,1
56.404,-3.489,1
59.508,17.752,1
60.572,-151.18,1
61.21,-149.883,1
61.224,-149.783,1
33.76,-118.294,1
25.868,-80.31,1
32.683,-97.268,1
29.701,-95.63,1
33.76,-84.386,1
29.688,-95.743,1
33.761,-118.19,1
33.761,-118.131,1
32.683,-117.178,1
26.238,-80.199,1
32.682,-96.624,1
26.238,-80.103,1
32.682,-97.037,1
33.761,-84.339,1
33.762,-118.14,1
25.868,-80.341,1
33.762,-117.866,1
32.682,-97.194,1
33.762,-84.666,1
25.867,-80.128,1
33.763,-84.254,1
33.764,-118.233,1
26.239,-80.2,1
28.653,-81.388,1
32.681,-96.859,1
28.653,-81.203,1
33.765,-117.279,1
26.24,-80.263,1
33.765,-84.36,1
26.24,-80.141,1
33.766,-118.177,1
26.24,-80.103,1
32.679,-96.993,1
39.954,-75.175,1
33.768,-118.199,1
32.678,-96.584,1
33.769,-117.025,1
32.678,-96.604,1
39.954,-75.165,1
29.557,-95.411,1
25.867,-80.301,1
32.678,-97.068,1
32.677,-97.086,1
28.655,-81.549,1
39.956,-86.127,1
33.772,-118.171,1
32.677,-97.115,1
29.529,-95.517,1
33.772,-117.833,1
39.956,-75.202,1
25.867,-80.339,1
32.677,-97.253,1
33.773,-118.11,1
33.773,-118.025,1
32.677,-97.363,1
32.676,-97.066,1
33.773,-84.367,1
29.747,-95.85,1
39.957,-75.182,1
25.539,-80.378,1
29.747,-96.021,1
29.564,-95.395,1
39.958,-104.987,1
33.774,-84.55,1
32.675,-96.604,1
25.866,-80.126,1
33.775,-118.273,1
33.775,-118.196,1
29.746,-94.961,1
33.775,-117.98,1
33.775,-117.946,1
33.775,-84.366,1
32.674,-96.767,1
25.866,-80.307,1
25.865,-80.131,1
32.674,-97.004,1
33.776,-117.978,1
28.66,-81.496,1
32.674,-97.05,1
33.776,-84.38,1
33.777,-118.194,1
32.674,-97.29,1
32.673,-96.66,1
39.959,-86.11,1
26.243,-80.236,1
32.672,-96.664,1
33.777,-84.222,1
40.79,-74.0,1
33.778,-118.383,1
25.865,-80.283,1
32.672,-96.835,1
25.865,-80.293,1
40.79,-73.98,1
33.778,-118.168,1
32.672,-96.909,1
33.778,-118.139,1
33.778,-84.389,1
32.672,-97.008,1
25.865,-80.307,1
33.779,-118.176,1
32.672,-97.05,1
28.66,-81.442,1
25.865,-80.319,1
29.746,-95.363,1
33.78,-118.2,1
25.865,-80.325,1
32.672,-97.445,1
32.671,-96.587,1
32.671,-97.345,1
29.746,-95.366,1
29.601,-95.343,1
39.96,-75.176,1
33.781,-118.027,1
25.864,-80.21,1
33.781,-84.134,1
33.781,-78.968,1
32.67,-96.605,1
29.746,-95.455,1
32.67,-96.823,1
33.782,-118.252,1
33.782,-118.187,1
32.67,-97.135,1
26.245,-80.242,1
33.782,-112.122,1
25.864,-80.262,1
33.782,-84.354,1
33.783,-118.184,1
32.669,-97.203,1
33.783,-118.114,1
29.746,-95.464,1
28.661,-81.356,1
33.783,-117.778,1
26.246,-80.265,1
26.247,-80.138,1
39.961,-83.012,1
33.784,-117.952,1
32.668,-97.197,1
33.784,-117.867,1
25.534,-80.364,1
33.785,-118.336,1
33.785,-118.282,1
33.785,-118.274,1
28.661,-81.179,1
32.668,-97.257,1
32.668,-97.4,1
28.663,-81.337,1
33.785,-118.109,1
32.667,-97.209,1
32.667,-97.288,1
33.785,-84.401,1
33.785,-84.398,1
33.785,-84.39,1
25.863,-80.267,1
33.786,-118.265,1
33.786,-117.892,1
29.746,-95.796,1
33.786,-117.853,1
25.863,-80.303,1
33.786,-84.026,1
32.666,-96.451,1
32.666,-97.09,1
33.787,-117.927,1
28.663,-81.206,1
25.863,-80.331,1
40.79,-73.817,1
33.787,-84.376,1
39.962,-86.128,1
28.664,-81.479,1
29.701,-95.922,1
32.666,-97.122,1
26.25,-80.244,1
26.25,-80.169,1
40.764,-73.929,1
33.788,-117.905,1
26.251,-98.098,1
32.665,-97.021,1
25.862,-80.128,1
40.79,-73.265,1
39.962,-75.229,1
25.862,-80.194,1
29.655,-95.644,1
-0.169,-78.501,1
33.789,-118.153,1
32.665,-97.398,1
33.789,-118.136,1
25.862,-80.308,1
25.862,-80.309,1
32.664,-96.783,1
29.701,-98.116,1
29.745,-95.39,1
26.255,-80.125,1
29.7,-95.135,1
26.255,-80.099,1
32.664,-97.126,1
26.255,-80.098,1
25.862,-80.345,1
33.79,-84.25,1
40.79,-72.951,1
33.791,-118.112,1
32.663,-96.568,1
33.791,-118.033,1
32.663,-96.898,1
25.861,-80.172,1
25.861,-80.236,1
32.663,-97.016,1
32.662,-97.017,1
32.662,-97.137,1
32.662,-97.404,1
32.661,-96.736,1
39.963,-75.209,1
25.861,-80.277,1
26.259,-80.191,1
33.793,-118.172,1
39.963,-75.205,1
33.793,-84.495,1
25.861,-80.321,1
25.861,-80.375,1
32.661,-97.02,1
25.86,-80.188,1
26.259,-80.099,1
29.745,-95.406,1
32.66,-97.321,1
32.659,-96.971,1
33.794,-117.988,1
25.86,-80.313,1
32.659,-97.403,1
25.86,-80.329,1
28.665,-81.422,1
33.795,-118.13,1
32.658,-94.774,1
33.796,-118.272,1
33.796,-118.212,1
33.796,-118.186,1
33.796,-118.108,1
26.26,-80.152,1
39.964,-75.193,1
32.658,-96.75,1
32.658,-97.185,1
32.658,-97.27,1
32.658,-97.36,1
32.657,-96.908,1
29.529,-95.421,1
26.26,-80.101,1
26.262,-80.217,1
39.965,-82.991,1
33.799,-118.266,1
25.859,-80.326,1
32.654,-97.369,1
39.965,-75.552,1
39.965,-75.189,1
25.534,-80.412,1
26.262,-80.132,1
33.8,-84.307,1
33.8,-84.226,1
39.966,-75.287,1
29.745,-95.461,1
39.967,-104.911,1
32.652,-96.864,1
29.601,-95.446,1
28.666,-81.416,1
26.263,-80.1,1
26.264,-80.209,1
32.652,-97.118,1
29.745,-95.485,1
29.601,-95.562,1
33.803,-118.332,1
29.655,-82.349,1
26.264,-80.185,1
32.651,-97.151,1
33.803,-117.226,1
33.803,-116.97,1
32.651,-97.166,1
33.803,-84.392,1
33.804,-118.354,1
33.804,-118.218,1
40.791,-111.907,1
26.265,-81.746,1
33.804,-117.887,1
32.65,-97.357,1
26.266,-80.229,1
25.858,-80.331,1
33.805,-118.162,1
32.649,-97.065,1
29.656,-95.623,1
33.805,-117.963,1
29.745,-95.499,1
32.648,-96.883,1
33.805,-117.855,1
25.857,-80.133,1
26.267,-80.245,1
39.968,-75.138,1
32.647,-96.551,1
32.647,-97.008,1
32.647,-97.055,1
25.857,-80.265,1
40.791,-74.018,1
25.857,-80.283,1
26.268,-80.193,1
33.807,-118.354,1
28.667,-81.534,1
25.532,-80.478,1
33.807,-117.915,1
29.656,-95.591,1
32.646,-96.705,1
25.856,-80.209,1
32.646,-96.896,1
33.808,-117.93,1
25.856,-80.217,1
39.969,-75.235,1
26.269,-80.284,1
32.646,-97.033,1
29.7,-95.296,1
33.809,-84.046,1
26.27,-80.261,1
33.81,-118.038,1
33.81,-117.976,1
33.81,-117.923,1
25.856,-80.295,1
32.645,-97.101,1
33.81,-84.358,1
39.97,-75.233,1
25.856,-80.298,1
25.531,-80.388,1
40.791,-73.947,1
33.811,-118.027,1
33.811,-118.004,1
29.745,-95.579,1
25.856,-80.317,1
33.811,-84.39,1
33.811,-84.116,1
32.644,-96.788,1
-0.112,-78.494,1
28.667,-81.251,1
29.745,-95.624,1
33.812,-117.906,1
25.856,-80.323,1
26.271,-80.274,1
29.745,-95.863,1
29.7,-95.369,1
32.643,-96.947,1
39.971,-85.967,1
33.813,-118.215,1
33.813,-117.993,1
39.971,-83.01,1
26.271,-80.179,1
29.744,-94.986,1
33.814,-117.933,1
32.643,-97.132,1
25.855,-80.127,1
33.815,-117.866,1
32.643,-97.133,1
26.271,-80.176,1
39.971,-75.177,1
33.816,-118.207,1
29.601,-95.615,1
32.643,-97.423,1
33.816,-84.214,1
33.817,-118.307,1
32.642,-96.899,1
25.855,-80.131,1
39.971,-74.666,1
26.271,-80.113,1
32.64,-96.938,1
33.817,-117.919,1
32.64,-97.206,1
33.817,-117.508,1
29.601,-95.744,1
26.272,-98.228,1
25.53,-80.366,1
33.818,-118.14,1
32.639,-96.693,1
32.639,-97.262,1
33.818,-117.879,1
32.639,-97.335,1
33.818,-84.009,1
39.974,-105.252,1
26.272,-80.284,1
29.601,-98.617,1
40.791,-73.798,1
33.819,-84.579,1
32.638,-96.745,1
33.819,-84.362,1
29.685,-95.219,1
25.855,-80.377,1
25.855,-80.385,1
32.638,-96.771,1
40.792,-77.863,1
25.854,-80.135,1
33.821,-118.319,1
26.272,-80.251,1
39.975,-83.155,1
25.854,-80.14,1
40.792,-74.257,1
32.635,-97.405,1
33.821,-117.522,1
33.821,-84.371,1
33.821,-84.352,1
26.272,-80.193,1
32.634,-96.899,1
39.975,-75.175,1
28.669,-81.403,1
33.823,-118.314,1
25.854,-80.207,1
32.634,-97.338,1
32.632,-96.702,1
32.632,-96.767,1
26.273,-81.785,1
33.823,-84.603,1
32.63,-96.706,1
32.63,-96.834,1
33.823,-84.028,1
32.63,-97.409,1
39.976,-75.359,1
32.629,-97.096,1
25.854,-80.282,1
33.824,-117.992,1
32.627,-97.115,1
32.626,-97.353,1
33.825,-118.377,1
39.976,-74.87,1
33.825,-118.246,1
39.979,-75.186,1
32.625,-96.916,1
25.854,-80.32,1
28.67,-81.21,1
32.624,-96.429,1
29.744,-95.344,1
33.827,-118.326,1
39.98,-75.225,1
26.275,-80.196,1
32.623,-96.736,1
33.827,-118.114,1
32.619,-96.823,1
26.275,-80.117,1
33.827,-117.891,1
32.618,-96.937,1
26.276,-80.193,1
25.854,-80.373,1
28.671,-81.4,1
26.276,-80.135,1
26.276,-80.099,1
33.828,-118.227,1
29.744,-95.355,1
25.854,-80.384,1
26.277,-80.182,1
25.528,-80.425,1
33.828,-84.439,1
32.614,-96.771,1
32.613,-97.382,1
33.829,-117.976,1
32.612,-96.881,1
40.764,-73.999,1
32.61,-96.697,1
33.83,-118.169,1
32.609,-85.491,1
32.609,-97.133,1
32.608,-96.933,1
26.278,-80.107,1
33.83,-84.322,1
33.83,-78.644,1
33.831,-118.35,1
32.608,-97.335,1
29.657,-95.535,1
33.831,-118.139,1
39.982,-104.829,1
26.279,-80.238,1
26.279,-80.213,1
32.606,-97.328,1
33.832,-118.09,1
40.792,-74.042,1
32.605,-90.073,1
26.279,-80.11,1
25.853,-80.229,1
26.279,-80.092,1
26.28,-80.098,1
40.792,-73.945,1
32.604,-97.05,1
33.833,-117.946,1
32.603,-96.757,1
28.671,-81.377,1
26.281,-80.186,1
40.764,-74.02,1
40.793,-74.188,1
25.853,-80.361,1
32.602,-98.163,1
25.853,-80.379,1
39.982,-75.184,1
33.834,-117.905,1
25.853,-80.383,1
33.835,-118.316,1
25.527,-80.399,1
33.835,-117.956,1
25.852,-80.137,1
33.836,-118.347,1
32.601,-97.051,1
32.601,-97.103,1
33.836,-117.89,1
33.836,-117.795,1
33.836,-84.128,1
26.282,-80.105,1
33.837,-118.357,1
26.282,-80.096,1
25.852,-80.298,1
32.599,-96.824,1
39.983,-75.17,1
29.657,-95.533,1
33.837,-83.963,1
33.837,-83.961,1
29.683,-95.151,1
32.599,-97.15,1
26.284,-80.129,1
39.985,-75.13,1
32.597,-90.1,1
29.744,-95.381,1
39.988,-105.081,1
33.839,-118.074,1
32.596,-96.822,1
25.852,-80.381,1
25.851,-80.122,1
29.657,-95.426,1
39.988,-83.113,1
32.596,-97.323,1
33.84,-118.002,1
33.84,-84.241,1
29.744,-95.387,1
29.529,-95.42,1
29.744,-95.456,1
39.992,-75.241,1
33.841,-117.953,1
33.841,-117.945,1
40.764,-74.218,1
25.851,-80.158,1
32.595,-96.82,1
25.851,-80.187,1
26.287,-80.247,1
26.287,-80.126,1
33.842,-118.304,1
39.992,-75.234,1
33.842,-118.123,1
33.842,-118.087,1
28.673,-81.512,1
32.592,-96.77,1
33.842,-117.951,1
29.6,-95.296,1
26.288,-80.247,1
33.842,-84.06,1
32.592,-96.786,1
33.843,-118.308,1
25.851,-80.242,1
33.843,-118.125,1
26.288,-80.201,1
32.59,-95.18,1
29.744,-95.586,1
25.524,-80.405,1
33.844,-84.635,1
33.844,-84.495,1
33.844,-84.33,1
28.673,-81.451,1
32.587,-96.32,1
25.85,-80.16,1
33.845,-118.199,1
25.85,-80.184,1
33.845,-117.891,1
29.7,-95.607,1
33.846,-118.306,1
25.85,-80.192,1
32.586,-97.154,1
26.294,-80.12,1
40.873,-74.181,1
40.763,-73.791,1
32.583,-96.226,1
33.846,-117.897,1
32.581,-96.697,1
32.579,-96.788,1
26.296,-80.186,1
25.85,-80.316,1
32.578,-97.326,1
26.296,-80.098,1
32.577,-97.317,1
26.297,-80.121,1
33.847,-117.925,1
29.531,-95.226,1
40.763,-73.832,1
33.848,-117.877,1
28.675,-81.458,1
32.575,-96.244,1
25.523,-80.39,1
32.574,-96.49,1
32.574,-97.332,1
33.849,-117.974,1
32.574,-97.383,1
32.573,-97.263,1
33.85,-118.352,1
33.85,-118.351,1
39.998,-83.009,1
32.573,-97.343,1
25.849,-80.158,1
33.85,-84.375,1
32.571,-95.807,1
32.57,-96.766,1
39.998,-82.857,1
33.851,-118.038,1
33.851,-118.032,1
26.298,-80.094,1
32.569,-96.941,1
29.744,-95.768,1
32.568,-97.321,1
32.567,-97.241,1
32.564,-97.324,1
39.999,-105.252,1
25.849,-80.306,1
32.563,-94.376,1
33.853,-118.362,1
25.849,-80.368,1
26.299,-80.221,1
29.658,-95.71,1
33.853,-84.366,1
29.658,-95.562,1
26.299,-80.132,1
25.848,-80.148,1
29.744,-95.817,1
33.854,-84.186,1
33.855,-118.352,1
32.56,-96.998,1
32.559,-97.833,1
32.557,-96.962,1
33.855,-117.955,1
33.855,-117.942,1
33.855,-117.934,1
32.555,-97.359,1
32.553,-97.094,1
33.855,-98.522,1
33.855,-84.105,1
33.855,-84.006,1
29.699,-95.42,1
25.848,-80.176,1
33.856,-118.128,1
32.552,-97.06,1
29.699,-95.459,1
32.552,-97.069,1
26.3,-80.107,1
32.541,-97.355,1
26.301,-80.146,1
40.003,-74.796,1
26.302,-80.2,1
26.303,-80.155,1
40.004,-104.996,1
32.538,-96.888,1
25.848,-80.193,1
28.678,-81.514,1
33.858,-118.373,1
40.004,-75.212,1
32.537,-96.787,1
40.885,-74.556,1
40.004,-75.077,1
33.858,-98.526,1
33.858,-84.217,1
25.848,-80.252,1
40.763,-73.863,1
25.848,-80.255,1
29.6,-95.443,1
29.658,-95.499,1
25.848,-80.306,1
25.848,-80.311,1
40.005,-75.151,1
25.848,-80.313,1
32.536,-96.792,1
32.536,-99.561,1
33.86,-118.192,1
32.535,-96.796,1
26.304,-80.122,1
33.86,-118.095,1
32.53,-117.027,1
26.305,-98.18,1
33.86,-117.925,1
29.6,-95.446,1
33.861,-118.336,1
32.517,-96.267,1
32.517,-96.939,1
33.861,-118.092,1
26.305,-80.197,1
33.861,-84.143,1
32.498,-97.33,1
26.308,-80.11,1
33.862,-118.12,1
33.862,-118.094,1
40.006,-75.299,1
32.493,-84.973,1
32.493,-99.632,1
33.862,-116.554,1
33.863,-118.31,1
25.847,-80.272,1
32.493,-99.634,1
40.748,-73.945,1
33.863,-117.998,1
32.492,-97.024,1
29.658,-95.314,1
26.311,-80.146,1
33.864,-118.262,1
40.007,-104.719,1
32.488,-97.313,1
29.743,-95.326,1
32.486,-93.773,1
28.682,-81.418,1
25.847,-80.325,1
40.01,-76.13,1
26.311,-80.105,1
33.865,-118.31,1
40.012,-105.283,1
25.517,-80.387,1
33.865,-118.081,1
40.016,-105.258,1
25.515,-80.41,1
33.865,-117.573,1
40.016,-75.14,1
26.312,-80.177,1
25.846,-80.121,1
33.865,-84.196,1
32.481,-90.127,1
33.866,-118.317,1
33.866,-118.291,1
33.866,-118.269,1
29.658,-95.282,1
40.018,-105.267,1
33.866,-118.01,1
32.477,-99.698,1
33.866,-117.829,1
33.866,-84.188,1
40.018,-74.637,1
33.867,-118.269,1
33.867,-118.265,1
25.846,-80.375,1
25.515,-80.432,1
32.47,-97.292,1
40.019,-75.243,1
33.867,-79.001,1
32.466,-93.689,1
33.868,-118.287,1
32.466,-99.704,1
25.845,-80.145,1
32.46,-97.334,1
33.868,-118.083,1
33.868,-118.052,1
33.868,-84.282,1
33.869,-118.374,1
32.459,-96.841,1
33.869,-118.151,1
33.869,-117.939,1
26.314,-80.153,1
33.869,-117.858,1
40.021,-75.138,1
32.453,-96.993,1
33.87,-118.195,1
32.453,-97.461,1
25.514,-80.409,1
28.683,-81.281,1
32.44,-97.058,1
29.658,-95.188,1
33.87,-117.908,1
32.438,-111.054,1
40.024,-105.285,1
33.87,-117.836,1
25.845,-80.248,1
33.87,-117.588,1
32.433,-81.753,1
29.534,-95.185,1
26.315,-98.195,1
33.871,-118.111,1
40.024,-75.34,1
40.024,-75.212,1
33.871,-117.317,1
25.845,-80.298,1
32.432,-97.103,1
33.872,-118.317,1
40.794,-73.975,1
32.431,-97.223,1
33.872,-118.267,1
25.514,-80.5,1
33.872,-117.94,1
33.872,-117.933,1
32.43,-96.837,1
32.427,-96.843,1
32.419,-97.0,1
29.658,-95.145,1
40.763,-73.915,1
33.873,-118.331,1
32.418,-99.785,1
32.413,-99.775,1
33.873,-118.187,1
33.873,-118.168,1
33.873,-118.166,1
32.413,-99.816,1
33.873,-117.567,1
33.873,-84.495,1
32.409,-95.433,1
28.684,-81.529,1
29.743,-95.408,1
40.027,-75.132,1
40.028,-75.226,1
25.844,-80.146,1
26.315,-80.147,1
32.406,-97.406,1
29.743,-95.45,1
40.029,-83.143,1
32.403,-97.21,1
33.875,-118.155,1
32.402,-96.856,1
26.316,-80.1,1
25.844,-80.219,1
40.794,-73.947,1
32.401,-99.76,1
29.658,-95.129,1
32.397,-97.327,1
33.876,-118.36,1
25.844,-80.246,1
29.743,-95.457,1
32.397,-100.926,1
32.39,-90.102,1
25.844,-80.336,1
32.39,-99.745,1
25.844,-80.381,1
32.383,-96.845,1
33.876,-84.287,1
33.876,-84.175,1
33.877,-118.312,1
32.38,-97.394,1
32.379,-111.044,1
33.877,-117.7,1
33.877,-117.592,1
33.877,-117.59,1
25.843,-80.231,1
-34.906,-57.945,1
33.878,-118.253,1
25.843,-80.368,1
32.374,-95.139,1
40.034,-74.575,1
32.368,-97.678,1
40.794,-73.938,1
25.843,-80.433,1
29.658,-95.051,1
40.036,-75.039,1
33.878,-84.222,1
32.361,-86.217,1
33.879,-118.182,1
29.743,-95.46,1
32.358,-96.644,1
33.879,-84.099,1
40.037,-75.165,1
32.357,-97.078,1
26.318,-80.191,1
40.039,-76.364,1
32.338,-96.239,1
32.335,-96.621,1
33.88,-118.123,1
33.88,-118.091,1
32.32,-95.257,1
29.659,-95.737,1
33.881,-118.379,1
33.881,-118.35,1
32.32,-110.919,1
33.881,-118.301,1
33.881,-118.288,1
33.881,-118.159,1
25.842,-80.371,1
25.509,-80.408,1
33.881,-117.991,1
33.881,-117.884,1
33.881,-117.875,1
32.317,-95.244,1
32.304,-95.288,1
32.291,-95.252,1
26.318,-80.186,1
32.281,-81.232,1
32.281,-95.343,1
33.882,-118.183,1
33.882,-118.128,1
-38.003,145.279,1
33.882,-117.888,1
32.265,-96.615,1
26.318,-80.145,1
32.25,-110.884,1
40.04,-74.955,1
26.318,-80.12,1
32.207,-82.421,1
25.841,-80.289,1
33.884,-118.327,1
32.198,-95.86,1
28.685,-81.509,1
25.841,-80.318,1
32.161,-97.149,1
26.318,-80.091,1
33.884,-117.893,1
33.884,-117.869,1
29.687,-95.123,1
40.043,-75.176,1
33.885,-118.224,1
32.105,-81.25,1
40.043,-75.114,1
40.044,-75.027,1
25.841,-100.375,1
33.885,-117.758,1
40.795,-73.97,1
32.075,34.79,1
32.07,-102.068,1
25.84,-80.12,1
25.506,-80.449,1
32.068,-102.068,1
25.506,-80.478,1
25.84,-80.249,1
32.067,-96.839,1
33.887,-118.379,1
29.743,-95.626,1
33.887,-118.206,1
32.057,-102.083,1
32.04,-81.112,1
33.887,-118.07,1
40.047,-105.281,1
32.036,-101.971,1
29.699,-95.569,1
25.84,-80.321,1
31.932,-97.688,1
33.888,-118.33,1
31.919,-102.286,1
33.888,-118.237,1
33.888,-118.195,1
29.699,-95.622,1
31.912,-102.291,1
33.888,-118.035,1
31.894,-106.409,1
25.839,-80.207,1
33.888,-117.871,1
33.888,-84.505,1
33.889,-118.282,1
33.889,-118.222,1
33.889,-118.193,1
31.89,-102.347,1
33.889,-118.126,1
33.889,-117.567,1
31.886,-81.597,1
33.89,-118.177,1
40.05,-82.895,1
31.855,-103.067,1
33.89,-117.562,1
40.05,-75.131,1
40.053,-76.304,1
33.891,-118.281,1
40.053,-74.587,1
31.848,-103.086,1
31.831,-100.292,1
33.891,-118.159,1
25.839,-80.335,1
31.825,-106.52,1
33.891,-84.312,1
33.892,-118.37,1
40.055,-75.235,1
33.892,-118.301,1
33.892,-118.29,1
33.892,-118.281,1
25.839,-80.367,1
31.823,-106.532,1
31.822,-94.212,1
26.322,-80.185,1
33.892,-84.539,1
33.892,-84.468,1
31.799,-81.372,1
33.892,-84.251,1
31.774,-84.796,1
31.759,-106.487,1
31.757,-106.49,1
26.322,-80.164,1
29.571,-95.743,1
25.838,-80.185,1
33.894,-118.396,1
33.894,-118.326,1
31.732,-95.596,1
31.713,-83.252,1
25.505,-80.429,1
31.686,-96.418,1
40.056,-74.983,1
31.568,-102.908,1
31.566,-97.146,1
31.485,-83.531,1
33.895,-118.227,1
31.468,-97.217,1
33.895,-118.157,1
25.838,-80.261,1
33.895,-117.842,1
28.693,-81.411,1
31.425,-100.452,1
33.895,-84.027,1
33.896,-118.386,1
33.896,-118.349,1
33.896,-118.335,1
25.838,-80.289,1
29.743,-95.863,1
25.505,-80.439,1
33.896,-118.223,1
25.838,-80.372,1
25.838,-80.374,1
33.896,-117.987,1
33.896,-117.955,1
26.323,-80.2,1
33.897,-118.378,1
33.897,-118.33,1
31.332,-85.265,1
29.599,-95.467,1
40.063,-82.96,1
33.897,-118.183,1
31.294,-96.877,1
40.063,-75.185,1
33.897,-117.803,1
33.898,-118.266,1
26.323,-80.078,1
33.898,-118.137,1
31.236,-81.389,1
33.898,-84.251,1
33.899,-118.392,1
33.899,-118.226,1
31.176,121.344,1
33.899,-118.113,1
26.325,-80.114,1
40.064,-75.277,1
31.143,-97.785,1
31.14,-97.728,1
31.1,-97.313,1
31.099,-97.741,1
31.09,-97.363,1
33.9,-118.247,1
31.086,-97.325,1
33.9,-118.16,1
28.697,-81.259,1
31.082,-97.626,1
33.9,-84.218,1
33.901,-118.373,1
25.836,-80.121,1
33.901,-118.299,1
31.082,-97.845,1
25.836,-80.188,1
31.052,-95.124,1
33.901,-117.454,1
33.901,-84.478,1
31.005,-97.005,1
30.999,-97.011,1
30.965,-95.88,1
26.326,-80.166,1
30.908,-102.887,1
30.899,-94.982,1
25.836,-80.235,1
30.852,-95.387,1
33.902,-118.298,1
26.327,-80.15,1
33.902,-118.134,1
33.902,-118.084,1
29.742,-95.42,1
30.761,-96.309,1
33.903,-118.334,1
29.742,-95.453,1
30.727,-86.548,1
40.763,-98.588,1
33.903,-118.025,1
33.903,-118.018,1
26.328,-80.171,1
30.716,-95.555,1
30.714,-95.548,1
40.069,-75.016,1
40.795,-73.923,1
26.329,-80.216,1
30.711,-95.551,1
40.07,-75.193,1
25.835,-80.28,1
30.709,-95.55,1
30.706,-95.563,1
33.904,-118.142,1
30.705,-95.562,1
29.742,-95.472,1
25.834,-80.369,1
33.904,-118.015,1
33.904,-117.498,1
30.696,-95.536,1
30.684,-88.225,1
25.833,-80.193,1
30.671,-97.897,1
30.668,-96.312,1
33.905,-118.232,1
25.833,-80.208,1
30.658,-96.295,1
33.905,-117.516,1
30.652,-97.683,1
25.833,-80.247,1
33.906,-118.3,1
30.645,-96.351,1
30.641,-96.467,1
33.906,-118.163,1
25.833,-80.365,1
26.334,-80.206,1
33.906,-117.478,1
33.906,-84.649,1
40.073,-82.939,1
30.637,-96.356,1
33.907,-118.329,1
30.633,-96.366,1
30.632,-96.381,1
33.907,-118.218,1
25.832,-80.189,1
29.599,-95.608,1
33.907,-84.489,1
25.832,-80.275,1
30.627,-96.334,1
33.907,-84.149,1
33.907,-84.106,1
28.7,-81.332,1
33.908,-118.222,1
25.832,-80.281,1
33.908,-118.159,1
29.599,-95.624,1
30.625,-96.315,1
30.623,-96.312,1
33.908,-84.176,1
33.909,-118.334,1
30.622,-96.343,1
33.909,-118.308,1
25.832,-80.292,1
25.832,-80.293,1
33.909,-118.235,1
29.741,-95.351,1
29.741,-95.396,1
40.075,-74.942,1
33.909,-84.519,1
33.909,-84.288,1
26.334,-80.201,1
40.075,-74.434,1
40.077,-75.04,1
29.741,-95.42,1
1.291,103.846,1
25.831,-80.191,1
29.659,-95.559,1
33.91,-84.467,1
33.91,-84.381,1
25.831,-80.209,1
33.911,-118.262,1
30.62,-96.352,1
30.619,-96.348,1
30.618,-96.308,1
30.618,-96.311,1
30.615,-96.339,1
30.608,-96.349,1
33.911,-117.458,1
30.603,-97.656,1
40.079,-104.81,1
33.911,-84.091,1
29.741,-95.432,1
25.831,-80.257,1
30.6,-97.817,1
33.912,-118.34,1
30.599,-96.328,1
33.912,-118.287,1
30.595,-96.338,1
29.741,-95.453,1
29.687,-95.309,1
30.591,-96.342,1
40.082,-75.362,1
40.082,-75.032,1
33.912,-117.476,1
33.912,-98.516,1
30.59,-96.337,1
33.912,-84.253,1
33.912,-83.929,1
30.588,-96.324,1
33.913,-118.343,1
33.913,-118.259,1
33.913,-118.208,1
33.913,-118.189,1
30.587,-97.613,1
30.585,-88.171,1
30.575,-96.347,1
40.082,-75.001,1
25.83,-80.368,1
28.709,-81.376,1
33.913,-84.474,1
33.913,-84.264,1
30.556,-97.644,1
28.714,-81.444,1
30.548,-92.813,1
25.829,-80.198,1
30.548,-97.654,1
26.336,-80.214,1
29.534,-95.115,1
33.915,-118.229,1
33.915,-118.176,1
33.915,-118.168,1
40.087,-82.939,1
33.915,-117.437,1
33.915,-84.485,1
30.532,-87.274,1
30.53,-97.78,1
30.527,-95.493,1
40.795,-73.19,1
33.916,-118.215,1
30.525,-97.401,1
33.916,-118.06,1
30.52,-95.491,1
33.916,-117.883,1
30.519,-97.671,1
30.511,-97.762,1
25.828,-80.201,1
33.916,-84.254,1
40.796,-74.15,1
25.828,-80.245,1
30.51,-97.678,1
25.828,-80.256,1
25.828,-80.291,1
30.505,-97.782,1
30.503,-97.684,1
30.501,-84.334,1
40.087,-75.394,1
30.5,-94.988,1
33.918,-118.359,1
33.918,-118.353,1
40.088,-75.403,1
33.918,-118.237,1
30.497,-95.032,1
30.497,-97.647,1
25.503,-80.445,1
30.491,-97.694,1
30.487,-86.494,1
33.918,-84.01,1
25.828,-80.368,1
30.486,-84.422,1
33.919,-118.271,1
29.741,-95.577,1
25.827,-80.224,1
25.501,-80.413,1
40.091,-75.387,1
33.919,-117.901,1
30.483,-97.819,1
29.536,-95.284,1
30.483,-97.856,1
33.92,-118.348,1
25.5,-80.439,1
33.92,-118.168,1
25.827,-80.38,1
25.826,-80.212,1
28.727,-81.568,1
30.481,-81.647,1
30.476,-97.787,1
29.599,-98.609,1
33.92,-84.47,1
30.468,-97.787,1
30.467,-95.544,1
25.826,-80.276,1
29.659,-95.248,1
28.729,-81.349,1
40.099,-105.285,1
30.466,-97.606,1
33.921,-118.078,1
26.336,-80.177,1
33.921,-84.291,1
28.743,-81.367,1
25.825,-80.188,1
30.457,-84.314,1
33.922,-118.104,1
40.102,-74.977,1
28.747,-81.768,1
26.336,-80.135,1
30.455,-86.565,1
33.923,-118.356,1
29.74,-95.397,1
25.825,-80.189,1
29.598,-95.115,1
40.107,-75.338,1
29.699,-95.643,1
30.455,-88.637,1
30.455,-97.626,1
30.45,-84.299,1
40.108,-75.324,1
30.444,-84.297,1
40.109,-75.044,1
33.924,-117.859,1
33.924,-117.803,1
33.924,-117.196,1
33.924,-84.553,1
30.441,-84.316,1
30.44,-84.298,1
30.44,-84.31,1
33.925,-118.219,1
33.925,-118.145,1
30.44,-88.526,1
30.44,-95.49,1
33.925,-117.901,1
30.436,-84.293,1
30.436,-84.298,1
33.926,-118.324,1
30.435,-97.731,1
40.109,-74.801,1
40.111,-88.239,1
29.537,-95.536,1
33.926,-84.31,1
33.927,-118.378,1
30.434,-95.48,1
26.337,-80.182,1
30.433,-97.667,1
33.927,-118.275,1
29.598,-95.212,1
30.433,-97.828,1
33.927,-118.164,1
40.113,-74.984,1
30.432,-91.15,1
33.927,-118.082,1
30.432,-97.699,1
33.927,-116.943,1
33.927,-84.056,1
30.426,-95.359,1
26.338,-80.172,1
30.426,-97.631,1
30.424,-84.233,1
25.825,-80.383,1
30.422,-97.846,1
33.928,-118.174,1
29.558,-98.654,1
30.421,-97.845,1
33.928,-118.09,1
30.42,-84.318,1
40.119,-74.954,1
30.411,-97.64,1
40.122,-75.017,1
25.824,-80.271,1
33.929,-118.214,1
33.929,-118.203,1
-23.557,-46.653,1
33.929,-117.001,1
33.93,-118.426,1
33.93,-118.417,1
28.751,-81.336,1
26.339,-80.14,1
40.123,-79.554,1
29.74,-95.443,1
33.93,-118.154,1
33.93,-118.139,1
29.68,-95.131,1
33.93,-118.11,1
-23.581,-46.69,1
28.752,-81.276,1
25.824,-80.376,1
40.8,-73.996,1
33.93,-117.933,1
33.93,-84.282,1
29.538,-95.136,1
30.407,-97.744,1
25.823,-80.243,1
30.392,-97.751,1
25.823,-80.265,1
33.931,-118.166,1
30.391,-97.733,1
33.931,-118.14,1
26.341,-80.118,1
29.698,-95.395,1
33.931,-118.046,1
33.931,-117.219,1
33.931,-84.088,1
33.931,-84.018,1
30.389,-95.407,1
33.931,-83.788,1
29.598,-95.538,1
30.387,-95.326,1
30.386,-95.663,1
26.342,-80.132,1
30.38,-87.672,1
30.38,-97.648,1
33.932,-117.974,1
33.932,-117.567,1
33.932,-117.484,1
29.74,-95.508,1
25.823,-80.355,1
33.932,-84.304,1
28.757,-81.255,1
40.143,-75.116,1
25.823,-80.363,1
25.823,-80.372,1
33.933,-118.21,1
30.377,-97.71,1
26.343,-80.212,1
26.344,-80.202,1
33.933,-117.424,1
30.371,-97.266,1
30.37,-96.029,1
25.822,-80.229,1
33.934,-117.413,1
30.37,-97.941,1
30.369,-95.587,1
29.74,-95.515,1
33.935,-118.379,1
33.935,-118.296,1
33.935,-118.207,1
30.364,-97.741,1
33.935,-118.076,1
30.363,-95.675,1
26.344,-80.155,1
30.359,-95.686,1
29.74,-95.558,1
33.935,-117.263,1
33.935,-84.392,1
30.355,-95.484,1
26.344,-80.089,1
33.936,-118.107,1
30.353,-87.266,1
30.351,76.444,1
40.154,-76.044,1
33.936,-117.461,1
33.936,-83.766,1
30.351,-95.378,1
40.8,-73.943,1
30.351,-97.693,1
25.822,-80.281,1
29.54,-95.674,1
40.155,-75.411,1
30.349,-95.273,1
30.349,-95.589,1
40.801,-74.127,1
33.938,-118.281,1
25.822,-80.335,1
30.347,-95.525,1
30.346,-95.437,1
29.54,-95.672,1
33.938,-118.039,1
33.938,-117.932,1
33.938,-117.529,1
26.346,-80.199,1
30.344,-97.703,1
30.342,-81.611,1
40.745,-73.9,1
25.821,-80.226,1
33.938,-84.034,1
25.821,-80.283,1
40.156,-105.066,1
30.339,-97.59,1
33.939,-117.908,1
30.338,-95.474,1
25.821,-80.325,1
29.66,-95.273,1
33.94,-118.352,1
30.338,-97.971,1
26.346,-80.084,1
40.161,-104.981,1
3.016,-76.482,1
29.74,-95.578,1
33.94,-117.487,1
33.94,-117.234,1
30.335,-97.708,1
26.347,-80.085,1
33.941,-118.415,1
30.334,-97.608,1
25.82,-80.125,1
25.82,-80.188,1
33.941,-118.268,1
30.333,-95.421,1
33.941,-118.252,1
33.941,-118.188,1
28.758,-81.228,1
33.941,-117.993,1
33.941,-117.992,1
29.74,-95.746,1
40.17,-74.118,1
33.941,-84.369,1
33.942,-118.341,1
25.82,-80.23,1
29.598,-95.622,1
30.331,-95.465,1
28.759,-81.361,1
40.175,-105.098,1
33.942,-118.217,1
33.942,-118.106,1
33.942,-117.934,1
33.942,-117.236,1
33.942,-84.154,1
30.331,-95.48,1
25.497,-80.444,1
30.329,-95.44,1
30.328,-95.466,1
33.944,-118.236,1
30.327,-95.41,1
33.944,-118.157,1
33.944,-118.098,1
25.82,-80.24,1
33.944,-117.299,1
33.944,-84.149,1
26.349,-80.14,1
30.326,-81.658,1
30.325,-95.19,1
28.762,-81.36,1
25.82,-80.335,1
40.182,-74.908,1
30.325,-95.424,1
33.945,-117.424,1
30.325,-95.43,1
33.945,-84.202,1
29.661,-95.717,1
30.325,-95.466,1
33.946,-118.241,1
33.946,-118.201,1
30.325,-95.476,1
25.82,-80.361,1
25.496,-80.436,1
26.349,-80.085,1
40.801,-73.964,1
26.35,-80.174,1
3.398,-76.546,1
30.319,-81.576,1
30.318,-95.333,1
25.819,-80.223,1
40.186,-75.543,1
40.802,-74.339,1
30.317,-81.677,1
33.947,-84.079,1
33.947,-83.936,1
30.317,-95.471,1
28.766,-81.579,1
33.948,-118.301,1
25.819,-80.31,1
25.819,-80.312,1
30.317,-97.701,1
30.315,-81.698,1
33.948,-118.135,1
33.948,-118.089,1
25.819,-80.331,1
29.739,-95.361,1
33.948,-117.445,1
30.314,-95.389,1
30.314,-97.707,1
30.312,-81.474,1
25.819,-80.377,1
26.35,-80.087,1
33.949,-118.087,1
30.312,-95.466,1
33.95,-118.333,1
30.311,-97.705,1
30.31,-97.734,1
33.95,-117.988,1
30.309,-95.465,1
33.95,-84.074,1
26.35,-80.084,1
30.306,-81.654,1
25.818,-80.221,1
29.698,-95.777,1
30.306,-95.427,1
26.353,-80.204,1
40.197,-105.104,1
26.354,-80.232,1
30.302,-95.46,1
33.952,-118.023,1
30.302,-97.736,1
33.952,-117.421,1
30.297,-81.392,1
33.952,-84.353,1
29.739,-95.379,1
25.818,-80.258,1
33.953,-118.352,1
33.953,-118.346,1
33.953,-118.278,1
26.358,-80.131,1
40.802,-74.17,1
25.818,-80.329,1
40.2,-74.734,1
26.359,-80.126,1
33.953,-118.136,1
40.201,-74.79,1
40.201,-74.728,1
33.953,-117.402,1
40.205,-74.811,1
30.293,-97.743,1
40.206,-76.973,1
33.954,-118.257,1
33.954,-118.218,1
33.954,-118.13,1
26.36,-80.121,1
30.291,-97.772,1
30.29,-97.747,1
33.955,-118.435,1
25.817,-80.331,1
30.289,-97.75,1
40.762,-73.919,1
40.206,-76.739,1
30.286,-95.788,1
29.739,-95.386,1
25.817,-80.383,1
29.739,-95.464,1
25.491,-80.448,1
25.816,-80.129,1
25.816,-80.223,1
30.285,-95.462,1
33.955,-84.131,1
25.816,-80.242,1
29.739,-95.484,1
30.285,-97.739,1
40.215,-75.137,1
30.285,-97.743,1
30.285,-97.744,1
30.284,-81.529,1
33.956,-84.132,1
25.816,-80.337,1
33.956,-83.382,1
40.219,-77.211,1
25.816,-80.383,1
40.219,-74.74,1
33.957,-117.39,1
30.284,-97.737,1
30.283,-97.741,1
26.36,-80.085,1
40.22,-74.712,1
33.958,-118.387,1
25.815,-80.192,1
30.278,-95.139,1
33.958,-118.153,1
25.815,-80.197,1
40.221,-74.088,1
25.815,-80.316,1
40.222,-82.981,1
33.959,-118.406,1
40.762,-73.969,1
33.959,-118.275,1
30.273,-95.136,1
40.222,-74.77,1
30.271,-81.59,1
30.271,-97.743,1
33.959,-118.154,1
33.959,-118.152,1
33.959,-118.136,1
33.959,-118.031,1
33.959,-117.908,1
26.361,-80.117,1
29.661,-95.557,1
25.815,-80.355,1
26.362,-80.133,1
9.079,7.485,1
33.959,-84.353,1
25.815,-80.38,1
-23.592,-46.685,1
30.267,-97.738,1
30.267,-97.741,1
29.739,-95.492,1
29.661,-95.497,1
30.266,-97.593,1
40.24,-74.784,1
40.243,-75.646,1
33.96,-117.631,1
33.96,-84.815,1
40.244,-75.286,1
30.265,-95.459,1
30.259,-81.525,1
33.961,-118.255,1
30.258,-81.521,1
26.364,-80.128,1
33.961,-84.468,1
30.257,-95.883,1
33.961,-83.376,1
33.962,-118.45,1
25.814,-80.186,1
33.962,-118.319,1
33.962,-118.31,1
40.244,-74.777,1
33.962,-118.178,1
25.814,-80.191,1
33.962,-118.169,1
25.814,-80.193,1
25.814,-80.235,1
33.963,-118.276,1
33.963,-118.222,1
33.963,-118.175,1
26.365,-80.226,1
33.963,-84.218,1
25.814,-80.241,1
30.256,-97.693,1
28.767,-81.291,1
30.255,-81.499,1
40.251,-74.094,1
33.964,-118.148,1
26.365,-80.136,1
29.739,-95.528,1
33.964,-84.18,1
30.255,-97.744,1
25.814,-80.33,1
33.965,-118.275,1
25.814,-80.333,1
29.598,-95.795,1
30.254,-97.738,1
33.965,-118.095,1
33.965,-117.408,1
30.253,-81.518,1
30.253,-95.821,1
26.367,-80.198,1
30.252,-97.699,1
30.251,-81.501,1
33.966,-118.241,1
33.966,-118.211,1
33.966,-117.598,1
33.966,-84.246,1
29.698,-95.783,1
26.367,-80.174,1
33.967,-118.258,1
33.967,-118.215,1
40.263,-76.854,1
40.265,-75.655,1
33.967,-117.735,1
29.661,-95.174,1
30.249,-95.111,1
26.368,-80.188,1
30.245,-81.521,1
29.54,-95.436,1
33.968,-84.415,1
26.368,-80.187,1
25.813,-80.195,1
-23.635,-46.641,1
40.281,-74.091,1
33.969,-84.551,1
25.813,-80.205,1
26.368,-80.128,1
40.303,-74.79,1
30.241,-97.716,1
25.813,-80.249,1
33.97,-118.182,1
30.24,-95.671,1
33.97,-118.091,1
26.369,-80.103,1
29.57,-95.388,1
30.238,-97.789,1
40.314,-76.02,1
29.54,-95.1,1
29.739,-95.531,1
40.807,-74.143,1
30.235,-95.308,1
33.971,-118.185,1
30.234,-97.691,1
26.372,-80.117,1
25.813,-80.331,1
33.971,-117.366,1
33.971,-84.535,1
30.233,-95.5,1
33.972,-118.392,1
25.812,-80.125,1
33.972,-117.35,1
30.232,-81.741,1
33.972,-84.068,1
33.973,-118.43,1
33.973,-118.308,1
33.973,-118.247,1
40.316,-73.995,1
25.812,-80.141,1
30.23,-95.5,1
29.597,-95.462,1
25.812,-80.192,1
30.227,-95.241,1
33.973,-84.055,1
33.974,-118.458,1
33.974,-118.314,1
30.227,-95.316,1
33.974,-118.223,1
33.974,-118.192,1
33.974,-117.342,1
30.227,-95.501,1
30.227,-97.724,1
30.226,-95.283,1
33.975,-118.333,1
33.975,-118.299,1
33.975,-118.209,1
33.975,-118.203,1
40.319,-74.697,1
30.226,-95.492,1
33.975,-118.034,1
26.376,-80.114,1
29.698,-95.846,1
33.975,-81.262,1
33.976,-118.416,1
28.772,-81.279,1
40.336,-76.861,1
33.976,-118.253,1
30.225,-95.38,1
30.225,-97.62,1
30.224,-95.602,1
25.812,-80.299,1
40.337,-74.596,1
30.222,-85.672,1
40.807,-73.914,1
40.345,-78.945,1
33.977,-118.262,1
30.222,-85.865,1
33.977,-118.2,1
40.345,-74.659,1
25.812,-80.35,1
29.681,-95.683,1
28.777,-81.352,1
30.222,-95.236,1
30.222,-95.34,1
30.221,-97.689,1
26.383,-80.124,1
30.219,-95.565,1
40.352,-75.917,1
30.218,-95.344,1
28.779,-81.264,1
33.978,-84.094,1
33.978,-83.422,1
40.355,-75.916,1
30.217,-95.519,1
30.216,-95.161,1
30.216,-95.422,1
33.979,-118.41,1
40.356,-104.699,1
33.979,-118.357,1
33.979,-118.3,1
26.385,-80.121,1
33.979,-117.326,1
30.216,-95.677,1
40.363,-105.504,1
33.98,-118.409,1
30.215,-95.096,1
33.98,-118.322,1
33.98,-118.183,1
29.739,-95.844,1
33.98,-117.378,1
33.98,-117.376,1
33.98,-117.337,1
29.698,-95.852,1
40.808,-79.942,1
33.981,-118.422,1
33.981,-118.366,1
30.215,-95.305,1
40.368,-74.405,1
26.385,-80.078,1
33.981,-84.487,1
26.386,-80.2,1
29.698,-96.541,1
30.214,-95.749,1
33.982,-118.326,1
25.811,-80.19,1
25.811,-80.196,1
33.982,-83.993,1
33.982,-81.211,1
28.781,-81.292,1
33.983,-118.458,1
30.213,-93.377,1
33.983,-117.842,1
30.213,-97.873,1
33.983,-117.368,1
33.983,-117.338,1
33.984,-118.444,1
-25.305,-57.573,1
29.738,-95.239,1
30.212,-95.468,1
26.392,-80.127,1
33.984,-117.748,1
40.385,-74.114,1
26.392,-80.102,1
25.811,-80.318,1
33.985,-118.25,1
33.985,-118.181,1
30.211,-95.529,1
33.985,-118.107,1
28.793,-81.318,1
33.986,-118.394,1
29.662,-95.505,1
33.986,-118.29,1
29.662,-95.48,1
30.211,-95.724,1
25.811,-80.369,1
29.662,-95.319,1
25.485,-80.42,1
30.21,-95.75,1
40.398,-74.135,1
40.401,-111.94,1
33.986,-84.343,1
30.209,-95.161,1
33.987,-117.41,1
26.393,-80.076,1
26.394,-80.127,1
33.988,-118.329,1
29.697,-95.192,1
33.988,-117.335,1
30.208,-95.476,1
33.988,-83.936,1
30.208,-95.526,1
29.738,-95.389,1
30.205,-95.458,1
25.811,-80.38,1
26.396,-80.144,1
25.811,-80.381,1
33.99,-118.269,1
40.408,-80.086,1
30.205,-95.554,1
33.99,-117.715,1
33.99,-117.398,1
33.99,-84.02,1
25.811,-80.382,1
33.991,-118.317,1
33.992,-118.318,1
29.662,-95.209,1
30.202,-95.455,1
26.398,-80.076,1
33.992,-83.788,1
30.201,-95.709,1
30.199,-95.078,1
25.481,-80.415,1
30.198,-95.204,1
30.198,-97.76,1
33.993,-83.735,1
29.738,-95.391,1
30.197,-95.219,1
33.994,-118.252,1
30.197,-95.43,1
33.994,-83.996,1
29.595,-95.191,1
25.81,-80.355,1
33.995,-118.314,1
33.995,-118.294,1
29.663,-95.641,1
33.995,-118.203,1
30.197,-95.588,1
26.402,-80.077,1
30.196,-95.072,1
40.416,-74.428,1
29.738,-95.395,1
26.403,-81.81,1
30.196,-95.498,1
40.748,-73.981,1
30.196,-95.503,1
33.996,-117.584,1
40.42,-104.704,1
30.195,-95.529,1
33.997,-118.421,1
33.997,-118.417,1
33.997,-118.088,1
33.997,-117.653,1
30.194,-81.55,1
25.809,-80.265,1
30.193,-95.424,1
33.998,-118.264,1
33.998,-118.145,1
33.998,-117.931,1
33.998,-96.373,1
29.738,-95.427,1
30.192,-95.497,1
33.998,-84.587,1
33.998,-84.171,1
26.405,-80.1,1
33.999,-118.448,1
33.999,-118.312,1
25.809,-80.281,1
26.406,-80.197,1
30.191,-95.719,1
33.999,-117.973,1
29.541,-95.127,1
33.999,-117.545,1
33.999,-84.718,1
34.0,-118.409,1
34.0,-118.395,1
25.809,-80.309,1
34.0,-118.247,1
34.0,-117.847,1
30.19,-95.615,1
25.809,-80.314,1
34.002,-118.313,1
30.189,-95.451,1
34.002,-118.225,1
25.809,-80.332,1
34.002,-118.054,1
40.761,-73.875,1
30.189,-95.625,1
40.422,-74.408,1
34.003,-118.489,1
30.188,-95.27,1
28.796,-81.335,1
30.186,-95.805,1
34.003,-118.287,1
34.003,-118.286,1
34.003,-118.17,1
30.185,-95.617,1
25.808,-80.123,1
34.003,-117.578,1
34.003,-84.086,1
30.183,-93.249,1
30.182,-95.534,1
34.004,-118.249,1
34.005,-118.428,1
25.481,-80.463,1
25.808,-80.19,1
29.663,-95.615,1
34.005,-117.387,1
34.005,-83.355,1
26.416,-80.064,1
40.428,-86.911,1
34.006,-118.311,1
30.18,-95.055,1
26.418,-80.101,1
34.006,-118.087,1
30.178,-95.321,1
30.178,-95.45,1
30.178,-95.487,1
40.431,-79.954,1
29.663,-95.565,1
25.808,-80.257,1
26.42,-80.076,1
30.177,-95.535,1
34.007,-93.174,1
30.176,-95.451,1
26.426,-80.095,1
26.428,-80.08,1
25.808,-80.326,1
30.175,-98.094,1
26.433,-80.127,1
34.008,-84.003,1
40.435,-111.898,1
30.173,-96.4,1
30.172,-95.221,1
40.809,-73.511,1
30.172,-95.766,1
30.172,-96.371,1
30.172,-97.823,1
30.171,-95.22,1
40.435,-74.49,1
29.595,-95.404,1
34.01,-118.117,1
26.434,-80.085,1
28.8,-81.299,1
30.171,-95.582,1
40.761,-73.878,1
30.169,-95.211,1
40.748,-73.986,1
34.011,-118.262,1
26.437,-80.115,1
29.738,-95.518,1
40.439,-3.698,1
26.437,-80.102,1
40.81,-74.114,1
25.807,-80.331,1
40.761,-73.892,1
25.807,-80.336,1
34.012,-117.577,1
25.807,-80.349,1
30.168,-95.14,1
34.013,-118.295,1
40.441,-104.941,1
34.013,-118.283,1
26.438,-80.079,1
29.738,-95.522,1
34.013,-118.251,1
30.167,-95.235,1
30.165,-95.965,1
30.164,-95.008,1
40.443,-79.928,1
34.015,-118.296,1
26.443,-81.765,1
25.806,-80.193,1
34.015,-118.069,1
34.016,-118.496,1
34.016,-118.402,1
34.016,-118.362,1
30.164,-95.464,1
34.016,-118.167,1
26.444,-80.077,1
26.449,-80.089,1
26.452,-80.159,1
34.017,-118.498,1
30.162,-95.184,1
29.663,-95.54,1
30.162,-95.463,1
30.161,-95.141,1
34.017,-118.423,1
30.161,-95.203,1
40.445,-74.178,1
34.017,-118.158,1
25.806,-80.228,1
40.761,-73.914,1
34.017,-117.979,1
34.017,-117.388,1
34.017,-96.412,1
34.018,-118.496,1
30.161,-96.407,1
25.806,-80.289,1
40.81,-73.952,1
34.018,-118.278,1
25.806,-80.301,1
34.018,-118.181,1
30.159,-95.078,1
40.446,-79.948,1
40.448,-86.944,1
30.159,-95.465,1
30.158,-95.604,1
25.48,-80.425,1
25.806,-80.34,1
34.019,-118.472,1
29.558,-95.766,1
34.019,-118.407,1
34.019,-118.402,1
26.455,-80.076,1
30.157,-97.404,1
34.019,-118.282,1
26.456,-80.128,1
34.02,-118.494,1
25.806,-80.385,1
34.02,-118.422,1
-26.821,-65.215,1
30.155,-95.199,1
25.805,-80.124,1
30.155,-95.332,1
29.738,-95.571,1
30.153,-95.1,1
30.153,-95.619,1
34.02,-117.496,1
40.451,-74.381,1
30.153,-97.792,1
34.021,-118.317,1
30.152,-95.098,1
26.461,127.923,1
26.462,-80.096,1
30.148,-95.671,1
34.021,-118.231,1
25.805,-80.189,1
34.021,-118.208,1
40.452,-74.37,1
40.453,-75.818,1
34.021,-117.871,1
26.462,-80.071,1
29.663,-95.408,1
34.022,-118.41,1
34.022,-118.407,1
34.022,-118.284,1
34.022,-118.282,1
40.456,-3.682,1
40.457,-80.016,1
25.805,-80.228,1
34.022,-118.182,1
34.022,-118.167,1
25.805,-80.233,1
34.022,-117.912,1
40.458,-80.18,1
25.805,-80.249,1
34.023,-118.295,1
25.805,-80.334,1
28.805,-81.244,1
28.806,-81.262,1
25.804,-80.125,1
30.144,-95.329,1
25.804,-80.197,1
34.024,-118.278,1
34.024,-118.258,1
34.024,-118.171,1
30.143,-95.473,1
30.141,-95.134,1
30.141,-95.422,1
25.804,-80.206,1
29.697,-95.532,1
34.025,-118.296,1
30.141,-95.554,1
30.14,-95.263,1
34.025,-118.194,1
34.025,-118.105,1
40.464,-86.905,1
26.464,-81.775,1
34.025,-117.704,1
28.807,-81.642,1
34.025,-83.791,1
30.139,-95.099,1
34.026,-118.406,1
30.139,-95.266,1
40.471,-86.945,1
30.139,-95.52,1
30.139,-95.658,1
30.138,-85.587,1
34.026,-117.74,1
34.026,-117.11,1
26.481,-80.11,1
40.874,-73.987,1
34.027,-118.277,1
25.804,-80.34,1
25.804,-80.36,1
34.027,-84.743,1
34.027,-84.563,1
40.477,-83.898,1
34.028,-118.519,1
34.028,-118.396,1
40.478,-74.287,1
34.028,-118.275,1
26.483,-80.117,1
34.028,-118.126,1
30.138,-95.582,1
40.479,-74.455,1
34.029,-118.416,1
25.804,-80.369,1
34.029,-118.298,1
34.029,-118.285,1
25.803,-80.188,1
25.803,-80.191,1
34.029,-118.099,1
29.737,-94.957,1
30.137,-95.275,1
34.029,-117.844,1
40.811,-74.007,1
34.029,-117.627,1
26.486,-81.788,1
26.49,-80.068,1
34.03,-118.423,1
30.135,-95.545,1
26.497,-80.086,1
26.498,-80.187,1
34.03,-118.323,1
34.03,-118.284,1
29.681,-95.666,1
34.03,-118.266,1
26.501,-80.076,1
34.03,-118.17,1
25.803,-80.208,1
26.502,-80.054,1
34.03,-117.943,1
29.595,-95.43,1
29.737,-95.262,1
34.03,-84.857,1
34.03,-84.256,1
30.133,-93.775,1
34.031,-118.386,1
34.031,-118.371,1
30.133,-95.638,1
34.031,-118.309,1
40.493,-105.06,1
29.737,-95.376,1
30.133,-97.641,1
34.031,-118.268,1
26.512,-80.122,1
34.031,-118.222,1
40.495,-74.444,1
29.663,-95.188,1
29.737,-95.394,1
40.501,-78.637,1
34.032,-118.383,1
34.032,-118.288,1
30.132,-95.654,1
34.032,-118.283,1
29.737,-95.425,1
40.502,-74.524,1
26.514,-80.184,1
26.516,-80.174,1
30.131,-95.436,1
34.033,-118.437,1
40.505,-80.136,1
30.13,-95.234,1
34.033,-118.335,1
34.033,-118.318,1
29.737,-95.441,1
29.542,-95.546,1
26.524,-80.15,1
26.524,-80.068,1
30.129,-95.387,1
30.129,-95.392,1
30.127,-93.762,1
25.802,-80.331,1
25.802,-80.354,1
25.802,-80.366,1
34.034,-118.447,1
26.526,-80.069,1
26.527,-81.764,1
25.801,-80.197,1
30.126,-95.233,1
34.034,-118.141,1
-26.832,-65.222,1
25.801,-80.202,1
30.126,-95.446,1
26.528,-80.191,1
26.528,-80.093,1
34.035,-118.285,1
34.035,-118.275,1
34.035,-118.241,1
40.51,-74.265,1
30.125,-95.558,1
26.529,-80.061,1
34.036,-118.28,1
28.808,-81.323,1
-27.456,152.953,1
30.124,-95.486,1
26.53,-80.069,1
34.037,-118.256,1
34.037,-118.241,1
26.533,-80.108,1
30.122,-95.746,1
26.543,-80.103,1
26.543,-80.088,1
34.037,-84.34,1
34.037,-84.105,1
25.801,-80.228,1
30.12,-95.433,1
34.038,-118.274,1
30.12,-95.547,1
34.038,-118.253,1
34.038,-117.913,1
40.513,-74.416,1
34.038,-83.984,1
40.515,-111.931,1
26.544,-80.094,1
30.118,-95.554,1
26.544,-80.092,1
34.039,-118.263,1
34.039,-118.05,1
34.039,-84.053,1
29.595,-95.466,1
34.04,-118.331,1
25.801,-80.344,1
34.04,-118.19,1
34.04,-118.188,1
34.04,-118.163,1
30.117,-95.25,1
34.04,-117.549,1
29.737,-95.476,1
34.041,-118.447,1
25.8,-80.132,1
34.041,-118.259,1
26.544,-80.089,1
29.595,-95.545,1
25.478,-80.415,1
25.8,-80.201,1
34.041,-84.688,1
34.042,-118.459,1
30.117,-95.56,1
34.042,-118.342,1
30.117,-95.67,1
34.042,-118.286,1
29.664,-95.715,1
34.042,-118.259,1
40.748,-73.99,1
34.042,-118.193,1
30.116,-95.436,1
25.8,-80.202,1
29.737,-95.496,1
34.042,-83.939,1
34.043,-118.712,1
34.043,-118.467,1
30.115,-95.397,1
40.761,-73.972,1
25.478,-80.433,1
25.8,-80.203,1
29.543,-95.781,1
25.8,-80.219,1
30.114,-96.046,1
30.113,-95.234,1
30.112,-93.234,1
26.546,-80.071,1
40.528,-74.436,1
34.044,-118.289,1
30.112,-95.527,1
30.112,-95.56,1
40.529,-89.019,1
34.044,-84.276,1
26.547,-80.078,1
25.8,-80.327,1
29.737,-95.521,1
40.53,-3.921,1
30.11,-95.128,1
40.761,-73.977,1
34.046,-118.263,1
34.046,-118.222,1
34.046,-118.142,1
29.737,-95.522,1
34.046,-118.049,1
34.046,-117.977,1
34.047,-118.448,1
29.543,-95.149,1
25.799,-80.193,1
34.047,-118.272,1
30.11,-95.733,1
34.047,-117.45,1
40.536,-74.491,1
28.815,-96.972,1
34.048,-118.341,1
34.048,-118.264,1
28.816,-81.829,1
30.109,-82.773,1
34.048,-118.217,1
34.048,-118.195,1
30.109,-95.253,1
29.664,-95.612,1
34.049,-118.432,1
34.049,-118.326,1
25.799,-80.224,1
25.799,-80.25,1
26.548,-80.082,1
34.049,-118.203,1
25.799,-80.26,1
34.049,-117.817,1
25.799,-80.264,1
25.799,-80.319,1
34.05,-118.414,1
40.875,-74.226,1
40.541,-74.371,1
34.05,-118.263,1
29.697,-95.657,1
34.05,-118.256,1
34.05,-118.218,1
34.05,-118.122,1
25.799,-80.336,1
25.799,-80.359,1
30.109,-95.549,1
30.109,-95.732,1
30.107,-95.408,1
26.549,-80.082,1
40.543,-74.373,1
40.544,-80.015,1
34.051,-118.257,1
30.106,-95.786,1
30.105,-81.485,1
26.553,-81.85,1
34.051,-117.778,1
26.561,-81.852,1
34.051,-117.173,1
34.051,-84.664,1
34.051,-84.071,1
34.051,-83.999,1
40.549,-105.053,1
26.568,-80.173,1
34.052,-118.306,1
40.55,-75.592,1
34.052,-118.27,1
30.104,-95.252,1
29.697,-95.851,1
30.103,-95.252,1
25.798,-80.263,1
34.052,-118.034,1
30.103,-95.398,1
25.798,-80.283,1
30.102,-95.23,1
26.575,-80.12,1
34.052,-84.071,1
34.052,-83.994,1
30.102,-95.607,1
34.053,-118.446,1
30.1,-95.441,1
30.099,-95.543,1
28.817,-81.291,1
34.053,-118.284,1
34.053,-118.273,1
34.053,-118.268,1
34.053,-118.245,1
30.098,-95.41,1
34.053,-117.695,1
30.098,-95.498,1
25.798,-80.371,1
34.054,-118.389,1
30.097,-95.606,1
34.054,-118.262,1
29.664,-95.503,1
28.838,-82.047,1
40.566,-75.473,1
25.797,-80.132,1
34.054,-117.685,1
26.576,-81.871,1
34.055,-118.465,1
25.797,-80.195,1
26.576,-80.062,1
34.055,-118.378,1
29.543,-95.059,1
34.055,-118.298,1
34.055,-118.288,1
34.055,-118.287,1
30.096,-95.444,1
25.797,-80.27,1
34.055,-117.899,1
40.566,-74.11,1
30.095,-95.139,1
30.095,-95.291,1
34.056,-118.305,1
30.095,-95.435,1
34.056,-118.177,1
26.579,-80.173,1
30.095,-95.575,1
25.474,-80.374,1
30.095,-95.622,1
25.796,-80.187,1
25.796,-80.189,1
30.094,-95.492,1
40.568,-74.378,1
30.094,-95.543,1
34.058,-118.301,1
34.058,-118.297,1
34.058,-118.294,1
40.812,-74.263,1
40.761,-73.981,1
34.058,-118.276,1
30.094,-95.578,1
28.839,-81.316,1
34.058,-118.106,1
34.058,-117.821,1
34.059,-118.442,1
29.737,-95.606,1
25.796,-80.28,1
30.094,-95.614,1
34.059,-118.015,1
34.059,-117.803,1
34.06,-118.439,1
29.664,-95.151,1
26.58,-80.058,1
34.06,-118.314,1
40.748,-73.998,1
40.574,-74.27,1
34.06,-118.294,1
26.581,-81.598,1
40.761,-73.982,1
30.092,-96.079,1
40.574,-74.131,1
40.575,-74.337,1
30.091,-95.235,1
34.06,-83.932,1
34.061,-118.354,1
34.061,-118.349,1
25.796,-80.327,1
40.575,-74.168,1
25.796,-80.353,1
25.473,-80.431,1
30.091,-95.433,1
30.091,-95.618,1
26.588,-80.133,1
30.09,-97.804,1
25.795,-80.188,1
34.062,-118.45,1
30.089,-95.632,1
29.737,-95.736,1
29.564,-95.684,1
40.577,-105.094,1
40.577,-74.004,1
26.588,-80.094,1
30.087,-95.624,1
26.588,-80.092,1
34.062,-118.202,1
40.814,-73.929,1
40.578,-105.119,1
25.795,-80.216,1
25.795,-80.223,1
25.472,-80.435,1
30.086,-95.553,1
40.58,-74.336,1
34.063,-118.248,1
25.795,-80.228,1
26.589,-80.152,1
29.737,-95.834,1
26.589,-80.117,1
30.085,-95.417,1
26.59,-81.607,1
29.696,-95.227,1
40.814,-73.91,1
26.592,-81.874,1
30.085,-95.759,1
25.472,-80.445,1
30.084,-95.265,1
34.064,-117.689,1
34.064,-84.788,1
40.581,-75.535,1
30.084,-95.354,1
25.795,-80.362,1
29.665,-95.929,1
34.065,-118.015,1
34.065,-117.622,1
34.065,-84.666,1
25.795,-80.392,1
34.066,-118.431,1
40.581,-73.938,1
29.736,-95.099,1
26.593,-80.166,1
25.472,-80.469,1
30.083,-95.441,1
40.815,-74.216,1
34.067,-118.443,1
40.584,-74.229,1
34.067,-118.407,1
34.067,-118.399,1
25.794,-80.19,1
28.86,-81.315,1
26.594,-80.141,1
26.596,-80.052,1
34.067,-118.262,1
25.794,-80.223,1
30.082,-95.518,1
26.597,-81.639,1
26.598,-80.132,1
34.067,-83.988,1
30.08,-92.669,1
30.08,-95.562,1
25.794,-80.259,1
34.068,-118.305,1
34.068,-118.296,1
40.585,-73.973,1
40.586,-74.669,1
40.586,-73.993,1
26.6,-80.052,1
34.068,-118.164,1
34.068,-118.134,1
34.068,-118.132,1
26.601,-80.114,1
26.602,-80.115,1
30.079,-96.005,1
30.079,-96.078,1
26.605,-80.093,1
29.736,-95.384,1
25.793,-80.205,1
34.069,-118.382,1
26.608,-81.787,1
34.069,-118.297,1
29.696,-95.243,1
40.761,-73.997,1
30.075,-81.494,1
25.793,-80.22,1
34.069,-117.939,1
29.736,-95.404,1
34.069,-117.584,1
40.588,-73.938,1
34.069,-84.26,1
30.075,-95.502,1
34.07,-118.141,1
34.07,-118.139,1
34.07,-118.099,1
40.761,-73.998,1
26.613,-80.037,1
30.073,-95.472,1
26.614,-80.113,1
25.472,-80.48,1
34.071,-118.357,1
29.665,-95.598,1
40.59,-75.387,1
25.472,-80.489,1
29.665,-95.576,1
30.073,-95.547,1
25.793,-80.26,1
30.073,-95.663,1
29.696,-95.275,1
34.071,-117.583,1
40.592,-74.595,1
30.072,-95.243,1
34.072,-118.402,1
29.594,-98.595,1
34.072,-118.375,1
34.072,-118.308,1
30.072,-95.502,1
25.793,-80.275,1
34.072,-118.086,1
34.072,-117.99,1
26.615,-80.07,1
26.615,-80.068,1
34.072,-117.609,1
34.072,-117.308,1
34.072,-84.165,1
26.616,-80.078,1
26.617,-80.293,1
34.073,-118.375,1
40.593,-74.068,1
34.073,-118.28,1
34.073,-118.26,1
34.073,-118.24,1
25.793,-80.299,1
34.073,-117.906,1
34.073,-84.578,1
30.071,-95.461,1
26.618,-80.052,1
40.593,-74.066,1
26.618,-80.037,1
30.07,-95.578,1
26.619,-80.144,1
34.074,-117.653,1
34.074,-85.092,1
29.736,-95.419,1
34.075,-118.37,1
29.736,-95.466,1
34.075,-118.297,1
25.793,-80.33,1
34.075,-117.482,1
34.075,-117.322,1
26.62,-80.126,1
34.075,-84.312,1
34.075,-84.294,1
34.075,-84.275,1
30.069,-95.388,1
-30.913,-55.522,1
26.621,-80.062,1
34.076,-118.282,1
34.076,-118.216,1
25.793,-80.374,1
34.076,-117.729,1
34.076,-117.62,1
34.076,-117.308,1
30.069,-95.441,1
30.069,-95.573,1
34.077,-117.957,1
40.594,-73.961,1
25.793,-80.409,1
25.792,-80.129,1
34.077,-117.322,1
26.622,-81.587,1
30.069,-95.765,1
28.885,-81.227,1
34.078,-118.362,1
30.069,-95.957,1
26.622,-80.106,1
26.622,-80.084,1
40.596,-73.928,1
29.736,-95.494,1
25.792,-80.144,1
34.078,-84.439,1
34.078,-84.313,1
34.079,-118.299,1
34.079,-117.621,1
34.079,-117.579,1
26.623,-80.123,1
25.792,-80.191,1
28.888,-81.162,1
30.065,-95.445,1
30.065,-95.769,1
26.626,-80.109,1
34.08,-118.091,1
30.064,-95.251,1
-31.406,-64.186,1
34.08,-117.714,1
25.471,-80.485,1
29.593,-95.488,1
26.627,-80.114,1
34.081,-118.073,1
29.736,-95.565,1
28.891,-98.642,1
34.081,-117.725,1
34.081,-117.636,1
40.598,-73.757,1
34.082,-118.344,1
29.681,-95.654,1
29.593,-95.626,1
30.064,-95.427,1
30.064,-95.435,1
34.082,-117.715,1
30.063,-95.235,1
30.063,-95.544,1
28.898,-81.188,1
25.792,-80.26,1
29.736,-95.605,1
34.083,-117.963,1
30.062,-95.154,1
29.665,-95.326,1
34.084,-118.399,1
26.629,-80.105,1
40.76,-73.921,1
29.736,-95.758,1
28.901,-81.288,1
34.084,-118.135,1
25.792,-80.305,1
30.062,-95.766,1
34.084,-84.253,1
34.085,-118.331,1
30.061,-95.241,1
34.085,-118.079,1
25.792,-80.376,1
34.086,-118.301,1
25.469,-80.463,1
26.629,-80.067,1
34.086,-117.417,1
30.061,-95.431,1
26.63,-80.235,1
29.687,-95.508,1
34.087,-118.307,1
34.087,-118.292,1
34.087,-117.962,1
34.087,-117.887,1
26.631,-80.134,1
25.791,-80.14,1
30.06,-95.522,1
25.791,-80.143,1
34.088,-118.345,1
25.791,-80.184,1
29.736,-95.817,1
25.791,-80.19,1
25.469,-80.481,1
29.683,-82.424,1
25.791,-80.228,1
30.06,-95.6,1
40.601,-73.954,1
30.059,-95.125,1
40.601,-73.946,1
34.09,-118.385,1
26.632,-81.575,1
34.09,-118.349,1
29.665,-95.198,1
30.059,-95.437,1
34.09,-118.201,1
34.09,-118.021,1
25.791,-80.251,1
30.058,-94.22,1
29.735,-95.083,1
6.457,3.477,1
25.791,-80.26,1
40.602,-73.913,1
30.058,-95.361,1
34.091,-117.698,1
25.469,-80.497,1
34.092,-118.089,1
30.058,-97.81,1
40.876,-73.9,1
29.735,-95.375,1
34.093,-118.385,1
30.057,-95.253,1
34.093,-118.325,1
30.057,-95.435,1
34.093,-118.016,1
29.56,-95.725,1
34.093,-117.671,1
25.791,-80.413,1
25.468,-80.425,1
34.094,-117.884,1
25.79,-80.13,1
30.057,-95.594,1
28.911,-81.26,1
26.632,-80.068,1
40.604,-75.398,1
34.096,-118.334,1
34.096,-118.328,1
30.056,-95.377,1
28.911,-81.191,1
26.633,-82.001,1
30.055,-95.928,1
34.097,-83.806,1
34.098,-118.368,1
25.79,-80.212,1
26.636,-81.783,1
26.637,-80.13,1
26.638,-81.932,1
40.604,-73.995,1
30.054,-95.579,1
40.876,-73.842,1
25.79,-80.267,1
40.604,-73.979,1
40.605,-75.493,1
26.638,-80.148,1
34.099,-118.294,1
34.099,-118.243,1
26.638,-80.112,1
34.099,-118.029,1
25.468,-80.509,1
34.099,-117.609,1
40.605,-74.15,1
34.1,-118.347,1
34.1,-118.338,1
26.639,-80.125,1
34.1,-118.26,1
25.79,-80.307,1
30.054,-95.785,1
34.1,-117.41,1
29.735,-95.431,1
28.918,-81.289,1
40.605,-73.942,1
26.639,-80.092,1
34.101,-83.769,1
30.053,-95.35,1
30.053,-95.378,1
26.639,-80.09,1
30.053,-95.438,1
30.053,-95.451,1
29.735,-95.466,1
25.79,-80.412,1
34.103,-118.323,1
26.64,-80.147,1
34.103,-118.288,1
34.103,-118.257,1
34.103,-118.235,1
25.789,-80.135,1
29.569,-95.561,1
30.053,-96.11,1
34.103,-117.575,1
25.789,-80.139,1
30.052,-95.371,1
40.606,-74.046,1
29.593,-95.655,1
29.735,-95.541,1
26.641,-80.056,1
40.76,-73.974,1
26.644,-80.098,1
29.592,-95.135,1
34.105,-118.332,1
29.735,-95.56,1
26.645,-81.988,1
30.051,-95.438,1
40.818,-73.896,1
26.645,-80.101,1
28.935,-81.256,1
40.607,-73.965,1
34.106,-118.292,1
26.646,-81.974,1
28.94,-95.361,1
30.05,-94.899,1
26.646,-80.144,1
30.05,-95.86,1
34.107,-117.193,1
25.789,-80.225,1
34.108,-118.205,1
30.049,-95.506,1
26.648,-80.092,1
34.108,-117.36,1
29.735,-95.589,1
34.108,-117.289,1
34.109,-118.152,1
28.942,-81.221,1
34.109,-118.044,1
40.76,-73.975,1
29.735,-95.762,1
30.048,-95.686,1
34.11,-117.584,1
34.11,-117.579,1
34.11,-117.563,1
-31.425,-64.188,1
34.11,-84.129,1
40.608,-73.987,1
30.047,-95.623,1
34.111,-117.863,1
34.111,-84.575,1
34.111,-84.027,1
29.735,-95.786,1
25.789,-80.374,1
34.112,-118.115,1
29.569,-95.676,1
34.112,-117.184,1
34.113,-118.243,1
30.046,-95.363,1
34.113,-117.573,1
34.113,-84.574,1
34.113,-83.904,1
34.113,-83.876,1
30.046,-95.483,1
25.789,-80.401,1
40.609,-74.085,1
34.115,-118.21,1
34.115,-117.257,1
29.687,-95.67,1
26.652,-80.142,1
25.788,-80.133,1
30.046,-95.876,1
34.116,-81.253,1
29.735,-95.819,1
40.609,-73.924,1
26.652,-80.125,1
30.044,-95.537,1
34.118,-117.898,1
34.118,-117.823,1
34.118,-117.603,1
30.044,-97.813,1
34.119,-93.093,1
34.12,-118.422,1
34.12,-118.212,1
34.12,-117.538,1
26.652,-80.123,1
34.121,-118.226,1
34.121,-117.357,1
34.122,-117.813,1
34.123,-117.968,1
34.123,-83.751,1
30.043,-95.727,1
30.043,-95.763,1
28.96,-81.204,1
30.042,-95.369,1
30.041,-95.01,1
40.61,-75.476,1
34.126,-117.706,1
40.819,-74.092,1
34.127,-117.885,1
34.127,-117.589,1
30.04,-95.49,1
25.788,-80.213,1
26.657,-80.718,1
34.128,-117.899,1
30.039,-95.552,1
34.129,-118.076,1
40.76,-73.985,1
30.038,-95.249,1
30.038,-95.616,1
30.038,-95.624,1
34.13,-84.224,1
28.962,-82.423,1
34.131,-117.406,1
30.038,-95.799,1
34.132,-118.351,1
30.037,-95.23,1
34.132,-118.063,1
34.133,-118.26,1
26.658,-80.119,1
34.133,-117.969,1
34.133,-117.533,1
34.134,-118.246,1
34.134,-118.206,1
29.543,-95.019,1
30.037,-95.553,1
30.037,-95.581,1
30.036,-95.607,1
29.734,-95.368,1
30.036,-95.686,1
26.658,-80.104,1
25.788,-80.256,1
40.611,-73.981,1
40.76,-74.248,1
25.788,-80.342,1
34.136,-118.255,1
26.659,-80.056,1
26.662,-80.262,1
25.788,-80.374,1
40.612,-74.005,1
34.136,-117.496,1
26.663,-80.254,1
29.666,-95.515,1
25.788,-80.382,1
26.663,-80.211,1
25.46,-80.436,1
25.788,-80.413,1
25.787,-80.13,1
30.032,-95.43,1
34.137,-117.597,1
30.032,-95.502,1
40.613,-74.076,1
34.137,-117.433,1
28.981,-95.31,1
30.032,-95.583,1
26.664,-80.2,1
25.787,-80.156,1
30.031,-95.109,1
26.665,-80.106,1
29.592,-95.138,1
4.091,-73.629,1
26.666,-80.717,1
25.787,-80.21,1
26.667,-80.253,1
25.787,-80.213,1
34.14,-118.137,1
34.14,-118.011,1
25.787,-80.224,1
34.14,-117.315,1
25.787,-80.242,1
30.029,-95.435,1
25.459,-80.465,1
34.141,-117.905,1
26.669,-82.015,1
34.142,-118.435,1
34.142,-118.266,1
40.819,-73.939,1
30.029,-95.834,1
26.669,-80.116,1
26.671,-81.994,1
25.458,-80.457,1
30.028,-95.459,1
34.144,-118.395,1
34.144,-118.268,1
34.144,-118.257,1
34.144,-118.133,1
30.028,-95.52,1
30.028,-95.561,1
30.027,-95.48,1
40.745,-73.925,1
25.458,-80.459,1
34.145,-84.49,1
34.146,-118.257,1
40.615,-74.083,1
34.146,-118.127,1
34.146,-118.121,1
30.027,-95.523,1
25.787,-80.383,1
26.673,-80.67,1
34.147,-118.263,1
26.673,-80.107,1
25.787,-80.389,1
30.027,-95.811,1
34.147,-118.249,1
30.026,-95.259,1
34.147,-118.131,1
34.147,-118.121,1
26.673,-80.062,1
34.147,-117.84,1
30.026,-95.434,1
34.147,-84.206,1
29.734,-95.404,1
34.148,-118.433,1
40.615,-73.989,1
26.674,-81.563,1
34.148,-118.253,1
40.615,-73.988,1
30.025,-90.07,1
34.148,-118.227,1
34.148,-118.133,1
34.148,-118.125,1
34.148,-118.082,1
34.149,-118.804,1
30.025,-95.459,1
30.025,-95.524,1
29.734,-95.44,1
30.025,-95.628,1
26.678,-80.111,1
25.786,-80.256,1
26.678,-80.096,1
26.679,-80.111,1
29.008,-82.188,1
34.15,-84.03,1
29.666,-95.414,1
29.666,-95.358,1
34.151,-118.267,1
29.734,-95.544,1
30.024,-95.427,1
26.68,-81.946,1
40.618,-74.024,1
40.82,-74.234,1
30.024,-95.787,1
34.152,-119.198,1
34.152,-118.828,1
34.152,-118.451,1
25.785,-80.135,1
34.152,-118.25,1
25.785,-80.199,1
34.153,-118.759,1
30.023,-95.42,1
34.153,-118.439,1
34.153,-118.422,1
34.153,-118.397,1
34.153,-118.275,1
34.153,-118.26,1
34.153,-118.252,1
29.734,-95.564,1
25.785,-80.22,1
26.681,-80.14,1
34.154,-118.261,1
34.154,-118.258,1
34.154,-118.257,1
26.681,-80.112,1
30.023,-97.731,1
30.022,-93.844,1
30.022,-95.3,1
29.013,-82.481,1
30.022,-95.42,1
29.734,-95.638,1
34.156,-118.794,1
29.014,-81.992,1
40.619,-74.254,1
34.156,-118.367,1
26.681,-80.036,1
34.156,-118.352,1
30.022,-95.576,1
29.592,-95.468,1
29.734,-95.859,1
34.157,-118.438,1
34.157,-118.328,1
30.021,-95.298,1
25.785,-80.266,1
34.158,-118.457,1
40.62,-111.899,1
34.158,-118.367,1
34.159,-119.044,1
34.159,-118.44,1
25.785,-80.285,1
29.734,-98.677,1
30.021,-95.362,1
40.62,-74.082,1
30.021,-95.658,1
26.685,-80.119,1
34.161,-118.469,1
30.02,-95.506,1
40.877,-74.124,1
25.455,-80.459,1
29.733,-95.235,1
30.02,-95.596,1
26.693,-80.352,1
26.694,-81.962,1
30.019,-95.557,1
34.162,-118.376,1
30.019,-95.876,1
26.695,-80.237,1
30.018,-90.125,1
40.621,-74.025,1
34.163,-118.484,1
29.733,-95.378,1
30.018,-95.166,1
40.621,-73.936,1
34.163,-118.376,1
30.018,-95.576,1
34.163,-118.371,1
25.784,-80.206,1
30.018,-95.651,1
34.164,-118.444,1
25.784,-80.233,1
30.018,-95.655,1
30.017,-95.362,1
34.165,-118.373,1
34.165,-118.359,1
26.695,-80.147,1
34.165,-118.237,1
40.622,-75.44,1
25.784,-80.334,1
29.696,-95.496,1
29.018,-81.322,1
40.622,-73.975,1
40.623,-75.38,1
30.017,-95.594,1
25.784,-80.336,1
30.016,-95.265,1
29.681,-95.553,1
34.168,-118.583,1
26.696,-80.098,1
26.696,-80.094,1
25.783,-80.13,1
26.697,-80.118,1
26.698,-80.081,1
40.623,-73.959,1
34.169,-118.388,1
34.169,-118.383,1
40.624,-74.011,1
30.016,-95.575,1
29.733,-95.438,1
4.439,-75.194,1
29.026,-81.327,1
25.783,-80.231,1
26.7,-80.357,1
26.703,-80.136,1
26.703,-80.037,1
40.625,-75.387,1
26.704,-80.361,1
34.171,-118.375,1
30.015,-95.599,1
34.171,-118.12,1
26.705,-81.959,1
25.783,-80.266,1
34.172,-118.524,1
34.172,-118.457,1
26.705,-80.057,1
25.783,-80.291,1
34.172,-118.314,1
40.759,-73.97,1
34.172,-118.27,1
30.014,-95.411,1
30.014,-95.434,1
25.783,-80.324,1
34.173,-118.38,1
25.783,-80.328,1
34.173,-118.295,1
29.733,-95.502,1
40.759,-73.979,1
34.174,-118.346,1
25.783,-80.367,1
34.175,-118.538,1
30.014,-95.582,1
34.175,-118.142,1
30.014,-95.636,1
26.706,-81.979,1
34.176,-118.327,1
29.696,-95.735,1
34.177,-118.6,1
26.706,-80.159,1
25.782,-80.191,1
29.033,-95.462,1
30.013,-95.422,1
26.706,-80.158,1
30.013,-95.507,1
29.033,-95.338,1
34.177,-117.329,1
25.782,-80.196,1
29.733,-95.545,1
30.012,-95.094,1
34.178,-118.532,1
30.012,-95.311,1
30.012,-95.449,1
34.178,-118.198,1
34.178,-118.152,1
34.179,-118.599,1
29.592,-95.471,1
34.179,-118.381,1
30.012,-95.867,1
34.179,-118.131,1
34.18,-118.803,1
29.034,-81.217,1
34.18,-118.595,1
30.011,-95.265,1
34.18,-118.423,1
26.707,-80.111,1
34.181,-118.53,1
34.181,-118.47,1
34.181,-118.467,1
30.011,-95.45,1
34.181,-117.321,1
40.626,-73.974,1
26.707,-80.096,1
34.182,-118.537,1
34.182,-118.531,1
26.707,-80.057,1
26.708,-80.358,1
40.627,-74.414,1
34.182,-118.362,1
34.182,-118.288,1
29.035,-95.455,1
34.182,-84.426,1
34.183,-118.89,1
34.183,-118.609,1
26.708,-80.206,1
34.183,-118.504,1
26.708,-80.166,1
-33.421,-70.659,1
30.011,-95.63,1
25.782,-80.357,1
34.183,-118.31,1
25.782,-80.387,1
26.71,-80.241,1
26.711,-80.182,1
40.627,-73.961,1
40.628,-75.485,1
25.781,-80.136,1
34.184,-84.156,1
26.711,-80.176,1
30.01,-95.266,1
29.56,-95.372,1
40.628,-73.943,1
29.733,-95.628,1
34.185,-118.577,1
26.711,-80.118,1
26.712,-80.2,1
29.036,-95.427,1
25.781,-80.196,1
40.629,-74.268,1
34.186,-118.605,1
29.733,-95.65,1
30.009,-94.957,1
25.781,-80.222,1
30.009,-95.144,1
30.009,-95.195,1
25.781,-80.265,1
29.696,-95.793,1
25.781,-80.274,1
34.186,-118.217,1
34.187,-118.597,1
26.714,-81.815,1
34.187,-118.456,1
30.009,-95.462,1
34.187,-118.449,1
34.187,-118.448,1
40.63,-74.406,1
26.715,-80.034,1
34.187,-118.418,1
26.716,-80.084,1
26.717,-80.111,1
34.187,-77.94,1
-33.438,-70.588,1
29.036,-82.181,1
40.63,-73.963,1
26.718,-80.143,1
34.188,-118.511,1
34.188,-118.486,1
40.63,-73.962,1
26.718,-80.099,1
34.188,-84.47,1
30.007,-95.282,1
26.719,-80.349,1
30.007,-95.519,1
26.719,-80.052,1
26.719,-80.04,1
30.007,-95.659,1
34.19,-118.595,1
40.759,-73.982,1
34.19,-118.537,1
40.822,-73.856,1
29.733,-95.837,1
29.038,-81.321,1
29.039,-81.321,1
30.006,-95.416,1
30.006,-96.117,1
25.446,-80.443,1
29.042,-95.704,1
26.72,-80.053,1
34.191,-118.45,1
25.78,-80.218,1
34.191,-118.396,1
25.78,-80.223,1
29.065,-82.275,1
26.721,-80.105,1
26.721,-80.078,1
34.192,-118.382,1
30.005,-95.503,1
34.192,-118.332,1
34.192,-118.331,1
34.193,-118.626,1
26.723,-80.112,1
40.632,-74.157,1
30.004,-95.419,1
25.446,-80.499,1
26.725,-80.095,1
34.194,-118.572,1
30.004,-95.763,1
29.076,-96.461,1
30.003,-95.408,1
34.194,-118.43,1
26.728,-80.055,1
26.731,-80.277,1
29.544,-95.119,1
30.002,-95.27,1
25.78,-80.27,1
30.002,-95.424,1
34.194,-83.858,1
34.195,-118.617,1
26.731,-80.114,1
40.823,-97.195,1
34.195,-118.533,1
26.732,-81.926,1
34.195,-118.405,1
25.444,-80.444,1
26.733,-80.308,1
34.195,-118.324,1
30.002,-95.591,1
34.195,-84.813,1
40.633,-74.026,1
30.002,-95.78,1
30.002,-95.856,1
34.196,-118.35,1
30.001,-95.269,1
25.444,-80.453,1
29.089,-81.03,1
30.001,-95.302,1
40.633,-73.994,1
30.001,-95.431,1
34.198,-118.243,1
40.633,-73.972,1
30.001,-95.56,1
34.199,-118.593,1
30.001,-95.848,1
26.74,-81.932,1
34.2,-118.624,1
30.0,-95.373,1
30.0,-95.561,1
30.0,-95.562,1
34.2,-118.469,1
29.681,-95.46,1
26.747,-81.444,1
26.752,-80.095,1
26.752,-80.062,1
40.633,-73.906,1
25.78,-80.29,1
29.103,-95.097,1
26.752,-80.055,1
25.78,-80.324,1
25.414,-80.506,1
34.201,-118.407,1
29.732,-95.757,1
34.202,-118.592,1
29.999,-95.404,1
29.999,-95.465,1
34.202,-118.222,1
29.732,-95.896,1
34.203,-118.591,1
40.634,-73.976,1
34.203,-118.501,1
40.634,-73.951,1
29.732,-95.907,1
34.204,-118.873,1
29.999,-95.486,1
26.755,-81.4,1
29.696,-95.866,1
29.998,-90.213,1
34.205,-118.327,1
25.78,-80.344,1
34.206,-118.474,1
34.206,-118.453,1
29.998,-95.246,1
25.78,-80.346,1
25.78,-80.347,1
26.757,-80.083,1
34.207,-118.2,1
40.634,-73.944,1
40.634,-73.637,1
26.759,-80.093,1
40.635,-75.351,1
29.731,-95.389,1
34.209,-118.578,1
34.209,-118.576,1
29.545,-98.411,1
40.635,-73.905,1
34.209,-118.395,1
34.209,-118.375,1
34.21,-119.157,1
34.21,-118.572,1
34.21,-118.508,1
34.21,-118.421,1
25.779,-80.138,1
34.21,-118.397,1
29.731,-95.432,1
40.636,-112.06,1
29.998,-95.571,1
34.211,-118.421,1
26.76,-80.105,1
25.144,-80.399,1
26.762,-81.447,1
26.768,-80.262,1
25.779,-80.252,1
25.779,-80.26,1
29.997,-95.698,1
34.212,-118.397,1
26.778,-80.04,1
40.636,-74.026,1
26.782,-80.089,1
29.996,-95.188,1
34.214,-118.552,1
26.782,-80.035,1
34.214,-118.512,1
29.996,-95.576,1
40.636,-74.01,1
34.214,-83.888,1
34.214,-83.477,1
29.996,-95.673,1
34.215,-118.825,1
29.695,-95.248,1
34.215,-118.528,1
26.794,-80.11,1
34.215,-118.512,1
26.797,-80.101,1
26.801,-80.078,1
34.215,-118.223,1
29.124,-81.017,1
34.216,-118.515,1
25.779,-80.273,1
25.779,-80.277,1
25.779,-80.28,1
40.636,-73.924,1
29.568,-95.407,1
34.216,-118.334,1
29.731,-95.465,1
34.217,-118.607,1
26.808,-80.074,1
34.217,-118.462,1
29.545,-95.828,1
40.637,-73.944,1
25.779,-80.322,1
25.779,-80.331,1
25.779,-80.334,1
29.995,-95.569,1
40.759,-73.99,1
29.994,-94.968,1
34.218,-118.556,1
26.81,-80.32,1
25.779,-80.343,1
25.779,-80.348,1
34.218,-118.243,1
26.811,-80.122,1
34.22,-119.092,1
25.137,-77.334,1
29.695,-95.412,1
34.22,-118.445,1
26.811,-80.096,1
29.993,-95.273,1
29.993,-95.276,1
34.221,-118.484,1
26.819,-80.1,1
26.823,-80.066,1
25.778,-80.158,1
25.778,-80.198,1
34.222,-118.429,1
29.667,-95.628,1
40.639,-74.02,1
25.778,-80.212,1
34.223,-118.513,1
40.639,-74.018,1
40.639,-73.953,1
29.993,-95.436,1
34.223,-118.233,1
34.224,-118.528,1
26.836,-80.134,1
34.224,-118.367,1
26.838,-80.112,1
40.639,-73.945,1
34.225,-118.476,1
25.778,-80.234,1
26.838,-80.09,1
34.226,-118.588,1
34.226,-118.465,1
40.759,-73.994,1
34.226,-118.254,1
29.667,-95.611,1
25.778,-80.256,1
34.227,-118.466,1
26.845,-80.106,1
25.778,-80.267,1
26.845,-80.093,1
34.228,-118.424,1
34.229,-118.452,1
29.991,-95.563,1
25.126,-80.41,1
34.229,-118.372,1
34.23,-118.55,1
40.759,-74.031,1
29.99,-95.552,1
29.695,-95.538,1
26.858,-80.101,1
25.778,-80.308,1
34.231,-118.414,1
34.231,-118.39,1
34.232,-118.563,1
34.232,-118.471,1
40.64,-73.987,1
25.778,-80.322,1
34.232,-118.447,1
34.232,-118.372,1
34.232,-118.25,1
34.233,-118.548,1
34.233,-118.463,1
34.233,-118.27,1
26.858,-80.09,1
34.233,-118.251,1
25.778,-80.334,1
29.989,-95.318,1
26.865,-80.115,1
34.234,-118.556,1
29.989,-95.349,1
25.778,-80.364,1
40.641,-74.166,1
29.731,-95.466,1
29.545,-95.788,1
25.012,-80.518,1
26.88,-82.003,1
40.641,-73.957,1
40.641,-73.954,1
34.236,-118.468,1
26.88,-80.055,1
34.236,-118.42,1
40.642,-73.987,1
29.988,-95.333,1
29.988,-95.339,1
25.778,-80.377,1
34.236,-84.496,1
26.883,-80.097,1
34.237,-118.571,1
26.892,-80.088,1
34.237,-118.534,1
29.127,-81.012,1
24.9,-80.655,1
29.988,-95.408,1
40.644,-74.343,1
29.988,-95.497,1
26.904,-80.305,1
26.934,-105.706,1
34.238,-118.527,1
40.644,-74.111,1
26.942,-80.096,1
25.777,-80.188,1
34.238,-118.451,1
34.238,-118.414,1
34.238,-118.394,1
25.777,-80.192,1
26.946,-80.084,1
34.239,-118.449,1
34.239,-118.284,1
34.24,-118.562,1
29.986,-94.03,1
34.24,-118.525,1
29.986,-95.255,1
40.823,-73.92,1
29.667,-95.584,1
26.957,-80.085,1
27.014,-82.142,1
29.731,-95.48,1
34.241,-118.556,1
27.029,-80.482,1
34.241,-118.538,1
40.644,-74.017,1
27.056,-80.117,1
34.241,-117.272,1
25.777,-80.221,1
34.242,-118.555,1
29.986,-95.437,1
27.087,-80.254,1
27.131,-82.414,1
40.644,-74.013,1
27.143,-80.203,1
27.151,-91.211,1
34.243,-118.534,1
34.243,-118.472,1
25.777,-80.271,1
27.162,-80.284,1
29.545,-95.272,1
27.182,-80.255,1
29.731,-95.494,1
29.546,-98.512,1
29.985,-95.34,1
34.246,-118.59,1
25.777,-80.312,1
34.246,-116.9,1
34.247,-118.607,1
34.247,-118.523,1
29.985,-95.348,1
34.247,-118.444,1
27.208,-80.326,1
40.644,-73.964,1
27.209,-80.372,1
27.211,-80.832,1
34.248,-118.525,1
29.985,-95.679,1
34.248,-118.385,1
29.133,-110.963,1
27.228,-80.409,1
29.667,-95.499,1
27.235,-80.272,1
29.134,-95.435,1
34.249,-118.427,1
34.249,-118.407,1
25.776,-80.138,1
34.249,-118.275,1
25.776,-80.172,1
40.824,-73.952,1
29.546,-95.396,1
34.25,-118.445,1
25.776,-80.187,1
34.251,-118.523,1
34.251,-118.469,1
40.877,-73.917,1
34.251,-118.436,1
29.681,-95.387,1
25.776,-80.195,1
40.888,-74.112,1
25.776,-80.197,1
34.252,-117.183,1
27.245,-80.226,1
24.578,-81.751,1
29.984,-95.438,1
29.731,-95.581,1
27.246,-80.472,1
29.983,-95.485,1
25.776,-80.23,1
25.776,-80.266,1
25.776,-80.296,1
29.983,-95.504,1
34.255,-118.293,1
40.645,-73.776,1
29.983,-95.695,1
29.983,-95.727,1
27.252,-80.352,1
25.776,-80.325,1
27.254,-82.469,1
40.645,-73.576,1
34.257,-118.293,1
29.982,-95.282,1
27.255,-80.282,1
29.731,-95.602,1
34.258,-118.473,1
29.694,-95.166,1
29.981,-95.277,1
29.98,-95.366,1
27.262,-80.401,1
34.259,-118.423,1
25.776,-80.363,1
27.264,-80.35,1
29.979,-95.212,1
4.445,-75.185,1
27.267,-82.466,1
27.268,-80.274,1
29.667,-95.224,1
25.776,-80.409,1
29.978,-95.251,1
25.775,-80.132,1
29.978,-95.566,1
34.263,-118.309,1
34.264,-119.228,1
29.546,-95.293,1
29.978,-95.572,1
25.775,-80.138,1
34.265,-118.502,1
25.775,-80.141,1
34.266,-118.523,1
34.266,-118.403,1
29.731,-95.61,1
25.775,-80.188,1
29.731,-98.045,1
34.268,-118.77,1
24.554,-81.801,1
34.268,-118.407,1
25.775,-80.19,1
27.283,-80.385,1
29.977,-95.71,1
29.976,-95.417,1
40.758,-73.881,1
27.291,-82.538,1
29.73,-94.956,1
34.27,-118.523,1
27.291,-80.297,1
29.975,-95.211,1
29.975,-95.218,1
29.975,-95.278,1
29.975,-95.437,1
40.646,-73.798,1
25.775,-80.244,1
29.154,-81.027,1
27.292,-80.395,1
40.647,-74.018,1
29.591,-95.476,1
25.775,-80.298,1
27.292,-80.339,1
29.975,-95.7,1
34.273,-118.756,1
40.826,-73.951,1
27.294,-80.446,1
34.273,-118.501,1
34.273,-118.491,1
29.974,-93.978,1
34.274,-118.389,1
27.303,-82.448,1
29.974,-95.2,1
34.275,-118.469,1
27.311,-80.364,1
29.974,-95.459,1
34.277,-118.417,1
34.277,-118.408,1
25.775,-109.031,1
40.647,-73.791,1
34.278,-118.753,1
29.973,-95.412,1
25.774,-80.132,1
40.648,-74.191,1
25.774,-80.138,1
34.281,-118.375,1
25.774,-80.19,1
34.282,-118.55,1
29.973,-95.477,1
29.973,-95.535,1
29.972,-95.412,1
34.284,-118.772,1
27.318,-80.338,1
29.972,-95.433,1
23.078,-109.705,1
34.285,-118.621,1
34.285,-118.504,1
34.285,-82.865,1
34.287,-118.413,1
27.321,-80.354,1
40.648,-73.962,1
34.289,-118.451,1
27.321,-80.348,1
23.026,-74.009,1
29.972,-95.776,1
40.65,-75.333,1
40.826,-73.922,1
25.774,-80.239,1
34.292,-118.438,1
29.971,-95.408,1
40.65,-74.642,1
34.293,-83.827,1
29.559,-95.767,1
22.29,113.939,1
40.827,-73.993,1
34.295,-118.502,1
40.65,-74.011,1
29.971,-95.413,1
29.568,-98.393,1
29.546,-95.071,1
25.774,-80.328,1
40.65,-73.928,1
34.3,-118.582,1
29.73,-95.438,1
27.323,-80.356,1
34.301,-118.424,1
34.302,-118.438,1
34.304,-118.477,1
34.304,-118.445,1
40.827,-73.95,1
40.827,-73.947,1
27.326,-80.34,1
40.651,-74.009,1
40.651,-74.005,1
29.971,-95.533,1
27.336,-80.411,1
27.337,-80.361,1
27.342,-82.497,1
34.315,-118.42,1
29.97,-95.527,1
29.97,-95.714,1
25.773,-80.188,1
34.325,-118.436,1
29.969,-90.124,1
25.773,-80.19,1
29.969,-95.432,1
34.367,-89.519,1
27.368,-80.391,1
34.369,-83.892,1
40.651,-74.004,1
34.378,-80.068,1
34.379,-118.524,1
34.38,-118.531,1
34.383,-84.068,1
34.385,-117.251,1
29.969,-95.494,1
29.969,-95.773,1
40.651,-73.965,1
29.73,-95.458,1
25.773,-80.202,1
29.73,-95.463,1
29.165,-81.106,1
40.652,-74.02,1
34.404,-118.912,1
29.591,-95.667,1
34.406,-118.45,1
40.652,-73.956,1
34.41,-118.561,1
34.413,-118.558,1
40.827,-73.927,1
25.773,-80.235,1
34.416,-117.353,1
40.652,-73.926,1
34.418,-118.563,1
34.418,-118.482,1
34.418,-118.454,1
29.73,-95.491,1
29.969,-97.787,1
34.421,-118.617,1
25.773,-80.257,1
34.428,-118.562,1
29.968,-95.228,1
34.429,-119.877,1
40.653,-111.806,1
29.174,-81.122,1
40.653,-74.236,1
27.39,-82.483,1
40.758,-73.983,1
34.438,-118.566,1
27.406,-82.516,1
34.438,-83.127,1
34.44,-119.739,1
27.408,-80.329,1
29.967,-95.778,1
29.668,-95.67,1
29.966,-95.211,1
29.966,-95.218,1
34.452,-118.501,1
34.454,-118.549,1
34.457,-118.616,1
27.418,-82.555,1
25.773,-80.311,1
27.419,-80.393,1
34.472,-118.554,1
34.473,-117.333,1
34.479,-117.397,1
29.547,-95.843,1
25.773,-80.331,1
34.484,-80.004,1
4.533,-75.714,1
27.42,-82.547,1
34.49,-117.336,1
34.493,-117.16,1
25.773,-80.365,1
34.494,-93.071,1
34.499,-117.349,1
34.502,-85.804,1
34.504,-83.913,1
34.507,-117.292,1
34.509,-118.636,1
21.994,-159.349,1
34.527,-117.311,1
29.591,-98.623,1
34.539,-118.051,1
29.668,-95.552,1
34.545,-118.041,1
40.655,-74.911,1
29.177,-81.027,1
40.758,-74.0,1
34.556,-78.975,1
29.965,-95.686,1
27.427,-80.368,1
40.655,-73.879,1
34.57,-118.096,1
40.655,-73.809,1
40.655,-73.646,1
21.853,-102.318,1
25.772,-80.14,1
29.59,-95.099,1
34.591,-118.138,1
29.965,-95.689,1
34.592,-118.147,1
27.43,-80.38,1
34.593,-118.149,1
29.547,-95.754,1
25.772,-80.185,1
40.656,-74.013,1
34.603,-86.498,1
34.621,-82.784,1
34.641,-118.07,1
29.964,-95.172,1
29.964,-95.452,1
34.656,-118.208,1
34.659,-98.413,1
29.686,-95.24,1
25.772,-80.188,1
4.597,-74.18,1
34.67,135.46,1
29.73,-95.772,1
34.677,-118.087,1
34.677,-118.068,1
34.682,-118.183,1
34.684,-82.824,1
40.656,-73.614,1
34.686,-82.822,1
40.657,-74.428,1
29.964,-95.65,1
34.698,-118.183,1
25.772,-80.196,1
34.698,-82.167,1
40.657,-74.197,1
29.963,-95.192,1
34.71,-118.118,1
29.963,-95.444,1
25.772,-80.202,1
34.723,-92.259,1
34.724,-112.006,1
21.426,-157.794,1
27.459,-80.325,1
29.668,-95.261,1
25.772,-80.203,1
34.745,-92.288,1
34.752,-117.336,1
34.756,-86.65,1
29.188,-95.427,1
27.474,-82.397,1
34.811,-86.969,1
29.962,-95.457,1
34.813,-77.421,1
40.757,-73.581,1
27.484,-82.411,1
34.822,-118.957,1
4.602,-74.064,1
34.824,135.657,1
27.501,-80.36,1
27.502,-99.506,1
34.855,-82.336,1
34.856,-82.26,1
29.668,-95.167,1
40.659,-74.251,1
34.86,-82.345,1
29.961,-95.392,1
29.961,-95.426,1
29.961,-95.475,1
34.898,-117.007,1
34.9,-82.234,1
27.514,-81.495,1
34.907,-82.375,1
27.53,-97.842,1
34.922,-80.958,1
40.659,-74.243,1
40.827,-73.926,1
34.936,-82.375,1
34.948,-80.979,1
29.73,-95.903,1
34.956,-81.008,1
34.958,-80.685,1
29.961,-95.67,1
40.659,-73.688,1
29.961,-95.738,1
34.978,-82.014,1
40.66,-73.998,1
34.981,-90.039,1
34.983,-120.444,1
34.987,-90.005,1
34.991,-80.65,1
27.544,-99.5,1
34.997,-90.04,1
29.729,-95.416,1
27.552,-99.484,1
35.001,-90.044,1
25.772,-80.321,1
35.002,-80.563,1
35.003,-78.9,1
27.581,-80.495,1
29.59,-95.602,1
35.02,-80.999,1
29.729,-95.431,1
29.96,-95.572,1
35.021,-80.692,1
35.027,-85.307,1
35.031,-111.735,1
35.033,-81.11,1
35.033,-80.894,1
35.034,-79.066,1
29.96,-95.675,1
35.046,-89.764,1
35.047,-86.301,1
40.661,-73.988,1
35.055,-80.85,1
35.056,-80.64,1
29.694,-95.444,1
35.058,-80.728,1
21.335,-157.932,1
29.959,-95.298,1
35.061,-89.938,1
40.662,-73.888,1
25.771,-80.138,1
25.771,-80.144,1
29.959,-95.471,1
35.067,-80.613,1
25.771,-80.191,1
29.729,-95.437,1
40.662,-73.711,1
29.959,-95.5,1
35.073,-80.58,1
35.074,-106.618,1
35.075,-89.905,1
35.076,-78.965,1
40.662,-73.572,1
40.663,-74.207,1
40.664,-111.416,1
35.082,-81.658,1
25.771,-80.192,1
29.959,-95.562,1
35.085,-117.955,1
35.088,-106.649,1
35.088,-106.619,1
35.088,-84.035,1
29.958,-81.476,1
35.093,-106.645,1
35.096,-80.874,1
35.097,-81.667,1
35.099,-89.844,1
35.099,-81.04,1
35.101,-106.518,1
35.101,-80.916,1
25.771,-80.193,1
40.664,-75.612,1
35.105,-89.837,1
35.107,-80.891,1
35.107,-80.714,1
29.958,-95.397,1
21.329,-157.924,1
35.111,-78.961,1
35.114,-80.862,1
29.958,-95.462,1
35.116,-80.882,1
27.633,-80.438,1
35.117,-80.869,1
35.117,-80.861,1
35.117,-80.684,1
27.64,-80.513,1
35.12,-81.072,1
35.12,-80.981,1
35.121,-80.967,1
27.71,-97.368,1
21.302,-157.79,1
35.127,-80.768,1
35.128,-80.862,1
40.664,-73.931,1
35.129,-79.025,1
35.133,-78.875,1
35.134,-118.441,1
27.731,-82.475,1
29.957,-95.569,1
29.198,-81.05,1
35.141,-80.946,1
27.745,-97.383,1
35.147,-80.856,1
27.76,-82.322,1
29.694,-95.538,1
35.149,-79.025,1
27.767,-97.421,1
29.955,-95.392,1
40.828,-73.929,1
35.151,-80.752,1
35.152,-89.952,1
35.154,-80.895,1
40.665,-74.389,1
29.203,-81.047,1
29.548,-95.476,1
35.159,-80.923,1
29.205,-98.817,1
35.162,-80.886,1
29.955,-95.438,1
40.878,-74.556,1
29.217,-96.024,1
29.954,-95.373,1
40.666,-73.952,1
29.669,-95.625,1
35.172,-89.867,1
35.172,-80.716,1
40.667,-74.256,1
29.954,-95.439,1
29.729,-95.644,1
25.771,-80.325,1
35.179,-80.634,1
25.771,-80.341,1
35.183,-80.913,1
40.667,-73.981,1
35.186,-80.932,1
35.186,-80.53,1
25.771,-80.351,1
29.954,-95.587,1
27.775,-82.347,1
27.778,-82.63,1
29.729,-95.758,1
35.195,-80.911,1
35.196,-101.903,1
35.196,-90.208,1
40.667,-73.78,1
29.953,-95.564,1
35.198,-80.733,1
35.199,-80.739,1
29.669,-95.605,1
27.779,-80.55,1
35.201,-97.449,1
29.953,-95.772,1
29.952,-95.368,1
35.202,-80.844,1
35.204,-97.444,1
35.204,-80.898,1
29.952,-95.388,1
40.668,-74.232,1
29.952,-95.419,1
25.77,-80.138,1
35.21,-80.755,1
40.668,-74.216,1
29.729,-95.893,1
25.77,-80.19,1
35.214,-80.928,1
35.214,-80.877,1
35.215,-80.873,1
29.728,-95.343,1
29.952,-95.518,1
35.218,-80.942,1
40.668,-73.929,1
35.219,-80.945,1
35.22,-84.787,1
25.77,-80.208,1
27.796,-82.333,1
29.951,-95.418,1
35.221,-80.916,1
40.668,-73.895,1
35.221,-80.761,1
29.728,-95.345,1
29.951,-95.47,1
25.77,-80.212,1
35.223,-80.854,1
29.682,-95.842,1
27.8,-82.658,1
29.951,-95.513,1
27.803,-82.638,1
35.227,-80.843,1
35.228,-80.844,1
35.232,-80.888,1
35.232,-80.838,1
35.234,-80.85,1
35.234,-80.839,1
27.812,-82.709,1
35.236,-81.133,1
35.237,-81.197,1
25.77,-80.242,1
35.239,-80.869,1
35.239,-80.657,1
27.817,-82.784,1
35.24,-80.887,1
27.822,-82.689,1
27.823,-82.636,1
27.826,-82.361,1
29.95,-95.418,1
25.77,-80.307,1
25.77,-80.33,1
20.67,-105.253,1
35.252,-80.826,1
35.252,-80.672,1
20.607,-105.236,1
29.95,-95.495,1
25.77,-80.332,1
35.257,-81.106,1
35.257,-80.689,1
40.669,-75.376,1
27.831,-97.57,1
27.854,-82.697,1
35.262,-81.04,1
35.264,-80.67,1
35.267,-80.748,1
35.269,-119.227,1
20.366,-103.824,1
29.949,-95.33,1
40.669,-74.114,1
35.273,-80.746,1
40.669,-73.987,1
29.728,-95.347,1
35.276,-84.769,1
29.949,-95.441,1
35.278,-82.392,1
35.281,-80.916,1
27.864,-82.651,1
29.669,-95.577,1
29.949,-95.51,1
40.669,-73.81,1
29.685,-95.399,1
27.878,-82.742,1
29.948,-95.251,1
35.293,-80.971,1
35.295,-81.192,1
29.948,-95.385,1
35.297,-80.725,1
35.298,-80.782,1
29.226,-94.912,1
29.238,-81.463,1
29.728,-95.633,1
35.31,-80.796,1
25.77,-80.387,1
35.316,-94.323,1
35.316,-94.322,1
29.948,-95.407,1
35.316,-80.822,1
27.878,-82.636,1
35.32,-106.545,1
35.321,-119.092,1
29.948,-95.503,1
35.321,-78.676,1
35.326,-80.95,1
25.769,-80.132,1
40.828,-73.915,1
35.334,-119.048,1
35.334,-80.813,1
35.334,-80.755,1
35.335,-119.165,1
35.335,-80.739,1
29.261,-81.093,1
29.59,-95.603,1
29.669,-95.548,1
35.346,-80.859,1
35.351,-119.103,1
29.948,-95.512,1
27.879,-82.762,1
27.883,-82.677,1
29.262,-95.936,1
29.682,-95.818,1
40.671,-73.921,1
35.369,-80.83,1
29.728,-95.795,1
35.377,-80.677,1
25.769,-80.202,1
35.382,-80.916,1
29.948,-95.654,1
35.398,-80.757,1
35.401,-80.925,1
29.947,-93.989,1
35.403,-80.754,1
35.405,-80.663,1
29.947,-95.185,1
25.769,-80.212,1
35.414,-119.022,1
29.947,-95.358,1
35.417,-80.741,1
35.417,-80.674,1
25.769,-80.224,1
35.427,-97.521,1
27.887,-82.521,1
27.89,-82.72,1
40.671,-73.809,1
35.446,-82.546,1
35.449,-97.57,1
27.89,-82.719,1
4.612,-74.083,1
35.455,-97.465,1
35.46,-86.468,1
40.672,-74.011,1
40.672,-73.929,1
29.946,-95.267,1
29.694,-95.64,1
35.488,-78.747,1
19.481,-70.72,1
35.504,-80.842,1
29.694,-95.653,1
-34.928,-54.946,1
35.581,-82.522,1
35.581,-82.5,1
40.673,-73.871,1
27.892,-82.67,1
35.601,-80.869,1
35.604,-80.863,1
35.609,-77.377,1
35.613,-80.822,1
35.62,-78.75,1
27.893,-82.67,1
19.458,-99.056,1
40.673,-73.707,1
35.643,-106.01,1
35.645,-78.828,1
19.428,-99.128,1
29.682,-95.738,1
35.664,-78.843,1
25.769,-80.306,1
35.67,-78.545,1
35.671,-78.595,1
29.728,-95.873,1
29.946,-95.444,1
35.685,-78.622,1
35.69,139.701,1
29.694,-95.708,1
27.894,-82.296,1
29.946,-95.581,1
29.946,-95.661,1
35.715,-78.615,1
35.717,-78.624,1
27.901,-82.32,1
27.908,-82.68,1
40.674,-73.897,1
35.741,-78.594,1
29.945,-95.46,1
40.674,-73.784,1
35.769,-78.522,1
40.675,-75.728,1
35.774,-90.702,1
27.919,-82.731,1
35.777,-78.665,1
35.778,-78.662,1
40.675,-73.999,1
27.919,-82.497,1
35.787,-78.428,1
35.79,-78.66,1
35.792,-86.47,1
35.801,-83.573,1
35.804,-78.786,1
40.675,-73.881,1
40.675,-73.842,1
27.919,-82.492,1
27.922,-82.336,1
35.818,-78.696,1
35.823,-78.801,1
40.676,-73.952,1
35.827,-78.798,1
35.828,-86.477,1
35.835,-78.783,1
35.835,-78.679,1
29.944,-90.067,1
35.843,-84.253,1
27.925,-82.375,1
35.863,-86.367,1
35.867,-78.83,1
35.877,-78.793,1
29.944,-95.386,1
27.926,-80.678,1
35.88,-78.592,1
35.888,-78.565,1
35.889,-78.742,1
25.768,-80.131,1
27.928,-80.663,1
35.907,-78.467,1
35.913,-86.825,1
35.915,-95.833,1
27.93,-80.675,1
35.917,-84.084,1
35.918,-78.851,1
19.427,-99.175,1
40.829,-73.923,1
35.93,-84.311,1
29.943,-95.246,1
35.937,-86.811,1
35.943,-78.975,1
25.768,-80.193,1
35.952,-101.877,1
29.943,-95.342,1
27.934,-82.351,1
29.728,-95.934,1
35.975,-78.236,1
27.938,-82.319,1
27.943,-82.479,1
27.944,-82.525,1
36.005,-75.666,1
40.676,-73.338,1
36.011,-86.654,1
36.012,-83.836,1
29.942,-95.397,1
36.018,-84.261,1
29.727,-95.48,1
36.024,-79.419,1
29.727,-95.546,1
36.032,-95.965,1
40.747,-73.881,1
40.677,-73.924,1
36.04,-86.641,1
40.677,-73.838,1
36.043,-86.744,1
29.694,-95.735,1
4.668,-74.055,1
36.047,-86.601,1
40.677,-73.808,1
29.942,-95.434,1
36.053,-94.174,1
36.058,-94.183,1
27.948,-82.516,1
36.061,-79.583,1
36.063,-94.167,1
27.948,-82.476,1
29.727,-95.806,1
29.942,-95.494,1
29.942,-95.518,1
36.076,-79.771,1
27.948,-82.458,1
40.678,-73.913,1
36.078,-86.977,1
36.081,-115.135,1
36.082,-80.127,1
36.085,-115.103,1
29.942,-95.792,1
29.268,-94.831,1
29.941,-95.398,1
29.941,-95.485,1
29.941,-95.489,1
36.096,-115.132,1
40.679,-75.563,1
29.941,-95.492,1
36.099,-115.177,1
29.549,-95.709,1
36.102,-80.243,1
36.102,-79.865,1
29.941,-95.522,1
40.679,-73.951,1
36.11,-86.818,1
36.112,-86.924,1
29.941,-95.713,1
36.117,-97.051,1
40.679,-73.942,1
36.12,-86.411,1
40.679,-73.939,1
40.679,-73.85,1
29.272,-94.845,1
40.68,-111.884,1
25.768,-80.218,1
36.127,-115.2,1
27.955,-82.453,1
29.726,-94.972,1
36.129,-86.67,1
25.768,-80.224,1
25.768,-80.232,1
36.134,-115.165,1
36.138,-115.072,1
36.139,-86.8,1
29.94,-95.306,1
36.141,-86.772,1
36.144,-95.959,1
36.145,-86.802,1
29.94,-95.312,1
36.147,-96.043,1
27.956,-82.473,1
36.147,-86.803,1
36.148,-95.955,1
29.94,-95.452,1
29.94,-95.467,1
36.151,-86.795,1
36.152,-115.163,1
29.94,-95.585,1
25.768,-80.255,1
36.153,-115.162,1
36.153,-86.799,1
40.746,-73.881,1
36.155,-95.996,1
36.157,-86.837,1
29.94,-95.697,1
40.829,-73.919,1
36.16,-115.248,1
36.16,-86.775,1
25.768,-80.273,1
27.965,-82.321,1
29.693,-95.165,1
25.768,-80.283,1
19.417,-99.16,1
36.165,-95.762,1
29.939,-95.316,1
29.726,-95.333,1
40.829,-73.865,1
27.968,-82.506,1
36.17,-86.406,1
25.768,-80.417,1
36.174,-86.602,1
27.97,-82.49,1
29.939,-95.629,1
27.974,-82.485,1
40.757,-73.887,1
36.181,-115.179,1
36.181,-81.714,1
40.68,-73.937,1
27.979,-82.503,1
40.757,-73.917,1
36.196,-115.165,1
19.413,-99.175,1
40.757,-73.921,1
29.938,-95.758,1
40.83,-75.703,1
36.209,-86.743,1
36.212,-86.775,1
36.223,-85.946,1
40.681,-75.249,1
29.938,-95.759,1
36.242,-86.667,1
40.757,-73.934,1
36.246,-115.225,1
29.937,-95.268,1
29.726,-95.417,1
36.253,-86.606,1
29.937,-95.398,1
29.937,-95.464,1
36.265,-86.732,1
36.266,-115.075,1
36.266,-86.831,1
29.937,-95.494,1
29.937,-95.504,1
29.937,-95.517,1
40.681,-73.945,1
36.287,-86.748,1
40.83,-74.434,1
36.296,-86.699,1
29.937,-95.539,1
29.937,-95.629,1
40.83,-73.937,1
40.83,-73.927,1
29.937,-95.753,1
29.937,-96.065,1
27.984,-81.792,1
36.307,-86.819,1
25.767,-80.352,1
36.308,-86.632,1
25.767,-80.383,1
40.683,-74.439,1
27.986,-82.332,1
36.312,-86.626,1
36.313,-86.589,1
29.936,-95.482,1
29.936,-96.25,1
40.683,-74.323,1
40.83,-73.913,1
36.321,-86.867,1
27.988,-82.73,1
19.394,-99.166,1
36.326,-119.675,1
40.683,-74.002,1
25.766,-80.184,1
40.683,-73.945,1
29.935,-95.362,1
36.335,-86.617,1
36.335,-82.38,1
27.989,-81.686,1
29.935,-95.491,1
27.992,-82.756,1
36.345,-86.488,1
36.355,-86.439,1
36.356,-86.59,1
40.683,-73.883,1
27.992,-80.59,1
36.358,-86.518,1
27.993,-82.49,1
40.683,-73.871,1
29.934,-95.417,1
29.288,-94.864,1
29.29,-94.794,1
25.766,-80.195,1
29.934,-95.61,1
29.933,-95.278,1
29.726,-95.493,1
36.369,-94.2,1
36.369,-86.461,1
36.371,-119.649,1
29.933,-95.409,1
29.933,-95.457,1
36.375,-87.676,1
36.376,-86.468,1
25.766,-80.205,1
29.933,-95.682,1
40.83,-73.908,1
28.004,-82.566,1
40.684,-74.259,1
25.766,-80.212,1
36.389,-86.452,1
28.008,-82.583,1
36.393,-121.573,1
36.397,-86.448,1
28.01,-82.602,1
36.419,-86.687,1
29.932,-95.643,1
40.684,-73.806,1
29.931,-95.24,1
36.437,-86.779,1
25.766,-80.22,1
29.931,-95.324,1
28.011,-82.771,1
29.67,-95.729,1
28.015,-81.717,1
29.693,-95.203,1
36.496,-86.903,1
36.496,-80.743,1
29.93,-95.206,1
40.685,-74.189,1
29.93,-95.296,1
36.554,-86.951,1
36.556,-87.325,1
36.568,-86.237,1
29.93,-95.467,1
36.581,-86.51,1
25.766,-80.221,1
36.636,-78.974,1
36.639,-86.786,1
28.022,-82.403,1
36.647,-121.633,1
36.651,-76.227,1
28.022,-82.358,1
36.694,-119.564,1
36.711,-119.681,1
25.766,-80.225,1
36.727,-108.212,1
36.728,-76.582,1
29.295,-98.486,1
36.751,-76.238,1
29.93,-95.539,1
36.787,-119.664,1
28.022,-80.579,1
29.93,-95.703,1
28.024,-81.77,1
36.808,-76.352,1
28.027,-82.497,1
40.685,-73.876,1
40.685,-73.847,1
25.766,-80.247,1
36.831,-76.303,1
36.837,-119.817,1
29.726,-95.502,1
36.838,-76.18,1
36.847,-76.05,1
36.852,-76.331,1
36.854,-76.301,1
36.856,-119.716,1
36.869,-119.733,1
40.685,-73.793,1
36.882,-76.311,1
36.882,-76.235,1
40.685,-73.627,1
40.685,-73.545,1
29.929,-95.726,1
40.686,-112.267,1
36.955,-122.043,1
36.974,-95.844,1
36.977,-86.496,1
29.928,-95.204,1
-34.455,-58.512,1
36.998,-86.438,1
29.928,-95.491,1
28.027,-82.162,1
18.508,-67.102,1
29.928,-95.593,1
37.036,-122.021,1
29.726,-95.529,1
28.029,-82.431,1
28.03,-81.779,1
40.686,-73.95,1
37.073,-88.118,1
37.085,-94.542,1
25.766,-80.339,1
37.099,-121.605,1
40.686,-73.873,1
29.927,-95.074,1
40.686,-73.853,1
37.126,-121.627,1
37.128,-110.9,1
37.132,-121.658,1
28.033,-82.55,1
37.151,-80.409,1
18.465,-100.987,1
29.726,-95.542,1
37.192,-80.001,1
28.034,-82.415,1
29.927,-95.722,1
37.22,-93.286,1
37.222,-79.988,1
37.222,-77.332,1
28.036,-82.49,1
28.036,-81.52,1
37.24,-121.852,1
37.244,-78.462,1
37.247,-121.799,1
37.251,-77.35,1
40.687,-75.583,1
28.038,-81.704,1
29.685,-95.526,1
37.273,-77.393,1
37.274,-122.03,1
40.687,-74.21,1
28.04,-82.602,1
29.926,-95.286,1
37.285,-121.854,1
28.045,-82.681,1
37.295,-121.975,1
37.298,-121.878,1
37.299,-81.168,1
40.831,-74.096,1
29.926,-95.513,1
40.687,-74.209,1
29.926,-95.681,1
37.31,-121.951,1
37.312,-121.825,1
37.313,-121.758,1
37.314,-121.975,1
37.314,-121.792,1
37.315,-122.049,1
37.317,-121.989,1
29.926,-95.685,1
40.687,-73.979,1
37.319,-121.91,1
37.319,-121.909,1
40.831,-74.093,1
40.687,-73.968,1
29.925,-95.182,1
37.325,-121.958,1
37.325,-121.879,1
37.328,-121.908,1
40.687,-73.966,1
37.33,-122.023,1
37.33,-121.905,1
40.687,-73.959,1
37.332,-121.885,1
40.687,-73.874,1
37.334,-121.896,1
37.334,-121.878,1
37.335,-121.893,1
37.335,-121.884,1
37.337,-121.894,1
37.338,-121.884,1
29.549,-95.229,1
29.305,-98.521,1
37.342,-121.911,1
28.047,-82.687,1
37.343,-121.794,1
29.726,-95.622,1
37.346,-121.983,1
37.346,-79.187,1
37.348,-122.025,1
28.048,-82.445,1
37.355,-121.946,1
37.357,-121.991,1
37.357,-121.961,1
37.362,-121.84,1
25.765,-80.19,1
37.371,-122.022,1
37.375,-121.917,1
37.375,-121.873,1
37.38,-122.059,1
37.382,-121.973,1
37.384,-77.703,1
29.925,-95.459,1
28.049,-81.918,1
18.454,-66.069,1
37.394,-122.101,1
29.925,-95.566,1
37.395,-122.15,1
37.395,-77.43,1
25.765,-80.192,1
40.689,-74.303,1
37.397,-122.015,1
29.55,-95.493,1
37.4,-122.076,1
37.401,-121.931,1
37.408,-122.149,1
29.925,-95.743,1
37.414,-121.906,1
37.414,-93.449,1
37.415,-121.951,1
37.418,-121.928,1
37.419,-121.929,1
37.423,-122.086,1
37.424,-122.165,1
29.588,-95.203,1
29.925,-95.807,1
28.051,-81.612,1
40.689,-73.96,1
37.463,-121.914,1
37.464,-122.25,1
37.465,-122.437,1
28.053,-82.406,1
29.924,-95.369,1
37.471,-121.933,1
29.924,-95.403,1
37.479,-77.441,1
37.488,-121.927,1
37.495,-121.92,1
28.053,-82.394,1
37.498,-122.237,1
37.498,-121.941,1
40.689,-73.906,1
37.503,-121.963,1
37.505,-121.97,1
37.511,-121.997,1
37.517,-122.262,1
37.521,-121.967,1
37.522,-121.991,1
28.054,-82.584,1
29.924,-95.461,1
37.528,-121.969,1
29.924,-95.499,1
37.532,-77.427,1
28.054,-80.679,1
37.538,-121.955,1
18.443,-66.011,1
37.539,-77.434,1
37.54,-122.298,1
29.923,-95.302,1
37.544,-122.284,1
37.551,-121.991,1
37.553,-122.275,1
29.923,-95.397,1
29.923,-95.404,1
37.556,-121.997,1
37.562,-122.283,1
37.565,-122.071,1
37.566,-122.329,1
40.689,-73.876,1
29.55,-95.271,1
37.574,-122.321,1
37.575,-122.323,1
37.585,-120.966,1
37.587,-122.343,1
37.589,-122.494,1
37.602,-122.375,1
37.602,-93.417,1
37.603,-122.375,1
40.69,-75.244,1
37.609,-77.491,1
37.611,-122.085,1
40.69,-73.995,1
40.69,-73.923,1
37.63,-122.414,1
37.633,-122.421,1
25.765,-80.233,1
40.69,-73.907,1
28.058,-80.593,1
37.639,-120.962,1
37.64,-122.431,1
37.644,-84.766,1
28.06,-81.62,1
37.648,-122.107,1
37.65,-122.476,1
25.765,-80.237,1
37.65,-84.275,1
37.652,-122.102,1
37.653,-121.874,1
37.654,-122.091,1
37.658,-121.889,1
28.064,-80.624,1
29.923,-96.877,1
29.922,-95.195,1
29.324,-95.578,1
28.068,-82.412,1
37.671,-121.892,1
37.673,-97.381,1
37.674,-77.45,1
37.676,-122.48,1
37.677,-122.117,1
37.678,-121.034,1
40.878,-72.936,1
18.424,-66.06,1
40.691,-73.982,1
37.679,-121.779,1
37.681,-122.113,1
37.681,-122.109,1
37.681,-122.064,1
37.681,-97.422,1
28.069,-82.529,1
37.684,-113.082,1
28.072,-82.417,1
29.922,-95.491,1
40.691,-73.98,1
25.765,-80.272,1
37.691,-122.453,1
37.691,-122.133,1
40.692,-74.218,1
29.726,-95.912,1
37.691,-77.437,1
18.42,-66.074,1
37.695,-122.075,1
29.693,-95.451,1
29.726,-95.937,1
37.699,-121.922,1
25.765,-80.287,1
37.701,-121.45,1
18.383,-66.146,1
37.702,-121.895,1
37.703,-122.125,1
29.693,-95.546,1
37.705,-122.484,1
37.705,-122.125,1
29.922,-95.631,1
25.765,-80.327,1
37.707,-122.102,1
25.765,-80.358,1
40.831,-73.99,1
28.074,-82.539,1
28.075,-82.41,1
28.076,-81.667,1
37.711,-122.128,1
37.711,-121.948,1
29.921,-95.21,1
29.921,-95.33,1
37.716,-122.448,1
37.716,-122.042,1
37.718,-122.165,1
28.078,-82.507,1
28.079,-82.551,1
37.719,-121.95,1
37.72,-122.441,1
40.757,-73.973,1
28.081,-82.461,1
37.722,-122.48,1
37.723,-122.154,1
25.764,-80.189,1
28.082,-80.65,1
29.921,-95.582,1
37.724,-122.154,1
37.725,-122.236,1
37.726,-122.48,1
37.727,-122.137,1
29.921,-95.602,1
40.692,-73.809,1
29.921,-95.688,1
28.094,-81.975,1
37.731,-122.176,1
29.92,-95.611,1
28.113,-15.439,1
37.734,-81.112,1
29.335,-98.38,1
18.38,-65.737,1
29.919,-95.379,1
37.738,-122.173,1
40.693,-73.92,1
29.725,-95.348,1
37.739,-122.414,1
37.739,-97.345,1
37.74,-121.52,1
37.741,-87.096,1
37.742,-122.399,1
37.744,-122.454,1
29.919,-95.426,1
37.747,-122.418,1
37.748,-122.452,1
29.919,-95.521,1
29.567,-95.172,1
25.764,-80.218,1
29.919,-95.573,1
29.918,-95.438,1
28.137,-80.586,1
37.754,-121.138,1
37.755,-122.447,1
37.756,-122.405,1
37.756,-122.192,1
40.831,-73.921,1
29.55,-95.157,1
29.918,-95.634,1
40.693,-73.749,1
37.759,-77.463,1
18.377,-65.935,1
29.917,-95.435,1
29.917,-95.502,1
29.917,-95.665,1
37.76,-121.433,1
40.832,-74.097,1
29.725,-95.371,1
25.764,-80.341,1
37.761,-100.032,1
29.725,-95.398,1
37.763,-100.016,1
29.917,-95.687,1
37.765,-122.424,1
29.343,-95.075,1
40.694,-73.987,1
37.768,-122.432,1
29.916,-95.424,1
37.768,-122.197,1
29.916,-95.477,1
40.694,-73.972,1
25.764,-80.354,1
37.771,-122.415,1
29.916,-95.485,1
37.772,-122.395,1
37.773,-122.228,1
29.916,-95.488,1
37.774,-122.186,1
37.774,-121.94,1
28.146,-80.67,1
37.774,-121.922,1
37.775,-122.419,1
29.916,-95.641,1
37.775,-122.207,1
37.775,-121.555,1
37.776,-122.412,1
37.777,-122.449,1
37.777,-122.447,1
37.777,-122.426,1
37.777,-122.415,1
37.777,-121.989,1
28.15,-81.848,1
29.916,-95.663,1
28.152,-81.813,1
4.688,-74.049,1
29.353,-95.373,1
37.779,-122.402,1
25.764,-80.376,1
29.587,-95.398,1
37.782,-122.205,1
25.764,-80.378,1
37.783,-122.484,1
37.785,-122.437,1
37.785,-122.413,1
37.785,-122.284,1
37.785,-121.946,1
37.787,-122.393,1
40.694,-73.927,1
29.915,-95.478,1
25.764,-80.386,1
28.165,-81.583,1
37.793,-122.424,1
29.915,-95.503,1
40.832,-73.896,1
28.168,-81.639,1
25.763,-80.189,1
29.915,-95.737,1
28.168,-81.626,1
37.798,-122.44,1
28.168,-81.486,1
29.914,-95.347,1
37.8,-122.286,1
37.801,-122.426,1
37.801,-121.922,1
29.354,-98.463,1
29.914,-95.485,1
29.693,-95.675,1
37.804,-122.271,1
29.914,-95.624,1
40.694,-73.69,1
37.809,-122.249,1
18.08,-77.914,1
29.914,-97.876,1
37.811,-122.266,1
28.178,-81.235,1
37.812,-122.258,1
28.179,-81.64,1
29.913,-95.392,1
29.913,-95.438,1
29.913,-95.459,1
40.832,-73.891,1
40.757,-73.987,1
28.184,-82.746,1
29.913,-95.616,1
29.912,-95.545,1
37.828,-121.218,1
37.83,-122.264,1
37.83,-122.136,1
17.411,78.376,1
37.832,-122.482,1
37.834,-122.264,1
29.912,-95.605,1
37.835,-122.01,1
37.838,-122.108,1
37.839,-122.251,1
37.84,-122.213,1
25.763,-80.296,1
37.842,-122.229,1
40.695,-74.174,1
37.843,-122.218,1
29.912,-95.689,1
29.912,-95.712,1
29.725,-95.525,1
40.695,-74.0,1
37.849,-120.215,1
37.852,-122.125,1
37.854,-122.023,1
25.763,-80.336,1
37.862,-122.274,1
-34.462,-58.509,1
40.695,-73.989,1
29.67,-95.368,1
37.864,-122.248,1
40.695,-73.956,1
29.355,-98.599,1
29.355,-95.454,1
37.867,-122.27,1
29.358,-98.429,1
37.868,-122.254,1
40.747,-73.882,1
40.757,-74.028,1
37.869,-122.256,1
40.695,-73.785,1
28.19,-81.497,1
29.358,-95.676,1
29.724,-95.24,1
29.91,-95.441,1
28.19,-81.282,1
29.724,-95.345,1
25.763,-80.619,1
37.876,-122.257,1
25.762,-80.189,1
37.877,-122.308,1
37.877,-79.931,1
25.762,-80.19,1
28.194,-81.64,1
40.833,-73.945,1
37.882,-122.463,1
29.91,-95.587,1
37.887,-122.064,1
29.91,-95.607,1
37.888,-122.064,1
37.889,-122.308,1
40.747,-73.883,1
40.756,-73.625,1
28.195,-82.535,1
40.746,-73.886,1
40.746,-73.891,1
29.724,-95.392,1
37.896,-122.301,1
28.195,-82.322,1
28.195,-81.652,1
25.762,-80.273,1
28.198,-82.225,1
29.91,-96.861,1
29.909,-95.347,1
40.696,-73.919,1
28.199,-81.649,1
40.833,-73.942,1
25.762,-80.384,1
29.909,-95.413,1
37.909,-78.703,1
37.91,-122.379,1
37.91,-121.203,1
28.202,-82.163,1
40.747,-73.891,1
37.912,-122.342,1
25.761,-80.204,1
29.587,-95.622,1
29.909,-95.686,1
29.909,-95.747,1
37.919,-122.355,1
29.909,-95.767,1
29.908,-95.056,1
29.908,-95.336,1
37.924,-122.114,1
29.908,-95.377,1
37.925,-121.686,1
37.926,-122.057,1
37.927,-122.385,1
28.202,-81.645,1
37.927,-122.332,1
37.927,-122.326,1
29.908,-95.539,1
40.696,-73.828,1
29.908,-95.63,1
37.929,-122.335,1
28.203,-81.265,1
29.908,-95.675,1
28.204,-82.764,1
28.204,-81.635,1
29.907,-95.607,1
25.761,-80.329,1
37.933,-122.375,1
29.692,-95.181,1
29.907,-95.685,1
37.934,-122.027,1
29.907,-95.717,1
37.936,-122.347,1
37.936,-122.012,1
25.761,-80.342,1
29.367,-98.434,1
40.697,-73.937,1
29.724,-95.485,1
25.761,-80.373,1
29.906,-95.723,1
29.905,-95.311,1
40.697,-73.933,1
29.905,-95.36,1
29.905,-95.457,1
37.941,-121.693,1
40.833,-73.885,1
40.879,-74.566,1
28.214,-82.681,1
37.945,-122.06,1
37.947,-122.337,1
29.905,-95.722,1
29.587,-95.921,1
28.215,-81.174,1
25.761,-80.627,1
28.225,-82.667,1
37.949,-121.689,1
29.904,-95.601,1
28.228,-81.485,1
29.903,-90.052,1
37.951,-121.704,1
29.903,-95.319,1
29.671,-95.73,1
37.954,-122.368,1
40.698,-73.993,1
37.956,-122.348,1
29.903,-95.334,1
29.903,-95.393,1
37.958,-122.043,1
29.903,-95.512,1
28.228,-81.461,1
28.228,-81.438,1
37.96,-122.045,1
29.903,-97.955,1
29.903,-97.957,1
37.962,-122.316,1
25.76,-80.276,1
29.902,-95.295,1
29.902,-95.311,1
40.698,-73.971,1
25.76,-80.372,1
29.902,-95.35,1
37.967,-122.505,1
25.76,-80.374,1
25.76,-80.402,1
25.76,-80.403,1
25.76,-80.427,1
40.698,-73.93,1
40.698,-73.754,1
28.234,-81.281,1
37.968,-122.008,1
40.699,-74.092,1
37.969,-122.07,1
37.97,-122.52,1
37.97,-122.072,1
37.97,-121.3,1
28.235,-81.287,1
29.902,-95.407,1
25.759,-80.233,1
29.724,-95.49,1
37.971,-122.036,1
28.236,-81.559,1
37.972,-122.108,1
40.699,-73.912,1
40.834,-73.852,1
29.902,-95.514,1
37.972,-121.795,1
29.671,-95.722,1
29.902,-95.599,1
29.367,-94.989,1
37.974,-122.301,1
28.238,-81.66,1
29.724,-95.546,1
29.901,-95.462,1
37.976,-122.035,1
37.976,-121.753,1
40.699,-73.421,1
29.901,-95.465,1
4.693,-74.063,1
37.978,-84.496,1
37.979,-122.333,1
25.759,-80.355,1
37.981,-121.849,1
28.241,-82.271,1
25.759,-80.403,1
29.901,-95.573,1
29.901,-95.629,1
37.983,-122.039,1
37.985,-122.335,1
29.724,-95.699,1
37.987,-122.325,1
37.987,-84.413,1
37.988,-122.338,1
28.241,-81.238,1
29.901,-95.691,1
37.99,-122.301,1
29.551,-95.708,1
29.9,-95.217,1
37.992,-121.873,1
29.671,-95.637,1
37.994,-122.345,1
25.758,-80.204,1
29.9,-95.354,1
29.9,-95.505,1
29.692,-95.417,1
29.587,-98.627,1
29.9,-95.693,1
25.758,-80.239,1
28.243,-80.726,1
37.997,-122.108,1
28.245,-81.587,1
25.758,-80.272,1
40.7,-73.721,1
40.756,-73.821,1
29.899,-95.501,1
29.724,-95.762,1
25.758,-80.369,1
38.002,-121.33,1
40.701,-73.913,1
40.756,-73.855,1
38.004,-121.81,1
38.004,-84.431,1
40.701,-73.911,1
38.005,-122.27,1
38.005,-122.242,1
38.006,-121.873,1
38.007,-122.243,1
40.701,-73.903,1
29.899,-96.214,1
40.835,-73.948,1
38.01,-121.892,1
40.701,-73.888,1
29.899,-97.911,1
38.011,-121.879,1
29.367,-94.762,1
25.758,-80.443,1
29.898,-95.175,1
38.014,-121.921,1
29.898,-95.354,1
38.016,-121.89,1
29.898,-95.421,1
38.017,-121.928,1
29.898,-95.429,1
38.018,-121.885,1
28.247,-81.258,1
28.248,-81.651,1
40.702,-74.191,1
29.898,-95.501,1
28.248,-81.637,1
28.248,-81.243,1
40.835,-73.943,1
25.757,-80.266,1
38.022,-121.888,1
38.022,-121.31,1
38.024,-121.953,1
29.368,-98.506,1
38.025,-121.9,1
28.248,-80.736,1
38.027,-122.268,1
38.027,-121.289,1
25.757,-80.339,1
29.692,-95.463,1
38.035,-84.475,1
38.035,-78.605,1
38.042,-78.495,1
40.702,-73.984,1
29.898,-96.214,1
40.702,-73.983,1
29.897,-95.399,1
38.072,-122.157,1
38.091,-122.205,1
29.369,-94.941,1
28.25,-82.194,1
28.251,-81.6,1
29.671,-95.21,1
29.723,-95.311,1
29.897,-95.637,1
38.102,-122.245,1
38.103,-122.568,1
40.702,-73.854,1
40.747,-73.892,1
25.756,-80.203,1
29.897,-95.718,1
29.723,-95.343,1
40.703,-74.232,1
28.251,-81.342,1
15.395,-87.806,1
25.756,-80.23,1
38.141,13.332,1
38.142,-122.241,1
38.145,-122.458,1
25.756,-80.239,1
40.756,-73.893,1
38.155,-85.59,1
29.896,-95.412,1
28.251,-81.283,1
28.252,-81.664,1
29.896,-95.5,1
29.896,-95.519,1
40.703,-74.014,1
38.169,-85.607,1
29.373,-81.142,1
38.184,-85.74,1
40.703,-73.994,1
40.703,-73.918,1
29.896,-95.656,1
29.896,-95.725,1
40.703,-73.854,1
28.252,-81.662,1
28.252,-81.343,1
29.586,-95.181,1
38.221,-77.491,1
38.229,-77.502,1
38.238,-87.998,1
25.756,-80.341,1
40.756,-73.907,1
14.551,-90.731,1
29.895,-95.67,1
40.704,-74.089,1
29.894,-95.287,1
38.247,-122.061,1
40.704,-74.012,1
29.894,-95.373,1
29.381,-98.641,1
38.26,-122.068,1
40.836,-73.992,1
38.266,-122.039,1
25.756,-80.404,1
40.704,-73.993,1
29.672,-95.829,1
38.288,-88.952,1
28.253,-81.585,1
38.293,-122.303,1
29.894,-95.419,1
28.254,-81.331,1
29.386,-94.916,1
29.894,-95.645,1
40.756,-73.913,1
38.315,-122.483,1
38.323,-122.286,1
29.894,-95.71,1
38.329,-75.086,1
29.894,-95.736,1
25.755,-80.341,1
29.391,-94.91,1
38.351,-122.305,1
28.255,-81.62,1
38.36,-90.394,1
38.361,-77.523,1
38.363,-81.703,1
29.894,-97.908,1
29.894,-97.918,1
38.371,-82.75,1
28.255,-81.342,1
29.723,-95.542,1
38.379,-121.455,1
38.382,-121.429,1
38.382,-121.397,1
28.255,-81.341,1
28.256,-81.582,1
29.893,-95.436,1
29.723,-95.565,1
38.398,-82.319,1
28.256,-81.487,1
28.256,-81.316,1
29.893,-95.693,1
38.405,-121.476,1
28.259,-81.243,1
29.892,-95.428,1
14.094,-87.192,1
25.755,-80.366,1
40.705,-74.011,1
40.705,-74.009,1
38.41,-121.387,1
28.26,-81.338,1
28.261,-81.51,1
38.413,-90.399,1
40.747,-73.905,1
13.739,100.573,1
38.42,-121.349,1
38.421,-78.89,1
38.424,-78.886,1
40.705,-73.908,1
38.434,-90.539,1
29.892,-95.604,1
28.261,-81.369,1
25.755,-80.416,1
38.439,-122.688,1
38.44,-121.405,1
29.393,-94.92,1
38.445,-121.388,1
29.892,-95.731,1
29.892,-95.737,1
38.45,-121.408,1
38.452,-121.439,1
25.754,-80.195,1
29.892,-95.742,1
40.756,-73.938,1
38.457,-121.362,1
29.891,-95.394,1
40.705,-73.831,1
13.739,100.567,1
29.891,-95.404,1
38.462,-121.356,1
29.891,-95.432,1
25.754,-80.246,1
38.465,-75.157,1
28.261,-81.351,1
29.891,-96.034,1
25.754,-80.263,1
29.89,-95.406,1
29.89,-95.488,1
38.472,-121.438,1
25.754,-80.368,1
38.473,-121.463,1
28.265,-81.366,1
40.706,-74.011,1
29.89,-95.698,1
29.89,-95.758,1
29.889,-95.026,1
28.268,-81.324,1
38.476,-90.302,1
29.672,-95.826,1
38.48,-90.449,1
38.48,-77.498,1
25.754,-80.393,1
38.482,-121.412,1
25.754,-80.397,1
29.889,-95.409,1
29.889,-95.436,1
38.489,-121.495,1
38.489,-121.475,1
38.49,-121.436,1
38.491,-121.393,1
25.753,-80.204,1
28.271,-81.422,1
38.496,-121.434,1
29.889,-95.517,1
28.271,-81.421,1
28.271,-80.72,1
29.888,-95.401,1
38.499,-121.547,1
29.722,-95.341,1
38.5,-90.323,1
38.503,-121.424,1
38.504,-121.534,1
38.505,-90.324,1
38.507,-121.457,1
29.888,-95.412,1
29.888,-95.496,1
29.552,-98.58,1
29.888,-95.543,1
28.276,-81.661,1
38.51,-75.059,1
40.706,-73.947,1
38.514,-121.443,1
38.515,-121.43,1
28.277,-81.594,1
28.278,-81.669,1
29.888,-95.94,1
28.278,-81.229,1
29.887,-95.492,1
40.706,-73.939,1
40.706,-73.902,1
29.395,-95.137,1
29.887,-95.641,1
38.525,-121.422,1
38.527,-121.519,1
29.887,-95.642,1
28.279,-81.324,1
38.531,-121.463,1
29.887,-97.942,1
25.753,-80.401,1
40.836,-73.701,1
38.535,-90.001,1
38.536,-90.341,1
38.537,-121.732,1
28.282,-81.469,1
38.539,-121.76,1
38.539,-121.394,1
38.539,-90.277,1
29.886,-95.262,1
38.541,-121.777,1
40.706,-73.81,1
28.282,-81.34,1
29.886,-95.668,1
40.707,-74.018,1
29.886,-95.727,1
29.886,-97.924,1
29.885,-95.098,1
29.672,-95.689,1
38.544,-121.765,1
25.752,-80.379,1
25.752,-80.4,1
29.395,-94.998,1
28.285,-82.445,1
29.885,-95.395,1
25.752,-80.444,1
25.752,-80.446,1
25.751,-80.215,1
29.885,-95.654,1
40.707,-74.006,1
38.547,-121.72,1
29.722,-95.512,1
28.285,-82.294,1
40.756,-73.962,1
29.885,-95.741,1
25.751,-80.239,1
29.885,-95.961,1
38.552,-121.743,1
25.751,-80.259,1
28.285,-81.659,1
38.553,-121.742,1
38.553,-121.731,1
28.286,-81.652,1
40.707,-73.949,1
25.751,-80.267,1
28.286,-81.651,1
38.554,-109.535,1
29.884,-95.483,1
25.751,-80.304,1
38.555,-121.528,1
38.555,-90.494,1
38.557,-121.423,1
38.557,-121.337,1
40.707,-73.943,1
29.686,-95.393,1
40.707,-73.825,1
28.286,-81.362,1
40.707,-73.788,1
38.559,-121.74,1
25.751,-80.407,1
38.56,-121.778,1
29.884,-95.506,1
40.708,-74.281,1
40.708,-74.015,1
29.884,-95.575,1
38.56,-121.352,1
38.56,-90.251,1
28.286,-81.205,1
29.722,-95.535,1
28.287,-81.356,1
38.561,-77.331,1
13.687,-89.3,1
28.288,-81.59,1
25.75,-80.242,1
29.722,-95.555,1
38.565,-121.759,1
28.289,-81.459,1
29.884,-95.936,1
38.566,-121.41,1
29.883,-95.299,1
29.722,-95.557,1
38.568,-121.472,1
25.75,-80.26,1
38.569,-90.514,1
25.75,-80.303,1
38.57,-121.491,1
29.883,-95.645,1
38.571,-121.471,1
38.571,-121.303,1
38.571,-90.531,1
38.571,-90.294,1
40.708,-74.002,1
25.75,-80.327,1
28.293,-81.602,1
29.722,-95.599,1
29.883,-95.701,1
25.75,-80.36,1
38.573,-90.345,1
29.883,-95.703,1
29.883,-95.716,1
25.75,-80.395,1
29.883,-95.721,1
29.883,-95.722,1
38.578,-121.503,1
29.552,-98.27,1
40.708,-73.95,1
28.294,-81.405,1
25.749,-80.238,1
28.294,-81.212,1
38.581,-121.495,1
29.883,-97.94,1
38.581,-77.309,1
29.684,-95.658,1
38.582,-121.494,1
28.295,-81.591,1
29.882,-95.452,1
25.749,-80.258,1
25.749,-80.312,1
29.882,-95.505,1
28.298,-81.448,1
25.749,-80.373,1
38.585,-121.32,1
29.882,-95.649,1
29.882,-95.65,1
29.882,-95.7,1
29.396,-95.984,1
29.882,-95.719,1
38.586,-121.464,1
-34.569,-58.525,1
29.881,-95.338,1
38.588,-90.224,1
38.589,-121.305,1
29.881,-95.504,1
29.881,-95.582,1
28.298,-81.435,1
28.298,-81.357,1
28.299,-81.447,1
38.591,-121.403,1
29.881,-95.722,1
40.708,-73.893,1
29.881,-97.948,1
38.591,-90.132,1
38.591,-77.295,1
29.88,-95.284,1
38.592,-89.939,1
25.748,-80.209,1
29.88,-95.289,1
13.678,-89.304,1
25.748,-80.21,1
38.594,-121.524,1
40.837,-73.889,1
28.3,-81.365,1
38.594,-90.486,1
38.595,-121.364,1
29.586,-95.211,1
28.301,-81.465,1
38.596,-90.565,1
38.596,-90.302,1
29.559,-95.676,1
38.597,-121.448,1
29.396,-95.0,1
29.88,-95.46,1
28.301,-81.428,1
38.598,-90.531,1
29.88,-95.585,1
38.599,-121.465,1
38.6,-121.415,1
38.6,-90.308,1
38.6,-90.248,1
38.6,-89.934,1
29.88,-95.627,1
25.748,-80.259,1
40.709,-73.955,1
40.709,-73.914,1
38.601,-90.243,1
28.302,-81.233,1
28.303,-81.563,1
28.304,-81.424,1
29.722,-95.813,1
38.603,-77.277,1
29.552,-95.745,1
38.604,-121.408,1
29.402,-94.925,1
28.304,-81.351,1
38.605,-90.24,1
38.605,-76.924,1
40.71,-74.016,1
25.747,-80.271,1
28.305,-81.441,1
38.609,-90.209,1
40.71,-74.011,1
28.305,-81.434,1
38.61,-77.294,1
28.305,-81.432,1
40.71,-74.008,1
25.747,-80.341,1
25.747,-80.385,1
40.884,-74.135,1
38.612,-90.363,1
28.305,-81.369,1
29.412,-94.92,1
28.306,-81.649,1
38.615,-90.313,1
40.756,-73.979,1
29.879,-94.915,1
29.879,-95.142,1
13.677,-89.271,1
29.879,-95.494,1
29.879,-95.55,1
29.879,-95.646,1
38.618,-90.268,1
38.619,-121.396,1
38.619,-121.34,1
38.619,-90.325,1
40.71,-73.962,1
38.621,-77.258,1
28.308,-81.46,1
28.308,-81.448,1
38.622,-77.291,1
40.756,-73.98,1
29.879,-95.683,1
38.624,-90.239,1
29.586,-95.621,1
38.626,-121.439,1
38.626,-90.193,1
38.627,-76.916,1
38.628,-121.505,1
40.747,-73.94,1
25.746,-80.391,1
38.628,-77.381,1
25.746,-80.392,1
28.308,-81.434,1
13.653,-88.9,1
29.721,-95.647,1
40.756,-73.982,1
29.879,-95.933,1
29.878,-95.318,1
38.631,-121.336,1
38.631,-77.319,1
40.71,-73.776,1
29.878,-95.402,1
40.756,-73.987,1
38.632,-90.206,1
25.745,-80.33,1
38.633,-121.456,1
38.633,-90.266,1
29.878,-95.602,1
40.711,-74.042,1
38.635,-121.46,1
28.31,-81.459,1
40.711,-74.013,1
25.745,-80.437,1
29.692,-95.604,1
29.878,-95.705,1
40.711,-73.951,1
38.637,-90.348,1
38.637,-90.204,1
38.638,-121.438,1
40.711,-73.853,1
38.638,-90.245,1
29.878,-95.743,1
25.744,-80.239,1
29.878,-95.788,1
28.311,-81.669,1
38.639,-77.453,1
28.311,-81.439,1
29.877,-95.326,1
40.837,-73.847,1
13.011,77.558,1
29.877,-95.345,1
40.745,-73.913,1
38.641,-77.376,1
29.877,-95.375,1
29.877,-95.397,1
28.311,-81.404,1
29.721,-95.814,1
40.838,-111.933,1
25.744,-80.433,1
28.312,-81.427,1
-34.596,-58.417,1
29.424,-95.254,1
38.646,-121.731,1
29.586,-95.774,1
-34.614,-58.381,1
38.646,-121.109,1
25.744,-80.439,1
38.647,-121.466,1
25.743,-80.228,1
28.312,-81.355,1
38.647,-77.268,1
38.648,-121.439,1
38.649,-121.168,1
28.314,-81.59,1
38.651,-90.348,1
29.585,-95.35,1
38.652,-90.309,1
38.653,-121.538,1
29.72,-95.341,1
40.712,-74.004,1
12.948,80.19,1
25.743,-80.273,1
29.682,-95.606,1
29.877,-95.645,1
40.712,-73.816,1
38.657,-90.29,1
29.877,-95.701,1
29.72,-95.349,1
25.743,-80.338,1
38.66,-121.348,1
38.66,-90.504,1
38.661,-77.264,1
25.742,-80.24,1
28.314,-81.588,1
12.419,-86.876,1
38.665,-90.357,1
38.665,-90.291,1
25.742,-80.248,1
38.665,-77.242,1
38.666,-121.292,1
29.877,-95.715,1
-34.626,-58.411,1
29.552,-95.684,1
29.876,-95.314,1
29.876,-95.486,1
29.876,-95.591,1
29.692,-95.694,1
11.021,-74.867,1
38.671,-77.291,1
28.316,-81.352,1
25.742,-80.368,1
29.876,-95.713,1
28.316,-81.239,1
38.673,-121.354,1
28.317,-81.555,1
25.742,-80.376,1
38.675,-90.357,1
40.713,-74.004,1
40.713,-73.99,1
25.742,-80.434,1
29.567,-95.431,1
28.317,-81.477,1
25.741,-80.252,1
29.876,-95.98,1
29.72,-95.478,1
25.741,-80.254,1
25.741,-80.315,1
28.318,-81.539,1
38.688,-121.375,1
38.688,-104.789,1
28.318,-81.421,1
29.875,-95.512,1
38.693,-90.365,1
28.319,-81.654,1
4.698,-74.142,1
29.875,-95.665,1
28.319,-81.541,1
11.003,-74.789,1
38.695,-122.021,1
38.697,-121.364,1
40.714,-74.014,1
38.7,-90.167,1
29.875,-95.676,1
38.702,-90.27,1
38.703,-90.43,1
38.703,-77.22,1
38.703,-77.151,1
38.704,-90.353,1
38.706,-121.35,1
29.875,-95.76,1
25.741,-80.338,1
28.319,-81.403,1
29.875,-95.773,1
25.741,-80.363,1
38.712,-89.874,1
38.712,-77.494,1
29.875,-95.967,1
25.741,-80.408,1
40.88,-73.047,1
38.717,-90.452,1
38.72,-90.122,1
40.714,-74.01,1
38.721,-90.312,1
29.72,-95.657,1
40.714,-73.952,1
40.84,-74.228,1
29.673,-95.58,1
38.728,-77.626,1
38.729,-90.678,1
28.319,-81.364,1
29.425,-98.493,1
29.874,-95.606,1
29.874,-95.646,1
40.714,-73.791,1
29.874,-95.688,1
40.714,-73.748,1
29.874,-95.71,1
38.736,-89.946,1
29.72,-95.846,1
29.874,-95.761,1
40.755,-73.817,1
38.738,-90.353,1
38.739,-121.261,1
29.873,-95.321,1
38.741,-90.398,1
25.74,-80.287,1
29.682,-95.574,1
29.873,-95.745,1
25.74,-80.32,1
29.72,-95.884,1
28.321,-81.435,1
40.715,-74.215,1
38.745,-90.39,1
38.745,-76.897,1
28.322,-81.65,1
25.739,-80.166,1
29.552,-95.513,1
38.749,-90.588,1
28.322,-81.493,1
38.75,-77.513,1
40.715,-73.981,1
29.692,-95.715,1
29.872,-95.784,1
28.324,-81.426,1
38.752,-90.322,1
40.715,-73.962,1
25.739,-80.32,1
4.704,-74.067,1
40.715,-73.943,1
40.755,-73.983,1
38.754,-77.079,1
40.716,-74.009,1
29.871,-95.688,1
28.325,-81.34,1
38.757,-76.978,1
29.585,-95.689,1
29.87,-95.301,1
28.326,-81.537,1
29.564,-95.784,1
29.87,-95.508,1
38.76,-90.068,1
25.739,-80.393,1
38.76,-90.065,1
29.719,-95.328,1
29.87,-95.542,1
40.716,-73.984,1
29.719,-95.336,1
29.87,-95.648,1
38.762,-77.137,1
40.716,-73.954,1
38.763,-90.345,1
38.763,-77.439,1
38.764,-90.33,1
40.716,-73.886,1
38.764,-77.457,1
38.765,-77.471,1
28.327,-81.465,1
28.327,-81.365,1
38.767,-77.153,1
29.87,-95.694,1
29.87,-95.709,1
40.716,-73.662,1
38.769,-90.792,1
29.87,-95.724,1
29.673,-95.485,1
38.77,-77.537,1
40.84,-73.834,1
38.771,-104.786,1
29.869,-95.329,1
29.869,-95.334,1
28.328,-81.666,1
29.428,-95.043,1
38.772,-77.153,1
40.717,-73.954,1
29.869,-95.383,1
29.869,-95.392,1
38.773,-77.006,1
28.329,-81.592,1
29.869,-95.508,1
38.774,-76.862,1
40.717,-73.948,1
25.738,-80.29,1
10.993,-74.843,1
38.776,-94.493,1
28.329,-81.432,1
38.777,-76.904,1
40.841,-73.873,1
38.779,-93.739,1
40.746,-73.897,1
38.779,-90.28,1
38.779,-77.177,1
25.738,-80.357,1
25.738,-80.366,1
29.869,-95.643,1
29.869,-95.644,1
38.782,-90.293,1
38.782,-77.257,1
38.783,-90.482,1
38.783,-77.45,1
28.329,-81.369,1
40.718,-74.001,1
28.33,-81.361,1
29.684,-95.575,1
38.785,-89.966,1
29.869,-95.735,1
29.868,-95.368,1
38.787,-94.805,1
29.868,-95.643,1
29.719,-95.339,1
29.868,-95.644,1
38.788,-77.593,1
29.431,-95.398,1
25.737,-80.247,1
29.868,-95.712,1
29.868,-95.727,1
28.335,-81.491,1
38.791,-77.169,1
38.792,-121.278,1
40.747,-73.941,1
38.792,-77.534,1
29.867,-95.324,1
38.793,-90.849,1
29.433,-95.454,1
40.719,-74.132,1
28.335,-80.611,1
29.867,-95.579,1
38.794,-121.266,1
40.719,-74.124,1
29.867,-95.589,1
38.794,-77.152,1
38.795,-77.518,1
38.795,-77.49,1
29.686,-95.521,1
40.719,-74.041,1
38.797,-76.995,1
38.798,-104.701,1
29.867,-95.638,1
40.719,-74.012,1
29.867,-95.68,1
29.719,-95.777,1
40.719,-74.005,1
38.8,-77.516,1
25.735,-80.255,1
38.801,-77.185,1
40.755,-73.988,1
29.867,-95.72,1
38.802,-77.06,1
38.803,-89.971,1
29.867,-95.73,1
28.336,-81.384,1
29.866,-95.376,1
40.719,-73.995,1
29.673,-95.094,1
29.866,-95.4,1
38.807,-77.134,1
29.866,-95.574,1
38.809,-76.992,1
28.337,-81.412,1
29.433,-95.208,1
29.434,-95.43,1
38.811,-90.654,1
40.72,-73.726,1
38.811,-77.129,1
25.734,-80.256,1
29.435,-95.807,1
38.813,-76.702,1
38.814,-77.089,1
-34.705,-58.404,1
28.338,-81.628,1
29.865,-95.479,1
40.721,-73.95,1
38.818,-76.999,1
10.975,-74.79,1
25.734,-80.291,1
29.865,-95.509,1
28.338,-81.413,1
29.563,-95.81,1
38.822,-90.497,1
29.864,-95.305,1
38.822,-77.147,1
40.722,-74.083,1
38.824,-94.848,1
40.722,-74.047,1
25.734,-80.303,1
29.864,-95.398,1
38.825,-77.399,1
29.566,-95.208,1
28.339,-81.393,1
38.826,-94.842,1
38.826,-77.18,1
29.864,-95.7,1
38.829,-90.348,1
28.339,-81.312,1
25.734,-80.324,1
25.734,-80.356,1
4.713,-74.072,1
38.831,-77.13,1
38.831,-77.096,1
29.585,-98.635,1
29.863,-95.551,1
38.833,-104.824,1
40.722,-73.991,1
25.734,-80.359,1
38.833,-76.965,1
38.834,-77.436,1
28.34,-81.305,1
29.435,-95.426,1
38.835,-77.307,1
38.836,-104.694,1
28.34,-81.177,1
38.837,-104.824,1
29.863,-95.66,1
38.837,-77.06,1
38.838,-77.107,1
38.839,-84.097,1
38.839,-76.864,1
29.863,-95.762,1
38.841,-77.436,1
40.722,-73.959,1
29.863,-95.788,1
38.842,-77.121,1
38.842,-77.051,1
25.733,-80.246,1
38.843,-77.07,1
38.844,-77.293,1
29.863,-95.803,1
38.845,-77.081,1
25.733,-80.254,1
29.862,-95.303,1
29.862,-95.55,1
28.342,-81.393,1
28.343,-81.429,1
38.849,-77.305,1
28.343,-81.387,1
29.437,-95.439,1
38.851,-77.347,1
38.851,-77.109,1
40.722,-73.795,1
38.853,-77.33,1
38.854,-76.882,1
38.855,-77.636,1
25.733,-80.352,1
28.343,-81.386,1
28.344,-81.474,1
29.862,-95.85,1
38.858,-77.149,1
38.858,-77.044,1
38.859,-94.676,1
10.947,-74.803,1
38.859,-77.05,1
25.733,-80.387,1
28.344,-81.389,1
38.86,-77.336,1
38.86,-77.05,1
28.345,-81.634,1
38.861,-90.053,1
38.862,-77.391,1
29.861,-95.316,1
40.722,-73.735,1
29.861,-95.369,1
38.863,-77.859,1
40.723,-74.242,1
38.863,-77.208,1
29.861,-95.371,1
40.723,-74.19,1
29.861,-95.377,1
38.864,-77.137,1
29.861,-95.381,1
29.584,-95.218,1
29.861,-95.399,1
38.865,-77.078,1
38.865,-77.042,1
25.732,-80.304,1
29.861,-95.426,1
29.446,-95.102,1
40.723,-73.995,1
40.842,-74.048,1
29.861,-95.528,1
29.584,-95.389,1
29.584,-95.46,1
38.871,-77.153,1
40.724,-74.036,1
29.45,-98.565,1
38.872,-77.368,1
29.861,-95.644,1
29.861,-95.648,1
38.873,-77.374,1
28.346,-81.457,1
40.724,-73.947,1
40.724,-73.878,1
29.451,-95.119,1
38.876,-77.214,1
28.346,-81.287,1
29.718,-95.53,1
40.843,-74.081,1
38.879,-77.006,1
29.86,-95.401,1
28.347,-81.669,1
25.732,-80.373,1
29.86,-95.429,1
38.881,-94.705,1
29.674,-95.441,1
40.725,-74.008,1
29.86,-95.642,1
29.584,-95.678,1
38.882,-94.753,1
38.882,-77.17,1
10.492,-66.853,1
38.883,-77.121,1
38.883,-76.995,1
28.347,-81.365,1
29.86,-95.699,1
29.86,-95.701,1
38.884,-94.7,1
28.348,-81.608,1
29.691,-95.157,1
28.348,-81.605,1
29.86,-95.762,1
29.86,-95.767,1
29.859,-95.179,1
29.859,-95.205,1
38.889,-77.077,1
38.891,-94.79,1
29.859,-95.35,1
29.859,-95.624,1
38.893,-104.751,1
29.859,-95.642,1
40.725,-73.987,1
38.893,-77.048,1
38.893,-76.971,1
25.731,-80.289,1
29.859,-95.662,1
40.725,-73.982,1
28.351,-80.607,1
40.725,-73.954,1
38.894,-77.022,1
38.894,-77.002,1
28.352,-81.252,1
38.896,-77.092,1
28.353,-81.485,1
10.487,-66.874,1
38.897,-77.183,1
29.552,-95.123,1
38.897,-77.089,1
38.897,-77.051,1
38.897,-77.05,1
38.897,-77.02,1
38.897,-76.991,1
38.898,-104.818,1
29.859,-95.747,1
29.553,-98.648,1
10.482,-66.859,1
29.858,-95.504,1
38.899,-94.821,1
38.899,-77.047,1
29.691,-95.396,1
29.717,-95.423,1
40.726,-74.07,1
38.9,-77.108,1
38.9,-77.047,1
38.9,-77.026,1
40.726,-73.996,1
40.726,-73.993,1
38.901,-77.289,1
38.901,-77.204,1
28.356,-81.509,1
28.356,-81.396,1
38.901,-77.013,1
38.901,-76.907,1
40.726,-73.961,1
38.902,-94.854,1
28.357,-81.365,1
29.857,-95.573,1
38.902,-77.021,1
25.73,-80.235,1
28.358,-81.496,1
38.904,-77.127,1
29.857,-95.646,1
29.453,-98.662,1
38.904,-77.024,1
28.359,-81.242,1
29.583,-95.235,1
29.857,-95.744,1
40.881,-74.195,1
25.73,-80.298,1
29.691,-95.464,1
25.73,-80.304,1
38.907,-94.526,1
28.36,-81.375,1
38.907,-76.863,1
29.857,-95.855,1
29.856,-81.322,1
38.908,-77.033,1
38.908,-76.863,1
29.717,-95.551,1
28.36,-81.341,1
28.361,-81.435,1
38.909,-77.04,1
29.691,-95.519,1
29.856,-95.453,1
38.91,-77.065,1
38.91,-77.008,1
28.361,-81.329,1
38.911,-77.568,1
25.73,-80.31,1
29.856,-95.487,1
10.418,-75.534,1
29.856,-95.644,1
25.73,-80.361,1
38.912,-76.987,1
38.913,-121.063,1
28.361,-81.234,1
28.362,-81.51,1
29.717,-95.672,1
38.914,-77.498,1
38.914,-77.068,1
28.362,-81.426,1
28.362,-81.269,1
38.915,-94.378,1
29.717,-95.77,1
40.754,-73.907,1
40.727,-74.031,1
38.916,-77.018,1
38.917,-104.83,1
29.454,-98.439,1
38.917,-77.223,1
38.917,-77.045,1
38.917,-77.031,1
29.855,-95.609,1
40.727,-73.947,1
38.918,-77.223,1
28.362,-80.74,1
25.729,-80.253,1
38.918,-77.024,1
29.855,-95.643,1
38.919,-77.023,1
38.919,-76.897,1
28.363,-81.638,1
25.729,-80.26,1
29.855,-95.747,1
38.92,-77.03,1
29.854,-81.393,1
40.727,-73.941,1
29.854,-95.189,1
38.922,-94.547,1
28.363,-81.454,1
40.727,-73.907,1
29.854,-95.28,1
38.922,-77.032,1
40.728,-74.063,1
38.923,-104.844,1
40.728,-73.99,1
38.923,-77.04,1
38.923,-77.031,1
38.925,-94.729,1
29.854,-95.347,1
40.746,-73.92,1
38.925,-77.052,1
38.925,-77.038,1
29.854,-95.401,1
38.925,-76.847,1
29.854,-95.422,1
29.682,-95.451,1
38.927,-77.04,1
40.728,-73.84,1
28.363,-81.418,1
29.682,-95.386,1
29.854,-95.614,1
28.365,-81.419,1
38.93,-77.104,1
28.365,-81.377,1
38.93,-77.028,1
38.931,-77.03,1
25.729,-80.335,1
25.729,-80.343,1
10.398,-75.505,1
25.729,-80.368,1
29.583,-95.524,1
38.933,-94.742,1
25.729,-80.403,1
29.854,-95.71,1
38.935,-76.943,1
25.729,-80.42,1
38.936,-77.09,1
38.936,-77.088,1
38.936,-77.086,1
28.365,-81.312,1
40.729,-74.067,1
38.937,-76.93,1
38.938,-76.905,1
38.939,-77.191,1
38.94,-77.603,1
25.729,-80.429,1
29.853,-95.277,1
38.94,-76.733,1
29.717,-95.824,1
29.853,-95.36,1
25.728,-80.238,1
38.941,-76.888,1
29.853,-95.484,1
40.729,-73.995,1
25.728,-80.241,1
25.728,-80.245,1
38.943,-95.213,1
38.943,-92.324,1
38.943,-77.401,1
38.943,-77.026,1
38.943,-76.985,1
29.691,-95.641,1
40.729,-73.881,1
40.729,-73.879,1
38.945,-77.064,1
38.946,-77.08,1
28.366,-81.616,1
29.853,-95.567,1
38.947,-94.592,1
38.947,-84.598,1
38.947,-77.406,1
29.853,-95.593,1
25.728,-80.314,1
38.948,-77.08,1
29.675,-95.429,1
29.853,-95.639,1
38.948,-76.714,1
29.717,-95.833,1
29.853,-95.666,1
28.366,-81.371,1
38.95,-92.739,1
40.729,-73.781,1
38.95,-76.942,1
25.727,-80.293,1
29.852,-95.376,1
38.951,-78.149,1
38.951,-76.898,1
28.366,-80.775,1
38.952,-77.011,1
38.952,-76.851,1
28.367,-81.633,1
40.729,-73.729,1
28.367,-81.489,1
28.367,-81.424,1
28.367,-81.423,1
38.954,-77.009,1
10.396,-75.466,1
40.73,-73.998,1
29.717,-96.159,1
40.746,-73.945,1
29.852,-95.73,1
29.852,-95.846,1
29.851,-95.506,1
38.956,-84.624,1
25.726,-80.283,1
40.73,-73.899,1
40.73,-73.872,1
38.957,-95.252,1
29.851,-95.545,1
29.851,-95.722,1
29.851,-95.747,1
29.553,-95.825,1
29.85,-95.317,1
28.37,-81.51,1
40.73,-73.368,1
38.957,-76.879,1
29.85,-95.509,1
38.958,-95.254,1
28.371,-81.518,1
29.716,-95.314,1
38.958,-77.359,1
25.726,-80.46,1
38.958,-76.981,1
38.959,-77.052,1
25.725,-80.275,1
28.371,-81.404,1
28.371,-81.28,1
29.85,-95.777,1
38.961,-119.941,1
25.724,-80.253,1
25.724,-80.254,1
29.716,-95.336,1
40.731,-74.0,1
40.731,-73.998,1
38.962,-84.603,1
28.371,-81.233,1
40.731,-73.995,1
29.85,-95.863,1
40.754,-73.914,1
29.849,-95.542,1
29.849,-95.551,1
40.731,-73.987,1
28.372,-81.548,1
-34.749,-58.373,1
38.964,-76.945,1
38.965,-94.698,1
29.849,-95.639,1
28.372,-81.507,1
28.372,-81.43,1
38.966,-77.54,1
38.966,-77.532,1
25.724,-80.42,1
38.967,-77.512,1
29.849,-95.67,1
29.675,-95.367,1
29.849,-95.677,1
38.967,-76.952,1
29.849,-95.782,1
40.745,-73.835,1
29.849,-97.967,1
38.968,-94.61,1
38.968,-77.396,1
40.731,-73.981,1
29.848,-95.343,1
40.731,-73.893,1
38.969,-76.983,1
40.731,-73.889,1
29.848,-95.489,1
38.97,-77.018,1
38.97,-76.956,1
29.848,-95.546,1
29.848,-95.56,1
29.553,-95.527,1
28.374,-81.613,1
29.848,-95.771,1
38.971,-77.381,1
40.754,-73.916,1
25.724,-80.463,1
29.716,-95.364,1
29.684,-95.553,1
28.375,-81.685,1
29.847,-95.363,1
29.716,-95.414,1
29.847,-95.388,1
29.69,-95.2,1
29.847,-95.436,1
25.723,-80.289,1
29.716,-95.499,1
38.976,-77.012,1
38.976,-76.868,1
38.977,-77.178,1
29.847,-95.524,1
29.847,-95.606,1
38.979,-77.535,1
29.847,-95.647,1
40.732,-73.98,1
29.847,-95.661,1
29.847,-95.663,1
29.847,-95.766,1
29.675,-95.202,1
38.981,-77.352,1
28.376,-81.259,1
25.723,-80.402,1
28.376,-81.231,1
38.982,-76.943,1
25.723,-80.429,1
40.732,-73.842,1
10.396,-75.512,1
29.846,-95.384,1
40.846,-74.651,1
29.846,-95.475,1
28.377,-81.693,1
40.733,-75.201,1
38.984,-76.947,1
38.984,-76.838,1
28.377,-81.565,1
28.377,-81.507,1
38.985,-76.948,1
40.733,-74.005,1
38.985,-76.878,1
40.754,-73.983,1
29.846,-95.65,1
28.377,-81.503,1
38.986,-77.095,1
28.378,-81.654,1
25.721,-80.343,1
40.733,-74.0,1
29.846,-95.959,1
38.987,-76.913,1
38.987,-76.857,1
29.46,-98.435,1
38.988,-77.096,1
29.845,-95.495,1
38.988,-76.948,1
29.69,-95.338,1
38.989,-80.219,1
25.721,-80.428,1
29.845,-95.533,1
25.721,-80.429,1
29.845,-95.597,1
28.379,-81.491,1
29.845,-95.647,1
38.99,-76.802,1
38.991,-77.026,1
38.991,-76.935,1
28.379,-81.398,1
38.991,-76.534,1
38.992,-84.646,1
29.559,-95.366,1
38.992,-77.004,1
29.845,-95.719,1
28.38,-81.484,1
29.844,-95.487,1
40.733,-73.984,1
40.846,-73.899,1
38.993,-76.945,1
38.993,-76.823,1
38.994,-84.657,1
38.994,-76.987,1
38.994,-76.878,1
38.994,-76.877,1
28.381,-81.353,1
28.381,-81.255,1
29.844,-95.736,1
29.69,-95.34,1
38.995,-76.833,1
40.733,-73.962,1
38.996,-77.028,1
25.719,-80.279,1
29.844,-95.773,1
38.996,-76.991,1
29.716,-95.649,1
29.844,-95.777,1
40.846,-73.897,1
38.997,-121.546,1
29.843,-95.363,1
25.719,-80.309,1
38.997,-76.886,1
40.734,-122.932,1
28.382,-81.243,1
29.715,-95.488,1
38.998,-77.026,1
29.843,-95.721,1
40.734,-74.073,1
38.999,-77.098,1
38.999,-77.04,1
40.734,-74.072,1
39.0,-105.549,1
29.842,-95.198,1
39.0,-84.655,1
40.734,-74.061,1
29.842,-95.466,1
40.754,-73.991,1
29.842,-95.706,1
29.582,-95.177,1
29.842,-95.722,1
4.72,-74.042,1
29.715,-95.512,1
39.001,-77.093,1
29.841,-95.543,1
28.385,-81.508,1
28.385,-81.503,1
25.718,-80.42,1
29.676,-95.682,1
29.841,-95.703,1
40.734,-74.002,1
39.002,-76.863,1
39.003,-94.591,1
29.841,-95.715,1
39.003,-76.99,1
39.003,-76.987,1
39.003,-76.964,1
29.841,-95.783,1
28.387,-81.505,1
29.84,-95.544,1
39.004,-76.99,1
39.004,-76.95,1
28.387,-81.493,1
28.387,-81.491,1
29.84,-95.788,1
39.005,-76.93,1
25.717,-80.274,1
39.007,-84.655,1
39.007,-77.503,1
39.008,-84.633,1
29.839,-94.996,1
29.839,-95.474,1
39.009,-77.379,1
29.839,-95.714,1
40.734,-73.979,1
29.715,-95.526,1
39.01,-76.925,1
25.717,-80.373,1
28.388,-81.245,1
28.388,-80.754,1
40.734,-73.95,1
39.014,-94.718,1
39.014,-94.66,1
28.389,-81.483,1
40.734,-73.87,1
25.716,-80.287,1
29.465,-95.028,1
29.715,-95.576,1
40.735,-74.153,1
25.716,-80.359,1
39.016,-94.732,1
39.016,-94.671,1
28.39,-81.485,1
39.018,-77.461,1
40.847,-73.905,1
-34.78,-58.401,1
28.39,-81.484,1
39.019,-84.727,1
39.019,-84.524,1
39.019,-77.045,1
28.39,-81.478,1
39.022,-84.506,1
39.022,-76.978,1
28.39,-81.245,1
28.391,-81.244,1
39.023,-77.149,1
40.848,-74.001,1
39.023,-76.958,1
29.837,-95.703,1
29.837,-95.709,1
29.565,-95.075,1
40.754,-73.999,1
28.392,-81.247,1
40.735,-73.96,1
40.735,-73.89,1
25.716,-80.425,1
25.716,-80.431,1
40.735,-73.858,1
29.715,-95.592,1
40.848,-73.94,1
25.716,-80.451,1
39.025,-77.14,1
29.715,-95.613,1
40.736,-74.048,1
29.836,-95.197,1
28.393,-81.493,1
40.848,-73.931,1
28.393,-81.247,1
39.028,-84.56,1
28.394,-81.473,1
39.028,-77.106,1
29.836,-95.693,1
39.029,-84.661,1
25.715,-80.273,1
29.582,-95.208,1
25.715,-80.347,1
29.836,-95.741,1
25.715,-80.395,1
29.582,-95.225,1
29.836,-95.77,1
25.715,-80.404,1
40.849,-73.853,1
40.85,-74.203,1
28.394,-81.335,1
39.033,-77.464,1
28.395,-81.68,1
40.736,-73.992,1
39.033,-77.026,1
40.754,-74.0,1
29.835,-95.369,1
29.835,-95.501,1
29.835,-95.65,1
28.397,-80.554,1
40.736,-73.96,1
40.736,-73.92,1
28.398,-81.404,1
40.736,-73.896,1
29.835,-95.725,1
39.035,-77.054,1
40.736,-73.882,1
39.036,-77.061,1
40.736,-73.877,1
39.036,-76.951,1
39.037,-84.466,1
29.835,-95.729,1
40.736,-73.866,1
40.736,-73.862,1
39.039,-104.836,1
40.85,-73.939,1
39.039,-76.736,1
39.04,-94.597,1
39.04,-77.351,1
25.713,-80.28,1
39.04,-77.053,1
28.398,-81.34,1
39.041,-94.678,1
25.712,-80.249,1
39.041,-84.573,1
39.041,-77.156,1
39.041,-76.939,1
39.042,-94.585,1
28.398,-81.263,1
39.042,-76.986,1
39.042,-76.983,1
39.042,-76.835,1
40.85,-73.933,1
29.834,-95.536,1
39.043,-77.076,1
29.834,-95.545,1
28.402,-81.68,1
40.736,-73.859,1
39.044,-90.974,1
29.834,-95.605,1
29.834,-95.674,1
29.676,-95.631,1
28.402,-81.546,1
29.715,-95.657,1
28.402,-81.391,1
39.046,-84.369,1
29.833,-95.617,1
39.046,-77.163,1
29.833,-95.654,1
29.833,-95.673,1
25.711,-80.435,1
40.753,-73.87,1
29.832,-95.564,1
28.405,-81.526,1
28.405,-81.422,1
28.405,-80.615,1
29.468,-95.95,1
29.676,-95.604,1
29.682,-95.221,1
28.406,-81.502,1
39.049,-77.117,1
39.049,-77.106,1
28.407,-81.503,1
4.723,-74.04,1
40.737,-74.073,1
39.049,-76.828,1
28.407,-81.414,1
39.05,-84.357,1
39.05,-77.379,1
25.71,-80.408,1
28.407,-81.21,1
40.85,-73.932,1
39.05,-76.664,1
39.051,-77.479,1
39.051,-77.075,1
25.709,-80.257,1
39.051,-76.913,1
25.709,-80.291,1
28.408,-81.473,1
39.052,-84.418,1
39.052,-77.508,1
29.831,-95.42,1
10.388,-75.475,1
10.386,-75.452,1
29.582,-95.42,1
39.053,-77.125,1
25.709,-80.335,1
39.054,-77.116,1
29.831,-95.538,1
28.41,-81.573,1
40.737,-73.99,1
39.054,-76.989,1
40.737,-73.989,1
40.85,-73.407,1
25.708,-80.281,1
39.055,-77.046,1
40.737,-73.983,1
25.708,-80.282,1
28.41,-81.531,1
39.057,-77.543,1
29.831,-95.692,1
25.708,-80.289,1
29.831,-95.693,1
40.737,-73.979,1
39.058,-77.124,1
29.69,-95.493,1
29.831,-95.737,1
25.708,-80.379,1
39.06,-77.158,1
29.831,-95.756,1
39.06,-77.087,1
39.06,-77.069,1
25.708,-80.4,1
39.06,-76.884,1
28.411,-81.652,1
25.708,-80.407,1
39.061,-84.655,1
39.061,-77.202,1
39.061,-77.121,1
39.062,-94.886,1
39.062,-94.585,1
39.062,-94.376,1
39.062,-84.537,1
29.831,-95.795,1
39.062,-77.083,1
39.062,-77.046,1
25.708,-80.458,1
39.063,-77.073,1
39.063,-76.934,1
25.707,-80.281,1
39.064,-94.582,1
40.737,-73.859,1
25.707,-80.287,1
29.83,-95.166,1
29.83,-95.185,1
40.737,-73.856,1
25.707,-80.316,1
29.83,-95.282,1
28.411,-81.415,1
39.065,-77.14,1
28.411,-81.414,1
29.676,-95.528,1
29.83,-95.555,1
29.469,-95.506,1
28.413,-81.424,1
40.737,-73.8,1
39.066,-84.656,1
39.066,-77.114,1
29.83,-95.77,1
39.066,-77.094,1
39.067,-77.475,1
40.737,-73.617,1
29.469,-95.396,1
29.582,-95.581,1
29.829,-95.257,1
28.414,-81.644,1
29.829,-95.483,1
28.414,-81.223,1
29.829,-95.727,1
39.07,-76.519,1
29.829,-95.762,1
29.47,-95.025,1
29.714,-95.342,1
28.415,-81.237,1
25.706,-80.304,1
29.829,-95.767,1
28.415,-81.222,1
40.738,-73.957,1
29.829,-95.833,1
39.072,-76.989,1
39.075,-95.69,1
39.075,-77.154,1
39.075,-77.138,1
28.416,-81.423,1
25.706,-80.403,1
8.425,-80.157,1
39.075,-76.697,1
28.416,-81.419,1
29.471,-95.961,1
39.076,-77.087,1
40.738,-73.861,1
39.077,-94.709,1
29.828,-95.539,1
29.828,-95.699,1
29.828,-95.711,1
29.828,-95.772,1
29.827,-95.432,1
39.078,-77.146,1
28.419,-81.654,1
29.682,-95.214,1
39.079,-77.077,1
39.079,-77.067,1
25.705,-80.256,1
29.676,-95.413,1
29.826,-94.991,1
39.08,-94.702,1
25.705,-80.288,1
40.738,-73.74,1
28.42,-81.584,1
40.882,-73.863,1
39.08,-76.583,1
10.381,-75.469,1
39.081,-77.125,1
28.421,-81.458,1
29.714,-95.4,1
25.705,-80.388,1
40.739,-74.04,1
25.705,-80.421,1
39.083,-77.128,1
25.705,-80.438,1
40.739,-74.009,1
29.826,-95.394,1
40.753,-73.885,1
25.704,-80.293,1
25.704,-80.315,1
39.085,-94.636,1
40.739,-73.996,1
39.085,-77.152,1
29.826,-95.504,1
29.682,-95.2,1
39.085,-77.105,1
40.883,-74.139,1
39.086,-77.001,1
29.826,-95.528,1
29.826,-95.776,1
39.087,-84.728,1
29.825,-95.522,1
25.702,-80.304,1
28.422,-81.407,1
29.683,-95.89,1
29.824,-95.499,1
29.824,-95.524,1
25.702,-80.341,1
29.824,-95.727,1
29.714,-95.405,1
39.089,-76.948,1
25.702,-80.397,1
29.824,-95.733,1
40.852,-115.744,1
29.824,-95.754,1
25.701,-80.276,1
29.714,-95.521,1
39.091,-84.427,1
39.091,-84.344,1
29.714,-95.581,1
39.091,-77.144,1
40.74,-73.992,1
25.701,-80.365,1
29.824,-95.77,1
39.091,-76.92,1
40.74,-73.985,1
39.092,-77.071,1
25.701,-80.366,1
39.092,-76.956,1
29.475,-98.615,1
29.823,-95.189,1
40.753,-73.906,1
29.823,-95.468,1
40.74,-73.979,1
28.424,-81.357,1
25.701,-80.44,1
28.424,-81.202,1
29.822,-95.163,1
29.676,-95.15,1
39.094,-76.752,1
25.7,-80.37,1
29.822,-95.502,1
39.095,-76.824,1
29.683,-95.718,1
40.74,-73.943,1
39.096,-84.494,1
29.478,-95.516,1
39.096,-77.136,1
40.852,-73.968,1
40.74,-73.903,1
25.7,-80.44,1
39.096,-76.862,1
29.822,-95.542,1
40.74,-73.875,1
28.426,-81.459,1
40.74,-73.871,1
40.74,-73.857,1
25.7,-100.321,1
29.713,-95.375,1
39.098,-76.85,1
39.098,-76.817,1
40.741,-74.159,1
28.426,77.363,1
29.821,-95.022,1
40.741,-74.158,1
29.821,-95.271,1
25.699,-80.393,1
39.099,-76.856,1
40.741,-74.048,1
28.427,-81.209,1
29.821,-95.47,1
39.1,-76.934,1
29.821,-95.5,1
39.101,-84.512,1
39.101,-76.857,1
28.428,-81.256,1
28.428,-81.214,1
39.102,-77.192,1
29.82,-95.481,1
40.741,-74.027,1
25.698,-80.161,1
28.429,-81.315,1
39.102,-76.798,1
39.103,-84.52,1
25.698,-80.279,1
28.429,-81.243,1
39.103,-77.013,1
39.103,-76.864,1
10.379,-75.482,1
29.82,-95.726,1
40.741,-73.992,1
25.698,-80.383,1
29.82,-95.754,1
29.82,-95.783,1
25.698,-80.399,1
25.698,-80.438,1
29.713,-95.395,1
28.43,-81.383,1
29.819,-95.432,1
25.698,-80.455,1
39.106,-76.86,1
28.43,-81.258,1
39.107,-84.273,1
39.107,-77.204,1
29.683,-95.629,1
39.107,-76.701,1
39.108,-84.523,1
39.108,-77.151,1
39.109,-76.937,1
29.819,-95.683,1
29.819,-95.715,1
39.11,-84.551,1
39.11,-77.209,1
39.11,-77.168,1
29.69,-95.506,1
25.697,-80.257,1
28.431,-81.557,1
40.741,-73.958,1
29.819,-95.773,1
25.696,-80.306,1
39.112,-77.185,1
40.741,-73.954,1
40.753,-73.916,1
29.818,-94.839,1
39.113,-94.626,1
29.818,-95.331,1
29.818,-95.372,1
40.854,-73.859,1
29.818,-95.384,1
25.696,-80.424,1
29.818,-95.541,1
29.818,-95.564,1
39.114,-84.527,1
29.818,-95.714,1
39.114,-77.207,1
29.818,-95.73,1
29.478,-95.089,1
29.677,-95.733,1
4.776,-74.047,1
25.695,-80.165,1
40.741,-73.917,1
25.695,-80.31,1
39.115,-77.188,1
5.993,7.009,1
39.115,-76.898,1
29.818,-95.765,1
29.818,-95.78,1
29.818,-95.805,1
39.116,-77.263,1
39.116,-77.165,1
28.431,-81.413,1
29.817,-95.349,1
39.117,-77.198,1
29.478,-81.219,1
29.713,-95.541,1
39.118,-77.199,1
25.695,-80.399,1
28.431,-81.239,1
29.817,-95.435,1
40.741,-73.825,1
29.479,-98.589,1
28.432,-81.369,1
39.12,-77.569,1
10.371,-75.496,1
29.817,-95.532,1
40.741,-73.726,1
25.694,-80.321,1
28.433,-81.471,1
29.712,-95.207,1
29.817,-95.685,1
28.433,-81.236,1
39.121,-77.206,1
39.121,-77.18,1
28.434,-81.562,1
39.122,-77.178,1
39.123,-77.238,1
29.817,-95.768,1
39.124,-84.517,1
29.479,-81.189,1
29.817,-95.769,1
28.434,-81.347,1
25.693,-80.334,1
29.817,-95.789,1
28.435,-81.425,1
29.816,-94.974,1
29.816,-95.162,1
25.693,-80.371,1
40.883,-73.894,1
39.127,-94.679,1
39.127,-84.514,1
40.742,-74.01,1
40.753,-73.972,1
25.693,-80.402,1
25.693,-80.437,1
29.816,-95.362,1
39.128,-77.546,1
28.435,-81.245,1
39.129,-94.823,1
39.129,-94.686,1
40.854,-73.85,1
29.816,-95.418,1
25.693,-80.445,1
29.482,-98.599,1
39.129,-77.011,1
29.816,-95.502,1
29.816,-95.705,1
39.13,-77.245,1
29.816,-95.752,1
39.13,-77.205,1
39.13,-77.203,1
25.692,-80.294,1
40.854,-73.633,1
29.816,-95.771,1
29.816,-95.8,1
40.742,-74.003,1
29.816,-95.804,1
28.436,-81.218,1
39.133,-76.636,1
39.134,-77.207,1
39.135,-77.189,1
29.815,-95.569,1
25.692,-80.415,1
39.136,-121.635,1
29.712,-95.509,1
29.815,-95.664,1
25.691,-80.285,1
28.437,-81.372,1
28.439,-81.593,1
28.44,-81.47,1
39.137,-76.633,1
29.815,-95.722,1
25.691,-80.374,1
40.742,-73.989,1
39.138,-84.427,1
39.138,-84.426,1
25.691,-80.382,1
29.815,-95.792,1
28.443,-81.602,1
29.814,-95.497,1
29.814,-95.679,1
28.444,-81.214,1
28.445,-81.47,1
39.141,-121.616,1
39.141,-92.688,1
40.742,-73.982,1
29.813,-95.145,1
29.813,-95.384,1
28.446,-81.396,1
29.813,-95.478,1
39.141,-76.859,1
40.854,-72.571,1
25.691,-80.436,1
29.712,-95.732,1
28.446,-81.394,1
10.338,-75.55,1
28.446,-81.378,1
29.813,-95.545,1
39.142,-77.181,1
29.683,-95.599,1
39.142,-76.622,1
39.143,-121.143,1
40.742,-73.867,1
39.143,-84.475,1
28.447,-81.563,1
28.448,-81.471,1
40.742,-73.865,1
25.69,-80.361,1
25.69,-80.364,1
28.448,-81.397,1
29.813,-95.726,1
25.69,-80.373,1
29.813,-95.77,1
28.448,-81.262,1
39.144,-76.786,1
10.266,-67.619,1
40.742,-73.842,1
28.449,-81.363,1
29.812,-95.462,1
40.753,-73.999,1
29.812,-95.556,1
39.145,-77.167,1
25.689,-80.16,1
39.145,-76.877,1
40.742,-73.824,1
39.146,-84.624,1
25.689,-80.162,1
39.146,-77.227,1
39.146,-77.221,1
25.689,-80.164,1
29.812,-95.564,1
25.689,-80.308,1
28.449,-81.283,1
40.753,-74.0,1
29.812,-95.747,1
29.812,-95.773,1
39.147,-76.561,1
28.451,-81.5,1
25.689,-80.386,1
39.148,-84.445,1
29.811,-95.384,1
39.149,-84.474,1
28.451,-81.401,1
28.452,-81.391,1
25.689,-80.424,1
39.149,-77.163,1
29.811,-95.548,1
39.149,-76.891,1
29.811,-95.721,1
39.15,-94.712,1
25.688,-80.159,1
29.811,-95.758,1
28.453,-81.581,1
28.453,-81.469,1
29.81,-95.315,1
25.688,-80.309,1
25.688,-80.313,1
39.151,-76.818,1
25.688,-80.335,1
29.486,-98.526,1
28.453,-81.391,1
29.81,-95.449,1
25.688,-80.353,1
39.152,-77.193,1
40.742,-73.806,1
39.153,-76.899,1
29.81,-95.457,1
39.153,-76.581,1
29.486,-95.406,1
28.454,-82.556,1
39.154,-77.173,1
29.486,-95.126,1
25.688,-80.403,1
29.711,-95.375,1
28.454,-81.439,1
29.81,-95.513,1
25.687,-80.352,1
39.156,-77.306,1
29.81,-95.756,1
25.687,-80.356,1
29.81,-95.811,1
29.488,-95.077,1
40.743,-74.175,1
40.743,-73.997,1
25.687,-80.392,1
25.687,-80.402,1
39.157,-77.194,1
40.743,-73.98,1
40.743,-73.954,1
39.159,-77.286,1
25.687,-80.417,1
40.743,-73.911,1
40.752,-73.821,1
28.455,-81.363,1
28.455,-81.362,1
39.159,-76.725,1
39.16,-94.828,1
39.16,-84.61,1
29.809,-95.378,1
29.809,-95.408,1
28.456,-81.393,1
29.809,-95.474,1
29.809,-95.508,1
29.809,-95.55,1
25.687,-80.443,1
40.743,-73.904,1
28.457,-81.442,1
29.69,-95.532,1
40.883,-73.884,1
39.161,-77.195,1
25.686,-80.157,1
39.162,-86.568,1
25.686,-80.16,1
40.743,-73.886,1
29.686,-95.681,1
39.163,-77.177,1
28.457,-81.313,1
29.808,-95.434,1
28.458,-81.267,1
29.808,-95.71,1
39.164,-77.222,1
29.808,-95.961,1
39.165,-77.212,1
29.807,-95.145,1
39.165,-76.625,1
40.743,-73.785,1
29.807,-95.449,1
39.166,-77.271,1
25.686,-80.389,1
29.807,-95.475,1
29.807,-95.482,1
29.492,-98.785,1
29.711,-95.511,1
40.752,-73.873,1
29.806,-95.185,1
40.744,-74.181,1
28.46,-81.381,1
29.806,-95.724,1
10.23,-75.606,1
39.168,-84.505,1
29.805,-94.978,1
29.805,-94.996,1
29.805,-95.43,1
25.686,-80.412,1
10.157,76.395,1
39.169,-94.634,1
40.744,-74.15,1
10.085,-69.288,1
29.805,-95.566,1
39.169,-77.286,1
29.805,-95.704,1
25.686,-80.427,1
25.686,-80.429,1
28.463,-81.456,1
39.169,-77.194,1
28.463,-81.401,1
39.169,-77.171,1
29.493,-98.639,1
40.744,-73.994,1
6.174,-75.602,1
40.744,-73.979,1
40.752,-73.915,1
25.685,-80.339,1
39.17,-76.785,1
28.464,-81.356,1
40.855,-73.907,1
29.554,-95.372,1
29.804,-95.72,1
28.465,-81.398,1
40.744,-73.974,1
40.744,-73.972,1
39.172,-76.86,1
29.803,-95.447,1
29.803,-95.543,1
29.803,-95.714,1
29.711,-95.573,1
25.685,-80.432,1
28.466,-81.399,1
25.685,-80.437,1
39.173,-77.165,1
39.173,-77.096,1
39.173,-76.863,1
28.467,-81.464,1
25.685,-80.457,1
28.468,-81.453,1
29.802,-95.511,1
39.174,-76.777,1
39.175,-86.518,1
29.711,-95.635,1
40.744,-73.945,1
39.176,-77.213,1
39.176,-77.207,1
9.943,-84.071,1
25.684,-80.318,1
29.802,-95.562,1
29.802,-95.737,1
40.744,-73.885,1
40.744,-73.868,1
39.176,-76.736,1
39.177,-77.262,1
40.752,-73.943,1
39.177,-77.213,1
39.177,-77.189,1
29.801,-93.21,1
39.177,-76.837,1
29.711,-95.747,1
40.856,-74.071,1
39.178,-77.263,1
25.684,-80.353,1
39.178,-77.207,1
40.752,-73.991,1
39.178,-76.616,1
28.468,-81.243,1
29.801,-95.745,1
39.179,-77.246,1
29.801,-95.813,1
39.179,-77.214,1
28.469,-81.467,1
25.684,-80.398,1
28.469,-81.451,1
25.684,-80.43,1
25.684,-80.461,1
39.181,-77.267,1
9.704,-73.279,1
29.8,-95.522,1
40.744,-73.835,1
40.744,-73.83,1
39.181,-76.565,1
39.182,-78.13,1
29.8,-95.703,1
40.856,-74.049,1
29.8,-95.705,1
25.683,-80.431,1
28.47,-81.41,1
28.471,-81.416,1
40.752,-73.994,1
40.745,-74.178,1
39.184,-77.261,1
39.184,-77.182,1
29.711,-95.775,1
25.683,-80.465,1
29.71,-95.213,1
39.185,-76.77,1
39.186,-84.494,1
29.799,-95.197,1
39.186,-78.156,1
29.554,-95.263,1
25.682,-80.419,1
29.799,-95.273,1
29.799,-95.497,1
25.682,-80.456,1
29.71,-95.272,1
39.187,-77.184,1
39.187,-76.784,1
39.188,-96.636,1
29.799,-95.561,1
39.188,-77.191,1
28.471,-81.294,1
28.472,-81.586,1
39.189,-77.169,1
29.624,-95.248,1
39.189,-76.784,1
29.71,-95.283,1
28.472,-81.433,1
29.623,-95.06,1
40.857,-74.148,1
29.799,-95.985,1
39.191,-77.284,1
29.71,-95.382,1
39.191,-76.877,1
29.798,-95.436,1
25.681,-80.461,1
39.192,-77.221,1
29.798,-95.5,1
40.752,-73.995,1
29.581,-95.798,1
25.681,-80.473,1
39.193,-77.264,1
29.495,-95.448,1
29.798,-95.782,1
29.798,-95.785,1
29.797,-95.1,1
29.623,-95.197,1
39.194,-76.76,1
29.625,-95.415,1
29.623,-95.237,1
40.857,-74.025,1
29.625,-95.205,1
39.197,-77.251,1
40.752,-74.024,1
29.797,-95.355,1
25.68,-80.472,1
29.797,-95.36,1
39.198,-76.741,1
29.797,-95.41,1
39.199,-76.774,1
29.797,-95.729,1
39.2,-78.256,1
28.474,-81.439,1
29.797,-95.788,1
39.2,-76.848,1
29.685,-95.529,1
29.797,-95.8,1
29.796,-95.193,1
40.745,-73.998,1
40.857,-73.894,1
29.626,-95.556,1
28.475,-81.267,1
39.203,-77.255,1
25.678,-80.434,1
29.796,-95.528,1
39.204,-77.245,1
39.204,-76.805,1
29.796,-95.544,1
29.796,-95.571,1
25.678,-80.473,1
28.476,-81.288,1
39.207,-84.194,1
39.207,-76.747,1
29.796,-95.578,1
29.796,-95.697,1
29.623,-95.382,1
25.677,-80.433,1
39.209,-76.829,1
29.796,-95.719,1
39.21,-76.864,1
39.211,-77.142,1
29.796,-95.722,1
40.857,-73.89,1
29.796,-95.765,1
29.623,-95.435,1
28.478,-81.457,1
39.213,-95.319,1
29.795,-95.151,1
39.214,-77.405,1
29.795,-95.167,1
25.676,-80.373,1
39.216,-76.884,1
28.478,-81.291,1
28.479,-81.472,1
28.479,-81.396,1
39.217,-76.929,1
39.219,-84.453,1
25.676,-80.377,1
28.479,-81.332,1
39.221,-76.876,1
28.48,-81.468,1
25.676,-80.419,1
25.676,-80.434,1
39.223,-76.811,1
29.496,-98.571,1
39.224,-84.462,1
29.626,-95.277,1
39.224,-76.836,1
39.224,-76.811,1
39.225,-76.589,1
39.228,-77.253,1
29.71,-95.621,1
28.48,-81.446,1
39.23,-104.878,1
29.627,-95.583,1
28.48,-81.441,1
28.48,-81.438,1
29.498,-95.137,1
39.232,-76.817,1
39.232,-76.7,1
25.675,-80.387,1
29.794,-95.136,1
29.794,-95.391,1
29.623,-95.556,1
29.69,-95.669,1
39.236,-76.824,1
29.794,-95.46,1
39.236,-76.816,1
29.71,-95.817,1
39.237,-104.697,1
25.675,-80.423,1
39.237,-77.185,1
25.675,-80.425,1
29.623,-95.751,1
29.794,-95.547,1
28.481,-81.468,1
25.674,-80.394,1
39.239,-94.577,1
28.482,-81.432,1
39.242,-120.022,1
29.627,-95.237,1
25.674,-80.413,1
28.482,-81.431,1
29.628,-95.719,1
39.243,-76.511,1
28.482,-81.332,1
28.482,-81.32,1
29.622,-82.364,1
29.709,-95.147,1
29.709,-95.318,1
25.674,-80.417,1
28.483,-81.43,1
39.247,-77.155,1
28.483,-81.32,1
28.484,-81.408,1
25.674,-80.445,1
29.69,-95.671,1
29.622,-82.37,1
29.793,-95.522,1
29.69,-95.709,1
28.484,-81.286,1
28.485,-81.605,1
39.253,-76.689,1
40.752,-74.158,1
29.709,-95.323,1
29.793,-95.762,1
28.485,-81.441,1
28.485,-81.409,1
29.792,-94.888,1
39.258,-88.139,1
29.792,-95.374,1
25.673,-80.368,1
29.629,-95.616,1
-34.899,138.658,1
29.792,-95.512,1
29.792,-95.544,1
29.792,-95.546,1
28.486,-81.432,1
29.792,-95.726,1
29.677,-95.429,1
25.673,-80.464,1
39.264,-76.608,1
29.629,-95.574,1
25.672,-80.274,1
25.672,-80.37,1
25.672,-80.384,1
39.267,-76.705,1
29.622,-95.24,1
39.268,-76.798,1
29.709,-95.406,1
29.792,-95.727,1
29.792,-95.731,1
39.269,-84.374,1
39.269,-77.197,1
29.629,-95.415,1
29.791,-95.115,1
29.629,-95.188,1
28.488,-81.439,1
29.629,-82.373,1
29.554,-95.238,1
39.275,-76.76,1
39.275,-76.596,1
29.709,-95.431,1
25.672,-80.431,1
29.559,-95.14,1
39.278,-84.34,1
28.488,-81.429,1
29.63,-95.456,1
28.488,-81.416,1
28.489,-81.466,1
29.791,-95.386,1
29.709,-95.494,1
29.791,-95.407,1
25.671,-80.392,1
29.791,-95.545,1
29.69,-95.762,1
29.63,-95.238,1
39.281,-76.741,1
29.791,-95.716,1
39.285,-76.507,1
39.286,-80.569,1
39.286,-76.609,1
39.286,-76.547,1
29.791,-95.763,1
29.709,-95.507,1
25.67,-80.37,1
29.791,-95.791,1
28.491,-81.417,1
25.67,-80.433,1
29.79,-95.101,1
39.29,-77.223,1
29.677,-95.391,1
29.63,-95.215,1
29.79,-95.572,1
25.67,-80.449,1
28.492,-81.292,1
28.493,-81.308,1
28.493,-81.288,1
39.293,-76.618,1
39.294,-84.361,1
25.669,-80.409,1
40.859,-73.886,1
39.295,-77.205,1
39.296,-76.524,1
28.494,-81.404,1
29.58,-95.585,1
39.297,-76.577,1
29.79,-95.783,1
39.298,-77.851,1
39.299,-76.621,1
39.299,-76.606,1
29.789,-95.046,1
29.709,-95.64,1
29.631,-95.429,1
29.631,-95.428,1
25.669,-80.457,1
25.669,-80.481,1
39.308,-84.32,1
25.668,-80.37,1
28.495,-81.45,1
29.499,-95.763,1
29.789,-95.462,1
39.311,-76.678,1
25.668,-80.413,1
39.314,-84.424,1
39.314,-77.615,1
39.316,-84.316,1
25.668,-80.45,1
29.789,-95.465,1
39.317,-76.573,1
29.789,-95.571,1
39.318,-84.276,1
29.499,-95.102,1
6.193,-75.566,1
28.496,-81.463,1
29.709,-95.689,1
29.69,-96.672,1
29.789,-95.711,1
28.497,-81.308,1
29.685,-95.537,1
39.325,-76.624,1
29.789,-95.752,1
8.885,-64.229,1
29.631,-95.082,1
40.86,-74.147,1
39.328,-84.437,1
29.632,-95.597,1
28.498,-81.444,1
39.329,-77.291,1
29.789,-95.773,1
29.677,-95.276,1
29.708,-95.147,1
29.708,-95.17,1
28.499,-81.445,1
29.555,-95.75,1
39.333,-77.374,1
39.333,-76.743,1
25.666,-80.408,1
39.333,-76.621,1
29.632,-95.161,1
28.499,-81.439,1
39.336,-84.343,1
29.632,-95.109,1
29.633,-95.816,1
29.708,-95.195,1
28.499,-81.272,1
28.499,-81.231,1
28.5,-81.542,1
29.788,-95.59,1
25.665,-80.432,1
29.689,-95.565,1
28.5,-81.453,1
29.788,-95.692,1
28.5,-81.441,1
39.35,-84.466,1
29.708,-95.199,1
39.351,-84.33,1
29.708,-95.296,1
29.633,-95.423,1
39.352,-104.869,1
39.352,-84.423,1
29.708,-95.301,1
25.665,-80.452,1
39.354,-84.483,1
29.708,-95.336,1
29.555,-95.394,1
25.665,-100.196,1
25.664,-80.415,1
39.358,-76.464,1
39.361,-104.849,1
39.361,-77.427,1
28.5,-81.232,1
29.502,-95.419,1
29.677,-95.182,1
29.788,-95.776,1
39.363,-77.16,1
6.213,-75.602,1
25.664,-80.417,1
25.664,-80.437,1
39.366,-84.366,1
39.368,-77.436,1
39.368,-77.157,1
29.555,-95.09,1
40.862,-74.139,1
29.788,-95.794,1
29.788,-95.962,1
39.372,-77.444,1
25.664,-80.446,1
29.787,-95.219,1
29.787,-95.351,1
28.505,-81.486,1
25.664,-97.812,1
29.787,-95.393,1
29.62,-95.65,1
40.751,-73.876,1
29.787,-95.449,1
29.787,-95.538,1
39.379,-77.437,1
39.379,-76.51,1
29.787,-95.601,1
25.662,-80.355,1
39.383,-77.256,1
25.662,-80.392,1
29.787,-95.604,1
29.56,-95.755,1
29.678,-95.716,1
29.787,-95.65,1
28.506,-81.33,1
25.661,-80.325,1
28.509,-81.238,1
28.51,-81.409,1
39.393,-104.82,1
29.503,-95.438,1
39.393,-76.583,1
25.661,-80.436,1
39.395,-76.609,1
29.787,-95.794,1
39.396,-76.577,1
39.398,-119.742,1
39.399,-76.646,1
39.4,-84.562,1
29.635,-95.587,1
25.66,-80.325,1
28.51,-81.155,1
40.747,-74.003,1
29.786,-95.324,1
39.409,-76.336,1
39.411,-84.563,1
39.413,-0.39,1
29.786,-95.331,1
39.415,-84.456,1
39.417,-84.618,1
28.511,-81.473,1
39.419,-77.446,1
29.786,-95.494,1
29.503,-95.113,1
29.786,-95.55,1
29.555,-81.221,1
40.862,-73.896,1
29.708,-95.674,1
28.513,-81.485,1
29.619,-95.203,1
29.619,-95.402,1
40.747,-74.102,1
39.424,-76.782,1
29.786,-95.669,1
29.708,-96.23,1
29.786,-95.676,1
6.213,-75.559,1
29.504,-95.446,1
39.432,-119.717,1
39.434,-76.33,1
39.436,-77.827,1
28.513,-81.478,1
29.786,-95.722,1
39.44,-74.521,1
28.513,-81.304,1
39.443,-77.411,1
28.513,-81.3,1
39.444,-83.817,1
29.786,-95.778,1
25.659,-80.416,1
29.786,-95.898,1
29.678,-95.612,1
39.45,-75.674,1
29.785,-95.108,1
39.453,-77.42,1
28.513,-81.238,1
29.785,-95.484,1
28.513,-81.224,1
39.458,-77.428,1
29.785,-95.536,1
39.459,-87.335,1
39.46,-76.337,1
39.461,-104.894,1
39.463,-76.639,1
39.464,-84.162,1
39.464,-77.36,1
29.56,-95.126,1
39.465,-76.266,1
29.785,-95.643,1
29.618,-82.362,1
39.468,-104.904,1
28.514,-81.492,1
39.469,-76.624,1
29.785,-95.668,1
29.785,-95.688,1
28.514,-81.282,1
29.785,-95.772,1
39.475,-86.369,1
29.636,-95.615,1
39.483,-119.79,1
29.618,-95.22,1
29.707,-95.271,1
29.577,-95.231,1
25.658,-80.412,1
29.504,-95.421,1
39.491,-76.333,1
29.636,-95.415,1
29.504,-95.401,1
29.785,-95.823,1
39.497,-84.338,1
29.636,-95.383,1
39.5,-121.326,1
29.785,-95.828,1
39.5,-76.32,1
29.505,-95.401,1
29.785,-95.861,1
29.785,-95.888,1
25.657,-80.426,1
29.636,-82.395,1
39.52,-75.662,1
28.516,-81.672,1
28.516,-81.635,1
39.523,-107.724,1
39.525,-104.868,1
40.745,-73.987,1
29.637,-95.703,1
39.526,-119.813,1
39.526,-104.773,1
29.784,-95.186,1
29.784,-95.332,1
39.53,-104.872,1
40.747,-74.154,1
29.784,-95.338,1
39.535,-119.776,1
25.656,-80.383,1
29.678,-95.533,1
29.577,-95.652,1
29.784,-95.367,1
29.707,-95.505,1
29.637,-95.593,1
39.544,-104.937,1
28.517,-81.489,1
29.784,-95.531,1
28.517,-81.481,1
29.784,-95.564,1
39.548,-104.872,1
40.751,-73.975,1
29.678,-95.425,1
28.517,-81.464,1
29.784,-95.65,1
39.553,-104.868,1
29.784,-95.792,1
29.784,-95.798,1
39.554,-97.664,1
39.555,-107.574,1
39.556,-104.863,1
39.557,-77.63,1
39.558,-105.002,1
39.559,-105.119,1
39.56,-105.039,1
39.56,-104.992,1
29.784,-95.801,1
29.784,-95.919,1
39.563,-104.911,1
29.784,-95.934,1
29.784,-95.957,1
25.655,-80.387,1
25.655,-80.391,1
29.689,-95.636,1
39.565,-104.91,1
39.565,-76.989,1
29.783,-94.988,1
25.655,-80.408,1
29.783,-95.165,1
25.655,-80.413,1
39.569,-105.002,1
39.57,-104.956,1
29.783,-95.166,1
39.577,-77.727,1
39.58,-104.794,1
29.783,-95.17,1
39.581,-104.727,1
39.583,-104.899,1
29.783,-95.205,1
29.637,-95.396,1
29.508,-98.787,1
39.587,-104.882,1
29.783,-95.222,1
28.518,-81.482,1
39.589,-77.74,1
25.654,-80.395,1
29.637,-95.227,1
28.518,-81.466,1
29.576,-95.199,1
28.518,-81.16,1
40.863,-73.829,1
28.519,-81.48,1
29.783,-95.408,1
29.783,-95.508,1
39.595,-104.892,1
29.783,-95.52,1
39.596,-104.856,1
25.652,-80.297,1
28.52,-81.369,1
39.599,-104.892,1
39.599,-104.776,1
29.707,-95.55,1
39.602,-105.01,1
28.52,-81.307,1
39.602,-104.828,1
39.602,-75.775,1
40.864,-74.154,1
28.521,-81.525,1
39.603,-104.7,1
39.604,-104.705,1
28.522,-81.619,1
29.783,-95.755,1
29.783,-95.758,1
29.783,-95.781,1
39.609,-119.218,1
29.783,-95.796,1
39.609,-105.003,1
29.782,-94.996,1
29.638,-95.581,1
40.746,-73.983,1
25.649,-80.399,1
25.649,-80.413,1
39.611,-105.073,1
28.522,-81.378,1
39.611,-77.525,1
39.612,-105.087,1
29.782,-95.264,1
29.707,-95.7,1
25.648,-80.298,1
28.522,-81.309,1
39.618,-104.89,1
29.782,-95.532,1
28.523,-81.307,1
29.782,-95.612,1
29.782,-95.727,1
28.524,-81.183,1
29.706,-95.288,1
40.864,-73.845,1
39.624,-104.906,1
29.509,-95.41,1
25.647,-80.286,1
39.625,-105.021,1
29.782,-95.783,1
39.626,-104.794,1
25.647,-80.405,1
29.782,-95.809,1
39.628,-104.879,1
39.628,-104.748,1
28.525,-81.47,1
25.646,-80.332,1
39.629,-104.773,1
29.616,-95.273,1
29.782,-95.924,1
39.63,-75.708,1
29.781,-95.359,1
28.526,-81.387,1
25.646,-80.34,1
39.635,-104.911,1
29.781,-95.448,1
39.636,-77.721,1
29.638,-95.531,1
39.637,-104.893,1
29.781,-95.54,1
29.706,-95.4,1
29.781,-95.541,1
28.527,-81.462,1
29.615,-95.224,1
29.781,-95.57,1
40.865,-74.22,1
28.527,-81.297,1
28.527,-81.286,1
29.51,-95.469,1
28.527,-81.185,1
29.615,-95.559,1
39.645,-104.875,1
39.645,-104.732,1
29.781,-95.751,1
39.646,-104.932,1
25.644,-80.333,1
28.528,-81.466,1
39.646,-104.751,1
39.647,-75.795,1
40.866,-74.223,1
29.511,-98.598,1
39.649,-105.084,1
39.649,-104.999,1
29.781,-95.786,1
29.781,-95.928,1
29.781,-95.929,1
39.651,-105.001,1
28.529,-81.462,1
39.651,-104.908,1
39.651,-104.878,1
39.651,-104.79,1
40.745,-73.983,1
29.78,-95.257,1
39.652,-104.914,1
25.644,-80.334,1
29.638,-95.143,1
29.78,-95.352,1
39.653,-104.877,1
29.78,-95.533,1
29.639,-95.75,1
29.78,-95.545,1
25.644,-80.384,1
29.706,-95.587,1
29.78,-95.56,1
29.639,-95.592,1
28.531,-81.377,1
29.78,-95.58,1
29.78,-95.784,1
25.644,-80.41,1
39.657,-104.85,1
39.657,-79.959,1
39.657,-77.715,1
29.639,-95.587,1
39.658,-104.841,1
39.658,-75.775,1
25.643,-80.356,1
29.511,-95.034,1
25.643,-80.408,1
25.643,-100.338,1
39.659,-104.859,1
28.532,-81.377,1
29.78,-95.961,1
28.532,-81.237,1
29.678,-95.184,1
29.779,-95.433,1
28.533,-81.458,1
28.533,-81.438,1
28.533,-81.239,1
39.663,-104.863,1
39.663,-74.205,1
25.641,-80.48,1
25.64,-80.327,1
29.779,-95.545,1
29.779,-95.56,1
29.639,-95.511,1
29.779,-95.562,1
29.779,-95.685,1
29.706,-95.702,1
29.514,-95.004,1
25.639,-80.319,1
28.535,-81.46,1
29.706,-95.846,1
25.639,-80.423,1
28.536,-81.735,1
39.669,-104.927,1
29.778,-95.22,1
25.639,-80.442,1
29.778,-95.36,1
25.639,-80.495,1
29.613,-95.432,1
29.639,-95.397,1
29.778,-95.391,1
39.67,-104.893,1
39.67,-104.756,1
40.866,-74.153,1
40.745,-73.868,1
29.613,-95.644,1
29.639,-95.194,1
28.536,-81.327,1
25.637,-80.439,1
29.679,-97.655,1
28.536,-81.235,1
25.637,-80.449,1
29.778,-95.562,1
39.674,-104.696,1
40.888,-73.905,1
25.636,-80.297,1
29.778,-95.607,1
25.636,-80.33,1
25.636,-80.415,1
28.537,-81.197,1
29.705,-95.124,1
29.778,-95.737,1
28.538,-81.539,1
39.676,-104.792,1
29.705,-95.276,1
28.538,-81.379,1
29.64,-95.586,1
39.677,-104.811,1
25.635,-80.389,1
39.678,-105.079,1
25.635,-80.39,1
25.635,-80.423,1
25.635,-80.439,1
25.634,-80.378,1
28.539,-81.352,1
29.777,-95.406,1
6.24,-75.595,1
29.777,-95.498,1
29.777,-95.692,1
25.633,-80.431,1
28.539,-81.151,1
29.777,-95.837,1
29.64,-95.579,1
39.68,-105.154,1
29.777,-95.892,1
39.68,-105.045,1
25.632,-80.36,1
25.632,-80.37,1
25.632,-80.391,1
25.632,-80.399,1
29.515,-95.458,1
29.64,-95.504,1
29.777,-96.073,1
29.777,-96.169,1
25.63,-80.427,1
29.776,-94.938,1
25.63,-80.428,1
29.776,-94.965,1
29.776,-95.183,1
39.682,-105.112,1
39.682,-105.059,1
39.682,-104.96,1
29.705,-95.514,1
29.705,-95.537,1
39.682,-104.937,1
29.705,-95.549,1
28.54,-81.568,1
39.683,-105.066,1
25.629,-80.371,1
29.776,-95.234,1
25.629,-80.389,1
39.684,-104.954,1
39.684,-104.876,1
29.776,-95.376,1
25.629,-80.416,1
28.54,-81.488,1
25.629,-80.419,1
28.541,-81.412,1
29.705,-95.568,1
29.689,-95.785,1
29.776,-95.41,1
39.686,-104.876,1
25.628,-80.385,1
28.541,-81.373,1
39.686,-104.77,1
39.687,-104.938,1
29.776,-95.778,1
29.776,-95.791,1
28.541,-81.288,1
39.687,-104.852,1
28.542,-81.669,1
29.776,-96.121,1
25.627,-80.354,1
29.556,-95.801,1
29.612,-95.245,1
29.688,-95.155,1
29.576,-95.248,1
29.688,-95.201,1
29.775,-95.116,1
39.69,-104.938,1
39.69,-104.901,1
39.69,-104.887,1
25.627,-80.382,1
29.517,-95.752,1
29.775,-95.193,1
29.688,-95.226,1
39.692,-104.887,1
39.693,-104.895,1
39.693,-104.865,1
39.694,-105.101,1
28.542,-81.2,1
28.543,-81.538,1
25.627,-80.409,1
25.627,-80.416,1
29.775,-95.398,1
29.641,-95.484,1
39.695,-104.933,1
29.517,-95.48,1
28.544,-81.777,1
39.695,-75.739,1
25.626,-80.36,1
39.696,-105.033,1
29.685,-95.579,1
28.544,-81.379,1
39.696,-84.192,1
29.775,-95.778,1
39.697,-104.934,1
29.641,-95.235,1
29.775,-95.781,1
29.775,-95.878,1
29.774,-94.882,1
29.774,-95.22,1
29.774,-95.225,1
40.866,-73.828,1
39.698,-104.93,1
39.698,-104.866,1
29.774,-95.227,1
29.556,-95.513,1
28.545,-81.408,1
39.701,-104.836,1
39.701,-104.832,1
25.624,-80.316,1
29.774,-95.319,1
28.545,-81.28,1
29.685,-95.589,1
29.774,-95.372,1
29.774,-95.387,1
25.624,-80.401,1
28.546,-81.434,1
28.546,-81.259,1
39.704,-105.045,1
39.704,-105.029,1
40.888,-73.903,1
39.704,-104.841,1
39.705,-105.117,1
29.642,-95.677,1
39.705,-104.848,1
25.623,-80.445,1
29.517,-95.447,1
39.707,-105.136,1
29.642,-95.51,1
39.707,-105.011,1
28.547,-81.435,1
25.622,-80.439,1
25.622,-80.441,1
29.774,-95.613,1
25.621,-80.396,1
25.62,-80.335,1
25.62,-80.415,1
39.708,-105.106,1
39.708,-105.02,1
39.708,-105.01,1
39.708,-104.987,1
29.774,-95.737,1
29.686,-95.81,1
25.619,-80.315,1
29.518,-95.462,1
28.548,-81.602,1
28.548,-81.388,1
25.619,-80.415,1
29.774,-95.765,1
39.709,-105.03,1
39.709,-104.993,1
28.548,-81.379,1
29.642,-95.38,1
28.549,-81.386,1
39.71,-105.14,1
25.617,-80.364,1
29.679,-95.558,1
29.642,-95.248,1
29.774,-95.878,1
28.549,-81.385,1
39.711,-105.025,1
28.549,-81.265,1
29.773,-95.234,1
29.773,-95.348,1
29.773,-95.354,1
39.711,-104.837,1
28.55,-81.528,1
28.55,-81.35,1
29.705,-95.77,1
29.705,-95.802,1
25.614,-80.346,1
39.712,-104.89,1
25.614,-80.402,1
39.713,-104.911,1
29.609,-95.224,1
29.643,-95.673,1
28.55,-81.31,1
29.773,-95.574,1
29.609,-95.246,1
39.715,-104.785,1
25.613,-80.356,1
29.705,-95.822,1
25.612,-80.371,1
28.55,-81.162,1
29.705,-95.823,1
25.612,-80.403,1
29.705,-95.849,1
39.717,-104.985,1
28.551,-81.664,1
29.643,-95.458,1
29.773,-95.758,1
29.643,-95.444,1
28.551,-81.309,1
29.773,-95.97,1
29.643,-95.39,1
39.718,-83.878,1
29.705,-95.881,1
40.75,-73.939,1
39.719,-104.866,1
29.643,-95.292,1
39.72,-105.015,1
29.565,-98.257,1
29.679,-95.536,1
29.772,-95.21,1
29.643,-95.028,1
40.75,-73.941,1
29.564,-81.208,1
39.721,-105.192,1
25.61,-80.323,1
39.721,-104.989,1
39.721,-104.952,1
25.61,-80.382,1
28.552,-81.739,1
29.688,-95.349,1
39.721,-104.71,1
29.772,-95.328,1
39.722,-105.11,1
29.644,-95.641,1
29.679,-95.404,1
25.61,-80.415,1
29.704,-95.219,1
25.61,-80.427,1
29.772,-95.348,1
39.723,-104.863,1
29.575,-95.361,1
32.921,-97.275,1
25.99,-80.251,1
29.575,-95.414,1
32.92,-96.395,1
32.921,-96.895,1
40.775,-73.824,1
32.919,-96.52,1
32.921,-96.771,1
32.919,-96.71,1
32.921,-96.729,1
25.99,-80.367,1
25.991,-80.368,1
25.99,-80.38,1
32.919,-96.773,1
32.919,-96.775,1
25.989,-80.12,1
25.989,-80.145,1
32.922,-96.96,1
25.989,-80.206,1
29.772,-95.384,1
28.552,-81.582,1
25.989,-80.24,1
25.991,-80.305,1
25.989,-80.249,1
29.772,-95.402,1
40.75,-73.979,1
25.991,-80.262,1
32.917,-96.957,1
25.991,-80.207,1
40.886,-74.135,1
32.915,-96.456,1
29.772,-95.591,1
29.772,-95.593,1
32.923,-96.567,1
25.988,-80.142,1
29.704,-95.292,1
25.988,-80.169,1
25.992,-80.254,1
25.609,-80.342,1
32.915,-96.764,1
32.924,-96.697,1
32.924,-96.678,1
29.772,-95.6,1
32.915,-96.965,1
25.988,-80.201,1
40.775,-73.812,1
32.915,-97.01,1
32.915,-97.289,1
29.772,-95.601,1
25.992,-80.15,1
39.726,-104.984,1
40.775,-73.654,1
25.988,-80.299,1
25.988,-80.34,1
32.925,-96.326,1
32.926,-97.087,1
32.914,-96.566,1
29.772,-95.613,1
25.987,-80.119,1
25.993,-80.145,1
32.913,-96.703,1
32.926,-96.765,1
32.926,-96.728,1
25.987,-80.12,1
32.926,-96.327,1
32.927,-97.36,1
25.987,-80.121,1
25.987,-80.158,1
28.553,-81.491,1
32.913,-96.718,1
32.913,-96.746,1
32.913,-97.29,1
32.912,-96.728,1
32.927,-96.533,1
29.772,-95.783,1
32.912,-96.75,1
29.772,-95.789,1
25.986,-80.126,1
25.608,-80.326,1
25.995,-80.4,1
32.928,-96.82,1
25.986,-80.127,1
32.912,-96.877,1
25.995,-80.336,1
32.928,-96.61,1
40.775,-73.934,1
32.911,-96.64,1
39.728,-104.937,1
25.995,-80.294,1
32.929,-96.919,1
25.995,-80.28,1
25.986,-80.143,1
32.911,-96.753,1
39.728,-104.659,1
39.729,-105.128,1
32.93,-97.376,1
32.93,-97.314,1
32.93,-97.227,1
32.911,-97.045,1
32.911,-117.121,1
25.995,-80.221,1
32.91,-96.687,1
25.995,-80.133,1
25.996,-80.363,1
32.93,-96.803,1
32.93,-96.75,1
32.93,-96.731,1
32.93,-96.633,1
25.986,-80.232,1
25.986,-80.245,1
25.985,-80.126,1
25.985,-80.129,1
32.931,-96.842,1
25.985,-80.138,1
32.931,-96.818,1
32.931,-96.814,1
25.996,-80.329,1
25.996,-80.147,1
32.908,-96.125,1
32.931,-96.665,1
25.608,-80.428,1
25.997,-80.308,1
29.772,-95.811,1
32.931,-96.639,1
29.644,-95.229,1
32.908,-96.676,1
29.771,-95.159,1
25.985,-80.356,1
32.908,-96.714,1
25.608,-80.43,1
25.997,-80.145,1
25.997,-80.121,1
32.907,-96.634,1
32.932,-96.818,1
32.932,-96.816,1
32.932,-96.697,1
29.644,-82.348,1
39.73,-105.048,1
25.998,-80.19,1
32.933,-97.405,1
25.999,-80.319,1
25.999,-80.224,1
32.933,-96.914,1
25.984,-80.241,1
25.607,-80.372,1
26.0,-80.35,1
32.933,-96.817,1
32.933,-96.806,1
32.933,-96.804,1
32.906,-96.717,1
26.001,-80.338,1
26.001,-80.166,1
29.644,-82.333,1
32.904,-96.554,1
32.904,-96.726,1
32.934,-96.997,1
32.904,-96.904,1
29.771,-95.185,1
32.904,-96.925,1
32.904,-96.961,1
32.904,-96.99,1
26.002,-80.199,1
32.903,-96.371,1
32.903,-96.89,1
29.771,-95.194,1
32.934,-96.571,1
32.935,-97.312,1
28.554,-81.426,1
28.554,-81.343,1
25.984,-80.339,1
32.903,-96.913,1
25.983,-80.254,1
32.935,-96.853,1
29.518,-95.042,1
32.903,-96.922,1
26.002,-80.18,1
32.935,-96.808,1
32.903,-96.965,1
32.936,-97.381,1
28.555,-81.586,1
32.903,-97.036,1
32.903,-97.044,1
29.575,-95.423,1
32.902,-96.517,1
32.936,-96.985,1
26.003,-80.372,1
25.982,-80.135,1
26.003,-80.281,1
26.004,-80.423,1
32.901,-96.887,1
32.936,-96.705,1
25.982,-80.189,1
32.936,-96.531,1
32.901,-96.9,1
32.937,-97.309,1
32.901,-96.915,1
32.937,-97.03,1
25.982,-80.204,1
32.901,-96.937,1
25.982,-80.21,1
32.937,-96.908,1
25.982,-80.237,1
32.937,-96.854,1
25.982,-80.263,1
26.004,-80.343,1
32.937,-96.82,1
25.982,-80.332,1
28.555,-81.49,1
29.771,-95.411,1
26.004,-80.314,1
25.981,-80.141,1
25.981,-80.145,1
25.981,-80.161,1
32.9,-96.605,1
32.938,-96.823,1
26.004,-80.282,1
28.555,-81.205,1
32.9,-96.809,1
32.938,-96.598,1
32.899,-96.767,1
29.771,-95.699,1
40.775,-74.012,1
32.939,-97.272,1
40.776,-74.194,1
26.004,-80.186,1
39.734,-104.9,1
26.005,-80.334,1
40.776,-73.978,1
32.898,-96.857,1
25.981,-80.343,1
26.005,-80.177,1
32.939,-96.749,1
32.939,-96.738,1
25.98,-80.133,1
25.98,-80.373,1
29.771,-95.752,1
32.939,-96.628,1
32.897,-96.464,1
32.939,-96.541,1
29.704,-95.367,1
32.94,-97.118,1
32.897,-96.715,1
25.979,-80.245,1
29.771,-95.781,1
-12.111,-77.002,1
39.735,-105.026,1
25.979,-80.264,1
25.605,-80.349,1
32.94,-96.807,1
32.94,-96.777,1
32.94,-96.736,1
26.006,-80.178,1
28.556,-81.224,1
32.896,-96.469,1
40.776,-73.935,1
25.979,-80.329,1
32.941,-97.027,1
32.941,-96.996,1
32.896,-96.521,1
28.556,-81.166,1
32.896,-96.959,1
32.941,-96.838,1
32.941,-96.815,1
32.941,-96.807,1
32.941,-96.766,1
32.941,-96.743,1
32.941,-96.74,1
39.735,-104.742,1
25.978,-80.168,1
32.896,-97.044,1
32.896,-97.417,1
39.735,-104.738,1
26.007,-80.316,1
26.007,-80.304,1
32.895,-96.636,1
25.604,-80.325,1
26.007,-80.283,1
40.774,-73.82,1
32.895,-96.962,1
26.007,-80.177,1
39.736,-105.041,1
26.007,-80.176,1
29.688,-95.587,1
39.736,-104.982,1
32.894,-96.808,1
26.007,-80.159,1
25.977,-80.159,1
25.977,-80.16,1
26.008,-80.378,1
32.944,-96.804,1
25.977,-80.31,1
32.945,-103.368,1
32.894,-97.259,1
32.893,-96.701,1
25.977,-80.381,1
25.976,-80.15,1
39.736,-104.743,1
25.976,-80.194,1
32.893,-96.97,1
32.893,-97.302,1
32.892,-96.465,1
39.736,-75.614,1
25.976,-80.288,1
32.892,-96.62,1
32.892,-96.646,1
32.946,-97.18,1
32.946,-97.015,1
32.946,-96.954,1
29.771,-95.863,1
32.946,-96.846,1
32.946,-96.824,1
32.892,-96.979,1
26.008,-80.306,1
25.976,-80.375,1
25.975,-80.143,1
29.77,-95.038,1
25.975,-80.145,1
32.891,-96.533,1
26.008,-80.256,1
40.774,-73.95,1
26.008,-80.196,1
32.891,-96.957,1
32.891,-96.976,1
32.891,-97.036,1
32.947,-96.632,1
32.89,-96.456,1
32.948,-96.893,1
32.948,-96.88,1
32.89,-96.767,1
29.704,-95.482,1
26.009,-80.325,1
40.776,-73.925,1
25.974,-80.297,1
26.009,-80.322,1
39.737,-104.915,1
40.773,-73.514,1
32.949,-96.887,1
26.009,-80.296,1
32.949,-96.807,1
26.009,-80.147,1
29.77,-95.38,1
32.889,-96.688,1
32.949,-96.772,1
25.604,-80.371,1
32.889,-96.766,1
29.77,-95.393,1
32.949,-96.647,1
26.009,-80.14,1
25.973,-80.185,1
40.776,-73.908,1
32.889,-97.292,1
26.01,-80.307,1
29.645,-95.225,1
32.888,-96.765,1
32.951,-97.032,1
32.951,-96.948,1
32.888,-96.77,1
26.01,-80.302,1
26.01,-80.271,1
29.77,-95.42,1
32.888,-97.037,1
32.951,-96.736,1
26.01,-80.252,1
32.951,-96.734,1
32.951,-96.727,1
32.886,-96.624,1
25.604,-80.437,1
29.77,-95.745,1
28.558,-81.232,1
32.886,-96.625,1
32.886,-96.768,1
32.952,-97.041,1
25.972,-80.269,1
26.01,-80.127,1
25.972,-80.281,1
32.885,-117.244,1
32.884,-96.772,1
26.011,-80.373,1
32.952,-96.612,1
32.953,-97.007,1
32.953,-96.941,1
32.883,-96.683,1
25.971,-80.216,1
32.953,-96.855,1
32.953,-96.828,1
26.011,-80.21,1
26.011,-80.145,1
32.953,-96.805,1
25.971,-80.248,1
29.77,-95.784,1
32.882,-97.414,1
32.954,-96.885,1
32.954,-96.851,1
25.97,-80.125,1
32.954,-96.826,1
32.881,-96.449,1
25.97,-80.126,1
32.954,-96.807,1
32.955,-97.01,1
32.955,-96.912,1
32.881,-96.743,1
29.77,-95.818,1
26.011,-80.132,1
40.773,-73.872,1
26.012,-80.333,1
25.97,-80.148,1
32.88,-96.622,1
32.956,-97.047,1
32.956,-96.823,1
29.769,-95.229,1
25.97,-80.235,1
32.88,-96.66,1
32.88,-96.719,1
32.957,-96.951,1
32.957,-96.916,1
29.769,-95.359,1
25.97,-80.377,1
25.602,-80.428,1
28.559,-81.306,1
25.969,-80.144,1
32.88,-96.762,1
26.012,-80.294,1
32.88,-96.94,1
32.958,-96.76,1
26.012,-80.244,1
28.559,-81.267,1
25.969,-80.307,1
32.88,-97.001,1
39.739,-104.83,1
26.012,-80.152,1
32.88,-111.845,1
29.769,-95.395,1
26.012,-80.15,1
32.879,-97.353,1
32.959,-96.646,1
26.013,-80.386,1
32.877,-83.665,1
32.877,-96.708,1
25.968,-80.167,1
32.96,-96.824,1
28.559,-81.207,1
9.519,-69.256,1
32.96,-96.681,1
26.013,-80.144,1
32.961,-97.046,1
32.961,-96.838,1
32.877,-97.103,1
32.876,-96.638,1
25.968,-80.199,1
32.876,-96.653,1
25.968,-80.231,1
32.961,-96.735,1
32.961,-96.728,1
39.74,-105.001,1
32.876,-96.687,1
32.876,-96.751,1
32.962,-96.818,1
32.876,-96.757,1
26.015,-80.383,1
25.601,-80.427,1
32.962,-96.707,1
40.773,-73.956,1
25.967,-80.143,1
25.967,-80.22,1
25.601,-80.439,1
32.875,-96.768,1
32.963,-96.596,1
25.967,-80.319,1
25.966,-80.125,1
32.875,-117.22,1
32.874,-96.553,1
32.874,-96.642,1
25.966,-80.259,1
25.966,-80.314,1
25.6,-80.355,1
32.964,-96.686,1
29.607,-95.218,1
29.769,-95.606,1
25.965,-80.141,1
25.965,-80.144,1
26.015,-80.259,1
32.874,-96.935,1
32.965,-96.627,1
26.016,-80.347,1
26.016,-80.265,1
-12.121,-77.043,1
25.965,-80.232,1
32.873,-97.421,1
29.645,-95.186,1
29.769,-95.626,1
25.964,-80.141,1
32.966,-96.718,1
28.56,-81.194,1
32.872,-97.011,1
25.964,-80.175,1
26.016,-80.158,1
29.607,-95.262,1
32.871,-96.908,1
29.769,-96.161,1
32.871,-96.939,1
32.967,-79.972,1
26.017,-80.262,1
32.871,-117.212,1
32.87,-96.747,1
32.968,-96.85,1
32.968,-96.775,1
25.964,-80.318,1
32.87,-96.882,1
26.019,-80.353,1
32.869,-96.934,1
26.019,-80.299,1
26.019,-80.219,1
32.868,-96.932,1
32.868,-96.934,1
32.97,-96.976,1
32.868,-96.941,1
32.867,-96.614,1
32.867,-96.769,1
25.962,-80.128,1
25.6,-80.383,1
26.02,-80.18,1
28.561,-81.333,1
32.867,-97.205,1
39.741,-104.974,1
29.704,-95.504,1
25.962,-80.214,1
29.768,-95.383,1
32.971,-96.655,1
28.564,-81.459,1
25.962,-80.312,1
25.962,-80.328,1
29.768,-95.623,1
32.972,-96.655,1
32.972,-96.334,1
32.973,-97.039,1
32.866,-96.652,1
25.962,-80.376,1
25.961,-80.14,1
25.961,-80.159,1
32.866,-96.978,1
32.974,-96.89,1
25.961,-80.204,1
25.961,-80.298,1
26.02,-80.142,1
26.021,-80.345,1
25.96,-80.14,1
32.975,-97.04,1
32.975,-97.034,1
32.975,-96.889,1
32.975,-96.721,1
32.866,-97.425,1
32.975,-96.344,1
32.976,-97.282,1
32.865,-96.658,1
32.976,-96.89,1
29.768,-95.749,1
40.773,-74.021,1
-11.997,-77.063,1
40.773,-74.212,1
32.864,-96.71,1
25.599,-80.441,1
32.864,-96.758,1
40.773,-74.231,1
32.864,-96.865,1
26.023,-80.147,1
32.977,-96.651,1
25.598,-80.419,1
25.96,-80.187,1
32.978,-97.261,1
32.864,-97.019,1
32.978,-97.013,1
29.768,-96.026,1
25.959,-80.153,1
32.978,-96.656,1
29.574,-95.422,1
25.598,-80.425,1
26.023,-80.14,1
40.773,-74.233,1
32.979,-96.762,1
25.598,-80.431,1
25.597,-80.364,1
32.863,-96.65,1
26.024,-80.373,1
32.98,-96.713,1
29.767,-95.4,1
32.863,-96.854,1
32.981,-96.99,1
32.981,-96.923,1
26.024,-80.314,1
32.982,-97.121,1
26.024,-80.271,1
26.024,-80.235,1
25.958,-80.396,1
32.982,-96.751,1
32.982,-96.708,1
32.982,-96.635,1
32.863,-97.285,1
32.983,-97.168,1
32.983,-97.038,1
32.862,-96.607,1
32.862,-96.717,1
26.024,-80.142,1
32.983,-96.713,1
32.862,-96.898,1
32.862,-97.186,1
32.983,-96.54,1
39.743,-104.993,1
29.646,-95.584,1
32.984,-97.188,1
26.024,-80.137,1
32.861,-96.65,1
26.025,-81.682,1
32.861,-96.761,1
32.984,-96.862,1
32.861,-96.763,1
26.025,-80.365,1
40.778,-73.954,1
40.772,-73.525,1
32.861,-97.004,1
32.984,-96.708,1
25.956,-80.264,1
32.861,-97.281,1
32.861,-97.321,1
32.861,-113.185,1
32.86,-96.609,1
25.955,-80.122,1
32.985,-96.827,1
25.597,-80.383,1
32.985,-96.747,1
32.86,-96.64,1
32.986,-101.129,1
25.955,-80.141,1
26.027,-80.339,1
26.027,-80.32,1
32.986,-96.918,1
39.743,-86.198,1
26.027,-80.28,1
26.027,-80.231,1
28.565,-81.305,1
32.86,-97.069,1
32.86,-97.072,1
32.986,-96.751,1
29.704,-95.554,1
32.986,-96.749,1
26.027,-80.212,1
28.566,-81.365,1
39.744,-104.992,1
25.955,-80.243,1
32.86,-97.403,1
32.859,-96.654,1
32.987,-96.777,1
28.566,-81.253,1
32.859,-96.998,1
32.987,-96.749,1
8.994,-79.52,1
32.859,-97.004,1
25.955,-80.277,1
32.988,-97.363,1
25.955,-80.296,1
32.859,-97.028,1
26.027,-80.185,1
32.859,-97.074,1
32.859,-97.106,1
28.567,-81.487,1
26.028,-80.377,1
28.567,-81.372,1
26.028,-80.172,1
32.989,-99.585,1
32.857,-80.042,1
25.954,-80.148,1
32.989,-96.847,1
-11.99,-77.046,1
26.029,-80.387,1
25.954,-80.184,1
32.989,-96.751,1
6.252,-75.561,1
26.029,-80.373,1
28.567,-81.21,1
32.857,-97.344,1
28.568,-81.494,1
32.857,-97.509,1
32.856,-96.61,1
25.954,-80.226,1
25.597,-80.409,1
29.519,-98.592,1
32.856,-96.702,1
32.856,-96.953,1
32.99,-96.753,1
32.856,-97.009,1
25.596,-80.332,1
26.029,-80.167,1
29.766,-95.751,1
28.568,-81.408,1
28.568,-81.261,1
32.856,-97.079,1
29.646,-95.362,1
25.953,-80.128,1
32.856,-97.104,1
26.029,-80.166,1
32.856,-117.234,1
26.03,-80.361,1
25.596,-80.392,1
28.568,-81.208,1
25.596,-80.429,1
26.03,-80.234,1
39.749,-104.824,1
32.854,-96.565,1
32.992,-96.83,1
32.854,-96.625,1
32.854,-96.636,1
25.953,-80.262,1
29.646,-95.222,1
26.031,-80.313,1
32.854,-96.994,1
32.993,-96.863,1
32.993,-96.769,1
28.568,-81.207,1
32.853,-96.746,1
32.853,-96.768,1
32.853,-96.769,1
25.953,-80.332,1
32.994,-96.849,1
32.852,-96.603,1
32.994,-96.749,1
32.994,-96.697,1
25.952,-80.136,1
26.032,-80.272,1
26.032,-80.19,1
39.75,-105.023,1
28.569,-81.327,1
32.995,-96.751,1
28.569,-81.209,1
26.033,-80.291,1
32.851,-96.765,1
32.851,-96.816,1
28.57,-81.22,1
32.996,-96.885,1
25.952,-80.148,1
25.952,-80.149,1
32.996,-96.764,1
32.851,-96.979,1
25.594,-80.376,1
32.851,-97.303,1
25.952,-80.181,1
25.952,-80.189,1
25.952,-80.282,1
32.85,-79.994,1
26.033,-80.192,1
32.998,-97.244,1
32.85,-96.972,1
39.751,-105.218,1
32.85,-97.074,1
32.998,-96.852,1
25.951,-80.12,1
32.85,-97.387,1
32.998,-96.799,1
32.998,-96.736,1
25.951,-80.123,1
26.034,-80.295,1
39.751,-105.003,1
32.998,-96.668,1
32.849,-96.763,1
39.751,-105.0,1
32.999,-97.013,1
32.999,-96.984,1
29.519,-95.122,1
25.951,-80.171,1
29.765,-95.752,1
25.951,-80.184,1
26.035,-80.44,1
32.849,-97.308,1
32.848,-96.962,1
32.848,-96.982,1
32.999,-96.7,1
26.035,-80.196,1
33.0,-97.396,1
33.0,-97.373,1
26.035,-80.134,1
26.036,-80.311,1
33.0,-97.007,1
25.95,-80.166,1
26.036,-80.244,1
33.0,-96.897,1
32.847,-96.659,1
32.847,-96.69,1
40.778,-73.108,1
29.765,-95.762,1
39.751,-104.425,1
25.949,-80.149,1
33.001,-97.315,1
25.949,-80.282,1
26.039,-80.223,1
39.751,-75.378,1
33.001,-96.733,1
26.039,-80.14,1
32.847,-97.047,1
33.001,-96.67,1
33.001,-96.669,1
33.002,-97.534,1
32.847,-97.075,1
26.04,-80.271,1
29.765,-95.785,1
32.846,-96.472,1
33.002,-96.897,1
25.949,-80.349,1
26.04,-80.14,1
33.002,-96.736,1
33.002,-96.706,1
32.846,-96.597,1
32.846,-96.787,1
40.779,-73.954,1
26.042,-80.314,1
26.042,-80.246,1
29.764,-94.941,1
29.764,-94.949,1
26.043,-80.231,1
33.003,-96.747,1
28.571,-81.456,1
25.593,-80.473,1
40.772,-111.953,1
33.003,-96.543,1
25.948,-80.332,1
33.004,-96.9,1
26.043,-80.141,1
26.044,-80.264,1
29.764,-95.374,1
32.845,-97.321,1
29.764,-95.637,1
29.704,-95.72,1
32.844,-96.555,1
32.844,-96.624,1
32.844,-97.159,1
33.005,-96.998,1
33.005,-96.979,1
32.844,-97.412,1
25.59,-80.359,1
25.947,-80.157,1
33.005,-96.852,1
28.572,-81.459,1
32.844,-117.002,1
33.005,-96.826,1
32.843,-96.786,1
33.005,-96.781,1
28.572,-81.372,1
9.351,-79.839,1
25.947,-80.186,1
26.046,-80.329,1
39.755,-105.018,1
33.006,-96.974,1
29.764,-95.782,1
29.646,-82.49,1
33.006,-96.875,1
33.006,-96.851,1
26.047,-80.273,1
33.006,-96.847,1
33.006,-96.841,1
33.006,-96.828,1
32.842,-96.772,1
32.842,-97.051,1
33.006,-96.723,1
26.048,-80.269,1
33.006,-96.702,1
33.006,-96.701,1
33.006,-96.672,1
33.006,-96.653,1
33.006,-96.302,1
32.842,-97.329,1
26.048,-80.162,1
40.779,-73.952,1
25.947,-97.482,1
26.049,-80.192,1
25.946,-80.151,1
32.841,-96.771,1
40.779,-73.945,1
25.59,-80.388,1
33.007,-96.799,1
25.946,-80.169,1
29.764,-95.871,1
32.841,-96.834,1
32.841,-96.908,1
26.051,-80.282,1
29.764,-96.185,1
32.84,-96.784,1
26.051,-80.281,1
33.008,-96.886,1
25.946,-80.219,1
25.946,-80.261,1
33.008,-96.819,1
32.84,-96.842,1
26.051,-80.25,1
33.008,-96.701,1
33.008,-96.646,1
29.763,-95.214,1
33.008,-96.621,1
33.008,-96.617,1
25.946,-80.341,1
33.009,-96.993,1
26.051,-80.144,1
32.839,-96.78,1
26.052,-80.134,1
25.945,-80.248,1
26.053,-80.253,1
33.009,-96.64,1
26.053,-80.213,1
33.01,-96.989,1
33.01,-96.988,1
33.01,-96.987,1
25.945,-80.289,1
29.574,-95.765,1
28.574,-81.231,1
26.053,-80.132,1
28.574,-81.195,1
26.054,-80.174,1
28.575,-81.389,1
32.837,-96.559,1
32.837,-96.589,1
25.589,-80.315,1
39.759,-104.999,1
25.944,-80.122,1
32.837,-96.757,1
32.837,-96.859,1
26.057,-80.254,1
25.944,-80.18,1
25.944,-80.201,1
32.837,-97.263,1
25.944,-80.247,1
33.012,-96.921,1
33.012,-96.911,1
39.759,-104.996,1
32.837,-97.361,1
25.589,-80.408,1
33.012,-96.84,1
26.058,-80.163,1
25.944,-80.341,1
33.012,-96.809,1
40.746,-73.854,1
32.836,-96.934,1
33.012,-96.529,1
33.013,-97.217,1
25.944,-80.342,1
33.013,-96.993,1
26.058,-80.157,1
32.836,-96.954,1
25.943,-80.204,1
25.943,-80.252,1
33.013,-96.605,1
29.763,-95.363,1
25.588,-80.383,1
33.014,-96.791,1
33.014,-96.649,1
33.015,-97.0,1
32.836,-97.079,1
32.836,-97.298,1
32.836,-97.365,1
28.577,-96.703,1
32.836,-117.192,1
40.779,-73.246,1
26.059,-80.189,1
32.835,-96.974,1
33.015,-96.789,1
26.06,-80.149,1
29.763,-95.778,1
25.943,-80.296,1
33.015,-96.433,1
29.763,-95.876,1
32.835,-96.996,1
26.061,-80.444,1
29.762,-95.341,1
33.017,-97.007,1
33.017,-96.842,1
25.943,-80.336,1
33.017,-96.72,1
32.835,-97.058,1
32.835,-97.135,1
32.835,-97.205,1
32.834,-80.09,1
25.943,-80.339,1
25.587,-80.388,1
25.943,-80.344,1
26.061,-80.197,1
39.761,-104.848,1
33.018,-96.669,1
25.942,-80.148,1
33.019,-97.216,1
33.019,-96.997,1
29.688,-95.609,1
32.834,-96.7,1
29.647,-95.581,1
26.062,-80.311,1
39.762,-105.011,1
33.019,-96.627,1
32.834,-97.046,1
25.942,-80.2,1
28.578,-81.446,1
33.021,-117.131,1
29.762,-95.421,1
25.942,-80.274,1
28.58,-81.712,1
29.762,-95.624,1
32.834,-97.064,1
33.021,-96.707,1
32.833,-97.015,1
32.833,-97.239,1
33.021,-96.625,1
32.833,-97.377,1
29.762,-95.752,1
25.942,-97.499,1
32.832,-96.858,1
29.762,-95.777,1
33.022,-96.556,1
28.58,-81.431,1
26.064,-80.252,1
32.832,-97.012,1
25.941,-80.173,1
25.941,-80.226,1
33.023,-96.621,1
26.064,-80.187,1
26.065,-80.328,1
25.941,-80.26,1
26.065,-80.265,1
40.771,-73.954,1
26.065,-80.206,1
33.024,-96.842,1
32.831,-97.007,1
32.831,-97.02,1
33.024,-96.596,1
33.025,-97.027,1
25.941,-80.277,1
26.066,-80.232,1
32.83,-96.646,1
33.025,-96.601,1
26.067,-80.319,1
29.762,-96.173,1
29.761,-95.234,1
39.764,-104.837,1
32.83,-96.833,1
32.83,-97.046,1
33.027,-96.754,1
32.83,-97.216,1
33.027,-96.558,1
32.829,-96.825,1
25.94,-80.136,1
26.067,-80.255,1
26.067,-80.254,1
32.829,-97.273,1
39.764,-104.764,1
32.829,-97.407,1
32.828,-96.782,1
33.029,-96.932,1
40.771,-74.168,1
32.827,-96.618,1
32.827,-96.935,1
33.029,-96.692,1
39.764,-75.067,1
29.761,-95.354,1
40.78,-73.983,1
26.069,-80.347,1
26.069,-80.186,1
29.761,-95.391,1
33.03,-96.903,1
25.584,-80.364,1
28.582,-81.515,1
33.03,-96.771,1
32.826,-96.785,1
39.768,-104.976,1
39.768,-104.955,1
29.704,-95.796,1
26.069,-80.157,1
32.826,-96.852,1
25.94,-80.294,1
32.826,-97.057,1
33.032,-96.619,1
26.071,-80.147,1
32.825,-96.885,1
32.825,-97.053,1
40.78,-73.968,1
29.761,-95.46,1
40.78,-73.903,1
29.704,-95.827,1
25.94,-80.349,1
33.033,-96.699,1
29.647,-95.199,1
39.769,-104.772,1
26.072,-80.373,1
33.034,-97.019,1
32.825,-97.229,1
32.824,-96.77,1
29.761,-95.794,1
28.585,-81.876,1
33.034,-96.591,1
25.938,-80.261,1
26.072,-80.137,1
33.035,-96.899,1
32.824,-96.819,1
33.035,-96.748,1
32.824,-96.858,1
26.073,-80.232,1
25.937,-80.121,1
33.036,-97.015,1
33.036,-96.976,1
32.823,-96.772,1
33.036,-96.938,1
33.036,-96.669,1
33.037,-96.94,1
33.037,-96.938,1
26.073,-80.146,1
32.823,-96.79,1
33.037,-96.836,1
25.937,-80.135,1
29.76,-95.558,1
25.937,-80.137,1
33.038,-96.871,1
40.771,-111.941,1
33.039,-97.477,1
29.76,-95.724,1
25.937,-80.153,1
33.039,-96.414,1
25.937,-80.163,1
33.04,-97.034,1
26.076,-80.243,1
33.04,-96.933,1
25.937,-80.218,1
32.822,-96.789,1
32.822,-96.792,1
32.822,-96.811,1
33.04,-96.702,1
39.77,-77.739,1
26.077,-80.267,1
33.04,-96.37,1
40.77,-73.912,1
26.077,-80.253,1
32.822,-117.214,1
29.703,-95.217,1
32.821,-96.81,1
26.078,-80.249,1
32.821,-97.068,1
32.821,-97.175,1
32.821,-97.177,1
33.042,-97.036,1
32.82,-96.635,1
33.042,-96.91,1
32.82,-96.672,1
33.043,-97.451,1
33.043,-97.027,1
25.936,-80.325,1
32.82,-96.845,1
33.043,-96.902,1
29.647,-82.341,1
32.82,-96.883,1
33.044,-97.365,1
26.079,-80.243,1
26.08,-80.242,1
25.584,-80.389,1
32.819,-96.77,1
25.934,-80.134,1
32.819,-96.813,1
25.934,-80.223,1
33.045,-96.97,1
33.045,-96.922,1
32.819,-96.849,1
32.819,-97.137,1
32.819,-117.156,1
25.934,-80.328,1
32.818,-96.788,1
39.771,-104.782,1
25.934,-80.346,1
32.818,-96.845,1
33.047,-97.092,1
29.76,-95.762,1
33.047,-97.012,1
26.082,-80.249,1
33.047,-96.933,1
39.771,-86.12,1
25.933,-80.315,1
32.818,-96.939,1
25.933,-80.32,1
29.521,-95.446,1
32.818,-96.945,1
32.817,-96.792,1
26.082,-80.226,1
33.049,-97.015,1
40.77,-73.982,1
33.049,-96.93,1
33.049,-96.677,1
29.648,-95.642,1
33.05,-96.99,1
40.77,-73.987,1
32.816,-96.87,1
33.051,-112.042,1
25.932,-80.243,1
25.932,-80.256,1
29.759,-95.103,1
32.816,-97.073,1
33.051,-96.698,1
29.606,-95.216,1
33.052,-96.9,1
29.759,-95.148,1
33.052,-96.707,1
33.052,-96.69,1
39.773,-75.012,1
33.053,-96.853,1
33.053,-96.851,1
26.084,-80.293,1
32.815,-96.666,1
29.703,-95.364,1
39.774,-104.765,1
29.703,-95.381,1
33.054,-96.722,1
32.815,-96.779,1
39.774,-86.281,1
25.931,-80.154,1
28.586,-81.306,1
28.586,-81.285,1
6.294,-75.45,1
33.055,-96.846,1
32.814,-96.819,1
33.055,-96.572,1
33.055,-95.713,1
33.056,-97.334,1
32.814,-96.82,1
29.648,-95.513,1
33.056,-96.849,1
32.814,-96.839,1
33.056,-96.846,1
32.814,-96.87,1
33.056,-96.834,1
28.587,-81.205,1
32.814,-96.938,1
33.056,-96.754,1
33.056,-96.734,1
29.759,-95.405,1
40.77,-74.024,1
32.813,-96.657,1
33.057,-96.864,1
32.813,-96.674,1
32.813,-96.675,1
32.813,-96.761,1
33.057,-96.768,1
29.703,-95.382,1
32.813,-97.154,1
33.058,-112.039,1
33.058,-96.901,1
39.777,-104.731,1
32.813,-97.207,1
32.813,-97.338,1
32.812,-96.655,1
26.087,-80.2,1
29.685,-95.215,1
25.93,-80.161,1
32.812,-96.938,1
32.812,-97.163,1
26.088,-80.251,1
29.759,-95.755,1
39.778,-104.989,1
25.93,-80.225,1
25.93,-80.243,1
28.589,-81.516,1
25.93,-80.27,1
32.811,-83.671,1
25.93,-80.306,1
28.589,-81.181,1
26.089,-80.245,1
29.759,-95.854,1
26.089,-80.243,1
33.06,-96.735,1
32.811,-96.63,1
33.061,-97.029,1
26.089,-80.239,1
39.779,-75.378,1
32.811,-97.305,1
32.811,-97.345,1
33.061,-96.726,1
33.061,-96.324,1
33.062,-96.857,1
25.581,-80.49,1
26.09,-80.411,1
26.09,-80.286,1
32.81,-96.73,1
39.78,-104.96,1
32.81,-96.86,1
25.929,-80.161,1
39.78,-104.941,1
33.064,-96.886,1
26.09,-80.257,1
33.064,-96.828,1
33.064,-96.827,1
39.78,-104.778,1
33.064,-96.111,1
39.781,-104.892,1
26.09,-80.246,1
33.065,-96.702,1
25.929,-97.494,1
39.781,-104.89,1
26.09,-80.238,1
32.809,-96.779,1
32.809,-96.807,1
32.809,-96.817,1
26.09,-80.209,1
39.781,-104.755,1
26.09,-80.204,1
39.781,-86.173,1
28.591,-81.201,1
25.928,-80.224,1
32.808,-96.607,1
29.758,-95.307,1
29.758,-95.335,1
33.068,-96.731,1
32.808,-96.684,1
26.09,-80.16,1
33.069,-96.723,1
26.091,-80.266,1
40.769,-73.84,1
32.808,-97.236,1
25.928,-80.318,1
32.807,-96.636,1
28.593,-81.379,1
32.807,-96.844,1
29.758,-95.368,1
32.807,-97.018,1
32.807,-97.076,1
25.927,-80.181,1
32.807,-97.335,1
33.071,-96.673,1
33.072,-97.225,1
33.072,-96.718,1
33.072,-96.677,1
33.073,-97.026,1
32.806,-96.663,1
32.806,-96.712,1
26.093,-81.72,1
32.806,-96.795,1
32.805,-96.793,1
32.805,-96.884,1
25.927,-80.29,1
26.094,-80.192,1
25.927,-80.303,1
26.096,-80.22,1
33.075,-96.861,1
25.927,-80.313,1
26.096,-80.135,1
28.593,-81.285,1
25.927,-80.373,1
32.804,-96.814,1
32.804,-97.008,1
33.076,-96.797,1
33.076,-96.571,1
32.804,-97.328,1
32.804,-97.35,1
39.782,-104.747,1
25.926,-80.153,1
26.098,-80.382,1
29.758,-95.371,1
32.803,-96.716,1
33.079,-96.826,1
32.803,-96.8,1
26.098,-80.266,1
26.098,-80.147,1
25.926,-80.275,1
29.521,-95.4,1
25.926,-80.277,1
-3.727,-38.509,1
32.803,-97.393,1
29.758,-95.393,1
33.081,-96.873,1
32.802,-96.712,1
32.801,-96.802,1
33.081,-96.851,1
40.781,-74.133,1
25.925,-80.121,1
26.099,-80.154,1
25.925,-80.122,1
33.082,-96.865,1
26.099,-80.129,1
29.758,-95.406,1
26.1,-80.276,1
26.1,-80.126,1
26.101,-80.412,1
25.925,-80.207,1
26.101,-80.39,1
40.769,-73.951,1
28.593,-81.209,1
25.579,-80.339,1
28.594,-81.366,1
29.758,-95.794,1
33.085,-97.028,1
33.085,-96.877,1
33.085,-96.83,1
33.085,-96.825,1
28.594,-81.363,1
28.594,-81.323,1
29.648,-95.215,1
33.086,-96.83,1
32.799,-96.807,1
32.799,-97.379,1
33.086,-96.646,1
33.087,-97.07,1
25.924,-80.128,1
40.781,-73.917,1
39.784,-104.884,1
26.101,-80.137,1
26.102,-80.368,1
29.757,-94.964,1
25.924,-80.299,1
32.798,-96.661,1
33.088,-96.71,1
32.798,-96.796,1
32.798,-96.822,1
40.769,-73.97,1
33.089,-96.817,1
33.089,-96.796,1
26.102,-80.115,1
39.785,-104.961,1
26.103,-80.136,1
25.923,-80.128,1
28.594,-81.21,1
33.091,-96.864,1
26.104,-80.259,1
33.091,-96.808,1
25.923,-80.202,1
33.091,-96.682,1
33.092,-97.237,1
39.785,-104.796,1
25.923,-80.206,1
25.579,-108.473,1
33.093,-117.213,1
33.093,-97.032,1
32.796,-96.609,1
29.757,-95.141,1
32.796,-96.631,1
32.796,-96.789,1
33.094,-96.807,1
40.769,-73.992,1
39.786,-104.979,1
33.095,-96.122,1
33.096,-96.897,1
-12.127,-77.028,1
32.796,-96.827,1
32.796,-97.06,1
26.105,-80.263,1
25.923,-80.302,1
33.097,-96.89,1
40.782,-74.215,1
32.796,-97.832,1
26.106,-98.237,1
33.097,-96.507,1
32.795,-96.797,1
25.923,-80.351,1
32.795,-97.029,1
28.595,-81.774,1
33.098,-96.73,1
29.648,-82.351,1
26.106,-80.179,1
25.922,-80.209,1
26.106,-80.176,1
33.099,-96.684,1
25.922,-80.217,1
32.794,-96.747,1
29.757,-95.341,1
28.595,-81.35,1
-12.128,-77.0,1
25.922,-80.221,1
33.101,-96.893,1
25.922,-80.26,1
33.102,-97.302,1
32.794,-96.774,1
32.794,-96.776,1
33.102,-96.666,1
33.103,-96.81,1
33.103,-96.803,1
26.106,-80.169,1
26.106,-80.146,1
25.921,-80.171,1
26.107,-80.326,1
29.757,-95.357,1
33.104,-96.817,1
33.104,-96.799,1
26.107,-80.137,1
33.104,-96.745,1
32.793,-96.798,1
26.108,-80.392,1
32.793,-96.813,1
32.793,-96.947,1
33.105,-96.82,1
29.757,-95.399,1
33.105,-96.808,1
33.105,-96.701,1
32.793,-97.088,1
26.108,-80.142,1
32.792,-96.562,1
32.792,-96.619,1
32.792,-96.715,1
26.109,-80.363,1
32.792,-96.89,1
32.792,-97.325,1
32.791,-96.801,1
32.791,-96.804,1
32.791,-96.872,1
33.109,-96.729,1
26.11,-80.219,1
26.11,-80.15,1
33.11,-96.809,1
32.79,-96.754,1
32.79,-96.761,1
25.918,-80.245,1
32.79,-96.784,1
32.79,-96.789,1
33.111,-96.809,1
33.111,-96.805,1
26.111,-80.268,1
32.79,-96.809,1
28.595,-81.29,1
26.111,-80.265,1
32.789,-96.596,1
32.789,-96.632,1
25.918,-80.304,1
33.113,-117.28,1
26.113,-80.179,1
25.918,-80.355,1
32.788,-96.803,1
26.114,-80.159,1
28.595,-81.243,1
32.787,-96.759,1
33.114,-96.831,1
33.114,-96.814,1
33.114,-96.675,1
33.115,-96.78,1
33.115,-96.75,1
25.577,-80.388,1
33.115,-96.603,1
29.703,-95.442,1
33.116,-96.856,1
33.116,-96.839,1
32.787,-96.76,1
33.116,-96.828,1
28.595,-81.222,1
33.117,-96.858,1
33.117,-96.857,1
26.116,-80.359,1
25.917,-80.28,1
25.917,-80.284,1
33.118,-96.776,1
25.917,-80.31,1
29.521,-95.37,1
33.119,-96.825,1
33.119,-96.787,1
32.787,-97.106,1
32.787,-117.127,1
26.116,-80.327,1
29.757,-95.609,1
25.917,-80.327,1
25.916,-80.148,1
26.117,-80.336,1
32.786,-96.8,1
32.786,-96.809,1
26.117,-80.147,1
40.783,-74.145,1
33.122,-96.659,1
26.117,-80.144,1
33.123,-89.056,1
25.916,-80.308,1
25.915,-80.159,1
25.915,-80.187,1
39.791,-104.902,1
39.791,-104.832,1
25.915,-80.218,1
28.595,-81.213,1
26.118,-80.228,1
39.792,-104.8,1
25.915,-80.294,1
32.785,-96.797,1
26.118,-80.138,1
40.768,-73.873,1
33.127,-96.864,1
26.119,-80.182,1
32.784,-96.781,1
28.596,-81.476,1
39.794,-104.812,1
25.576,-80.387,1
33.128,-96.705,1
33.129,-96.713,1
32.783,-79.935,1
32.783,-96.78,1
32.783,-96.796,1
33.13,-96.825,1
33.13,-96.688,1
33.131,-97.103,1
39.795,-76.852,1
33.131,-96.792,1
25.914,-80.153,1
26.119,-80.137,1
32.783,-96.801,1
26.12,-81.717,1
33.131,-96.702,1
32.783,-97.399,1
29.605,-95.264,1
33.133,-96.793,1
29.521,-95.226,1
40.871,-74.313,1
32.782,-96.478,1
33.133,-96.478,1
33.134,-97.032,1
33.134,-96.823,1
33.134,-96.74,1
29.649,-95.531,1
33.134,-95.492,1
33.135,-111.565,1
32.782,-96.789,1
32.782,-96.817,1
33.136,-117.16,1
25.914,-80.307,1
33.136,-96.708,1
33.137,-96.926,1
32.782,-96.851,1
40.768,-73.929,1
29.679,-95.197,1
26.12,-80.169,1
40.871,-74.183,1
32.781,-96.643,1
33.138,-96.708,1
32.781,-96.791,1
39.801,-104.747,1
26.12,-80.139,1
33.139,-97.05,1
32.781,-96.798,1
26.121,-80.377,1
26.121,-80.146,1
28.597,-81.209,1
40.871,-73.861,1
32.781,-97.08,1
26.121,-80.141,1
32.781,-97.322,1
25.912,-80.152,1
25.574,-80.325,1
32.781,-97.363,1
33.141,-96.805,1
33.141,-96.711,1
40.783,-74.018,1
39.802,-86.011,1
26.122,-80.236,1
32.78,-96.763,1
29.679,-95.128,1
26.122,-80.143,1
25.912,-80.252,1
25.912,-80.253,1
26.122,-80.142,1
26.123,-80.289,1
25.912,-80.312,1
29.649,-95.236,1
26.124,-80.371,1
29.756,-93.912,1
33.145,-96.702,1
29.605,-95.485,1
25.912,-80.348,1
26.124,-80.331,1
32.779,-96.438,1
29.756,-95.324,1
32.779,-96.692,1
32.779,-96.745,1
26.124,-80.257,1
33.148,-96.839,1
25.911,-80.319,1
26.125,-80.266,1
25.911,-80.329,1
26.125,-80.169,1
25.911,-80.332,1
26.126,-80.162,1
39.806,-104.893,1
33.149,-96.795,1
26.127,-80.408,1
33.149,-96.755,1
25.911,-80.353,1
33.15,-96.856,1
32.778,-96.801,1
25.911,-80.355,1
39.806,-104.891,1
32.778,-97.212,1
32.777,-96.614,1
25.911,-80.357,1
25.91,-80.169,1
32.777,-96.791,1
33.151,-96.832,1
26.13,-97.997,1
33.151,-96.824,1
33.151,-96.767,1
28.597,-81.208,1
26.13,-80.339,1
29.605,-95.486,1
25.574,-80.339,1
28.598,-81.245,1
26.13,-80.324,1
29.703,-95.588,1
26.131,-80.19,1
33.152,-96.703,1
32.776,-96.844,1
33.153,-117.107,1
33.153,-111.441,1
40.768,-73.982,1
32.776,-97.073,1
33.153,-96.835,1
25.91,-80.351,1
33.153,-96.803,1
33.154,-117.19,1
33.154,-96.927,1
33.154,-96.843,1
32.776,-97.189,1
29.688,-95.628,1
26.131,-80.136,1
39.811,-105.14,1
40.768,-73.983,1
40.768,-74.238,1
25.909,-80.138,1
26.131,-80.104,1
33.156,-111.538,1
28.598,-81.228,1
33.157,-96.836,1
40.768,-74.239,1
25.909,-80.158,1
39.811,-104.917,1
33.159,-97.11,1
26.133,-80.264,1
32.773,-96.443,1
33.16,-96.947,1
32.773,-96.599,1
26.135,-80.272,1
40.783,-73.974,1
32.773,-96.987,1
39.812,-104.777,1
28.599,-81.362,1
32.773,-97.038,1
33.161,-96.26,1
-13.164,-74.212,1
39.815,-104.935,1
33.162,-96.729,1
29.649,-95.139,1
33.163,-117.344,1
32.773,-97.1,1
25.908,-80.21,1
32.773,-97.326,1
32.773,-115.761,1
25.908,-80.236,1
33.164,-96.894,1
33.164,-96.864,1
29.703,-95.64,1
28.599,-81.319,1
33.165,-96.731,1
32.773,-117.079,1
39.816,-104.714,1
33.166,-96.979,1
33.166,-96.935,1
33.166,-96.908,1
32.772,-96.488,1
32.772,-96.665,1
29.522,-95.451,1
39.816,-84.23,1
26.135,-80.232,1
32.772,-117.159,1
25.907,-80.343,1
39.816,-74.977,1
40.767,-73.915,1
40.783,-73.825,1
32.771,-96.841,1
33.169,-96.63,1
33.17,-117.218,1
26.136,-80.418,1
40.784,-96.407,1
26.136,-80.235,1
33.171,-96.779,1
40.745,-73.95,1
32.771,-97.448,1
25.905,-80.17,1
25.905,-80.191,1
25.905,-80.215,1
33.172,-96.768,1
33.172,-96.735,1
33.172,-96.673,1
25.905,-80.247,1
26.136,-80.229,1
33.173,-96.945,1
28.6,-81.554,1
32.77,-96.835,1
32.769,-96.795,1
32.769,-96.848,1
29.756,-95.483,1
29.756,-95.56,1
26.136,-80.137,1
26.137,-80.333,1
32.769,-117.07,1
25.904,-97.49,1
26.137,-80.181,1
32.768,-96.792,1
32.768,-96.887,1
26.137,-80.125,1
29.603,-95.202,1
25.903,-80.179,1
32.768,-97.093,1
39.819,-104.753,1
29.65,-95.22,1
33.177,-87.473,1
33.177,-87.446,1
33.178,-96.85,1
26.138,-80.133,1
32.768,-97.128,1
25.572,-80.329,1
33.178,-94.853,1
40.784,-73.98,1
32.768,-97.184,1
25.902,-80.266,1
33.179,-96.898,1
40.784,-73.976,1
25.902,-80.269,1
33.18,-96.894,1
33.18,-96.614,1
26.138,-80.115,1
39.821,-86.282,1
25.901,-80.189,1
32.767,-96.616,1
28.6,-81.308,1
25.901,-80.345,1
39.825,-104.931,1
33.182,-96.824,1
33.183,-96.534,1
33.184,-96.681,1
29.756,-95.64,1
39.825,-84.206,1
26.139,-80.336,1
32.767,-96.86,1
40.784,-73.952,1
39.825,-75.134,1
25.9,-80.124,1
26.139,-80.323,1
32.767,-97.525,1
32.766,-96.757,1
33.188,-96.688,1
32.766,-96.84,1
25.9,-80.154,1
28.6,-81.204,1
-0.26,-79.163,1
33.19,-97.086,1
32.765,-97.485,1
29.756,-95.882,1
25.572,-80.377,1
29.755,-95.354,1
32.764,-96.404,1
33.191,-96.877,1
29.688,-95.635,1
28.602,-81.71,1
32.764,-96.628,1
32.764,-96.823,1
29.603,-95.409,1
40.784,-73.856,1
25.9,-80.196,1
25.9,-80.197,1
33.193,-96.968,1
32.764,-97.228,1
33.193,-96.651,1
32.764,-97.239,1
32.764,-97.494,1
33.194,-96.654,1
32.763,-96.457,1
33.195,-96.927,1
40.767,-73.924,1
39.832,-105.155,1
25.9,-80.336,1
32.763,-96.737,1
33.197,-96.495,1
33.198,-97.192,1
32.763,-96.816,1
32.763,-96.857,1
25.9,-80.364,1
33.198,-96.707,1
33.198,-96.612,1
25.899,-80.155,1
32.763,-97.107,1
26.14,-80.157,1
26.14,-80.152,1
39.832,-104.989,1
40.767,-73.984,1
39.832,-104.912,1
25.899,-80.238,1
29.755,-95.727,1
33.201,-96.983,1
39.833,-77.224,1
32.762,-96.779,1
33.203,-97.139,1
33.203,-96.942,1
26.141,-80.127,1
33.203,-96.875,1
33.204,-96.648,1
25.572,-80.396,1
33.205,-96.982,1
33.205,-96.723,1
33.206,-97.138,1
33.206,-97.137,1
28.602,-81.2,1
32.762,-97.074,1
26.142,-80.287,1
33.206,-96.825,1
40.784,-73.849,1
32.762,-97.127,1
33.207,-97.141,1
26.142,-80.174,1
29.755,-95.761,1
25.898,-80.235,1
25.898,-80.243,1
32.761,-96.687,1
32.761,-96.996,1
33.21,-97.13,1
25.898,-80.307,1
26.143,-80.251,1
32.761,-97.111,1
32.761,-97.143,1
32.761,-97.225,1
32.761,-97.399,1
32.76,-96.402,1
32.76,-96.86,1
32.76,-97.019,1
32.76,-97.027,1
32.76,-97.131,1
25.571,-80.326,1
26.144,-80.442,1
32.76,-97.329,1
39.835,-104.982,1
32.76,-97.402,1
40.749,-73.876,1
39.837,-104.923,1
33.216,-96.973,1
25.897,-80.355,1
29.703,-95.837,1
29.702,-95.099,1
33.217,-96.769,1
32.759,-96.629,1
25.896,-80.195,1
33.219,-97.148,1
33.219,-96.894,1
32.759,-96.773,1
26.144,-80.319,1
33.22,-96.77,1
26.144,-80.11,1
25.896,-80.271,1
33.22,-87.543,1
39.839,-75.161,1
33.221,-96.924,1
32.759,-97.159,1
32.759,-97.301,1
33.222,-97.112,1
32.759,-97.797,1
33.222,-96.899,1
39.839,-75.097,1
25.896,-80.339,1
26.146,-80.33,1
25.896,-80.373,1
39.84,-105.006,1
32.758,-96.811,1
32.757,-96.605,1
33.224,-96.976,1
32.757,-96.822,1
32.757,-97.163,1
32.757,-97.166,1
25.895,-80.344,1
33.226,-96.913,1
32.757,-117.076,1
39.84,-75.112,1
32.757,-117.129,1
25.895,-80.347,1
33.228,-97.166,1
32.756,-96.57,1
25.895,-80.363,1
32.756,-96.814,1
32.756,-96.872,1
32.756,-96.903,1
26.146,-80.112,1
29.603,-95.453,1
32.756,-97.428,1
25.894,-80.271,1
26.147,-80.327,1
32.755,-96.903,1
33.231,-97.133,1
32.755,-97.252,1
33.231,-96.86,1
25.894,-80.372,1
33.232,-96.654,1
25.893,-80.176,1
33.234,-111.779,1
25.893,-80.184,1
26.147,-80.18,1
40.767,-73.986,1
26.147,-80.153,1
39.842,-105.053,1
29.523,-95.404,1
33.237,-96.779,1
40.767,-73.988,1
32.754,-96.861,1
26.148,-80.258,1
32.754,-97.33,1
32.754,-97.333,1
40.767,-74.241,1
32.752,-96.767,1
26.15,-80.26,1
33.24,-96.955,1
33.241,-96.901,1
39.844,-104.994,1
33.241,-96.515,1
33.242,-96.855,1
33.243,-96.97,1
32.752,-96.951,1
33.244,-111.888,1
26.15,-80.12,1
32.752,-97.591,1
33.246,-111.879,1
39.847,-84.89,1
29.754,-95.2,1
33.247,-96.903,1
25.893,-80.326,1
33.248,-97.098,1
32.751,-96.434,1
29.651,-95.501,1
26.151,-80.275,1
39.849,-86.27,1
32.751,-96.845,1
39.849,-75.01,1
33.252,-96.943,1
26.151,-80.251,1
26.152,-80.321,1
33.254,-111.676,1
-0.22,-78.512,1
33.254,-97.153,1
40.766,-73.866,1
29.651,-95.243,1
33.255,-96.897,1
32.751,-97.358,1
33.257,-97.11,1
32.751,-97.362,1
25.892,-80.196,1
33.26,-97.171,1
26.155,-80.296,1
26.156,-80.269,1
33.264,-96.962,1
29.525,-98.276,1
26.157,-80.254,1
26.157,-80.109,1
25.892,-80.354,1
26.157,-80.1,1
29.651,-95.157,1
26.158,-80.208,1
26.159,-80.267,1
40.766,-73.952,1
33.268,-96.908,1
33.271,-96.963,1
33.272,-96.626,1
33.273,-96.626,1
25.891,-80.168,1
25.891,-80.178,1
39.851,-75.348,1
26.16,-97.818,1
33.277,-96.578,1
26.16,-97.679,1
25.891,-80.238,1
25.891,-80.244,1
33.284,-96.563,1
40.766,-73.964,1
25.567,-80.38,1
32.75,-97.114,1
25.891,-80.327,1
32.75,-97.359,1
32.75,-97.366,1
33.288,-111.838,1
32.75,-97.368,1
25.89,-80.185,1
39.853,-104.674,1
33.289,-96.549,1
26.161,-80.309,1
32.75,-97.595,1
33.29,-96.803,1
33.291,-96.802,1
40.785,-74.007,1
26.161,-80.266,1
26.162,-80.32,1
25.89,-80.341,1
33.296,-96.547,1
33.297,-97.072,1
26.162,-80.163,1
33.298,-96.53,1
39.854,-104.675,1
39.855,-104.681,1
25.89,-80.345,1
32.749,-96.828,1
33.302,-117.342,1
33.302,-111.9,1
39.855,-104.676,1
33.302,-96.804,1
39.855,-77.561,1
25.889,-80.125,1
33.305,-96.888,1
33.306,-96.981,1
32.749,-96.871,1
33.311,-111.835,1
33.311,-96.785,1
33.312,-111.718,1
33.312,-96.784,1
33.312,-96.665,1
33.313,-96.786,1
39.856,-104.954,1
33.316,-111.839,1
32.749,-97.326,1
32.749,-117.099,1
32.748,-97.093,1
33.322,-111.882,1
29.754,-95.35,1
26.164,-80.277,1
33.325,-111.725,1
32.747,-97.093,1
33.328,-111.979,1
39.858,-105.087,1
28.603,-81.287,1
28.604,-81.201,1
29.754,-95.618,1
33.342,-111.699,1
33.342,-96.562,1
29.754,-95.64,1
25.889,-80.293,1
32.747,-97.487,1
32.746,-96.686,1
25.889,-80.316,1
39.861,-104.646,1
33.353,-111.823,1
33.353,-111.822,1
33.355,-111.899,1
29.754,-95.832,1
32.746,-96.857,1
33.362,-112.125,1
32.746,-97.491,1
32.745,-96.586,1
33.366,-97.181,1
26.167,-80.257,1
33.371,-112.154,1
33.371,-96.55,1
26.167,-80.197,1
25.566,-80.351,1
33.378,-111.862,1
33.378,-111.614,1
26.167,-80.101,1
26.168,-80.288,1
33.381,-117.25,1
25.888,-80.122,1
26.168,-80.114,1
33.381,-111.929,1
39.863,-104.667,1
28.605,-81.305,1
33.383,-111.688,1
32.744,-97.333,1
33.385,-111.679,1
33.386,-112.072,1
26.169,-80.306,1
25.888,-80.126,1
33.391,-111.735,1
29.753,-95.335,1
26.169,-80.3,1
29.753,-95.351,1
33.394,-112.012,1
28.607,-81.197,1
32.743,-96.991,1
26.169,-80.102,1
26.169,-80.1,1
33.396,-82.08,1
33.398,-111.965,1
33.399,-111.84,1
25.888,-80.163,1
33.403,-111.876,1
33.403,-111.609,1
29.525,-95.721,1
33.406,-111.878,1
26.172,-80.264,1
32.742,-96.925,1
25.564,-80.455,1
33.408,-112.294,1
33.408,-111.862,1
40.786,-74.053,1
25.888,-80.169,1
26.172,-80.12,1
33.409,-111.909,1
33.409,-84.374,1
33.412,-112.556,1
32.742,-97.123,1
33.413,-111.868,1
33.414,-112.07,1
33.414,-111.919,1
33.414,-84.045,1
33.415,-111.976,1
33.415,-111.933,1
33.415,-111.924,1
25.562,-80.358,1
33.417,-112.191,1
33.417,-111.926,1
33.417,-111.849,1
39.869,-104.934,1
32.742,-97.263,1
33.418,-112.39,1
32.742,-97.301,1
33.419,-111.643,1
33.419,-86.697,1
33.419,-84.242,1
33.42,-112.03,1
29.753,-95.376,1
39.871,-75.301,1
33.422,-112.27,1
33.422,-111.865,1
25.888,-80.186,1
32.741,-96.684,1
33.423,-111.947,1
25.562,-80.362,1
33.424,-111.93,1
26.173,-80.29,1
29.525,-81.214,1
39.873,-105.019,1
33.431,-86.728,1
40.766,-73.987,1
33.432,-112.363,1
33.432,-112.163,1
33.433,-112.089,1
26.174,-80.277,1
33.434,-111.821,1
25.888,-80.288,1
29.753,-95.383,1
29.753,-95.386,1
33.438,-112.413,1
39.874,-104.668,1
33.439,-112.117,1
26.174,-80.27,1
33.441,-112.425,1
33.442,-112.141,1
39.874,-86.196,1
33.444,-112.313,1
33.446,-111.924,1
33.448,-112.39,1
32.74,-97.485,1
25.562,-80.388,1
33.45,-111.819,1
39.876,-104.959,1
33.451,-112.304,1
25.888,-80.301,1
28.608,-81.463,1
40.786,-74.031,1
39.877,-104.985,1
33.452,-84.507,1
32.739,-96.262,1
40.786,-73.967,1
29.753,-95.409,1
26.175,-80.228,1
32.739,-97.216,1
33.454,-112.124,1
29.526,-95.436,1
29.652,-95.654,1
33.455,-112.339,1
40.766,-73.997,1
33.455,-112.082,1
29.526,-95.18,1
29.753,-95.478,1
33.457,-112.028,1
39.883,-104.947,1
32.739,-117.056,1
26.176,-80.22,1
25.887,-80.159,1
33.462,-112.419,1
32.738,-96.89,1
33.462,-111.922,1
33.462,-94.071,1
33.463,-112.388,1
26.176,-80.149,1
33.464,-112.313,1
33.464,-112.013,1
29.652,-95.518,1
40.786,-73.944,1
29.753,-95.49,1
33.466,-117.666,1
33.468,-112.122,1
33.469,-112.373,1
33.47,-82.054,1
33.473,-112.182,1
33.473,-112.12,1
28.609,-81.218,1
33.475,-112.341,1
32.738,-97.115,1
32.738,-97.211,1
29.753,-95.607,1
32.738,-117.184,1
25.561,-80.345,1
25.887,-80.327,1
25.887,-80.341,1
33.482,-112.485,1
33.482,-111.671,1
33.483,-112.332,1
26.177,-80.27,1
25.887,-80.373,1
33.483,-112.011,1
26.177,-80.255,1
33.485,-111.915,1
26.178,-98.074,1
33.486,-112.08,1
33.49,-117.72,1
32.737,-97.08,1
32.736,-96.275,1
32.736,-96.286,1
26.18,-81.758,1
26.18,-80.208,1
25.559,-80.337,1
33.493,-112.016,1
33.494,-112.019,1
33.495,-112.141,1
39.888,-105.029,1
33.495,-111.932,1
32.736,-97.097,1
32.736,-97.12,1
33.498,-112.13,1
33.503,-112.339,1
26.185,-98.215,1
33.505,-112.167,1
32.735,-96.553,1
25.559,-80.353,1
33.509,-111.924,1
33.511,-112.34,1
26.185,-80.279,1
32.735,-97.041,1
32.735,-97.079,1
33.515,-112.211,1
26.185,-80.255,1
33.515,-112.126,1
33.517,-112.135,1
33.518,-117.699,1
32.735,-97.246,1
33.519,-88.431,1
25.886,-80.24,1
26.185,-80.188,1
33.527,-117.154,1
33.527,-112.199,1
33.527,-112.151,1
33.527,-112.135,1
33.528,-117.066,1
33.529,-112.27,1
40.766,-74.185,1
25.886,-80.29,1
33.533,-111.989,1
28.61,-81.394,1
33.536,-112.257,1
33.536,-112.251,1
33.537,-112.362,1
26.186,-80.251,1
33.537,-101.921,1
33.537,-84.575,1
26.186,-80.197,1
40.786,-73.942,1
33.538,-112.257,1
25.886,-80.308,1
26.186,-80.145,1
33.54,-117.644,1
32.734,-97.361,1
33.541,-117.784,1
33.543,-84.338,1
39.889,-104.797,1
29.753,-95.624,1
32.733,-96.537,1
25.558,-80.456,1
32.733,-97.15,1
33.554,-80.828,1
33.555,-117.218,1
25.886,-80.326,1
33.556,-117.666,1
33.557,-112.044,1
33.558,-112.176,1
25.886,-80.345,1
40.765,-73.254,1
25.557,-80.335,1
25.885,-80.121,1
26.188,-80.275,1
26.188,-80.152,1
26.188,-80.137,1
33.561,-101.926,1
32.732,-97.109,1
33.563,-84.109,1
33.564,-101.947,1
33.565,-117.67,1
32.732,-97.111,1
39.893,-74.913,1
28.611,-81.213,1
29.603,-95.585,1
32.732,-97.117,1
33.575,-112.331,1
26.188,-80.116,1
33.576,-112.172,1
33.578,-117.719,1
33.578,-101.872,1
39.896,-105.016,1
26.189,-80.208,1
33.581,-117.702,1
32.731,-97.009,1
33.583,-111.976,1
33.583,-101.885,1
33.584,-111.829,1
33.584,-83.978,1
33.585,-82.208,1
33.586,-112.1,1
26.189,-80.145,1
33.586,-84.647,1
33.587,-101.858,1
33.587,-101.857,1
33.587,-84.632,1
39.896,-104.953,1
32.731,-97.084,1
26.189,-80.122,1
33.589,-112.172,1
33.589,-101.933,1
33.591,-112.377,1
29.752,-95.395,1
33.591,-84.496,1
39.897,-105.115,1
33.593,-84.441,1
33.594,-117.699,1
25.884,-80.129,1
33.598,-101.876,1
25.884,-80.13,1
33.6,-117.665,1
33.6,-112.324,1
39.898,-74.836,1
25.884,-80.227,1
32.731,-97.222,1
33.604,-117.09,1
33.605,-84.575,1
33.605,-84.457,1
26.19,-80.129,1
39.899,-82.806,1
33.607,-113.61,1
29.602,-95.203,1
32.73,-96.864,1
33.607,-84.826,1
33.608,-117.876,1
40.765,-73.583,1
33.608,-117.828,1
25.884,-80.243,1
29.602,-95.249,1
33.609,-112.18,1
33.609,-84.062,1
25.884,-80.307,1
33.61,-111.943,1
33.61,-84.439,1
32.73,-97.111,1
25.884,-80.331,1
33.611,-117.836,1
33.611,-112.224,1
32.73,-97.824,1
29.602,-95.273,1
33.613,-112.014,1
32.728,-97.113,1
33.614,-117.708,1
32.728,-97.154,1
40.748,-73.854,1
33.615,-111.864,1
29.752,-95.457,1
33.616,-84.559,1
32.728,-97.801,1
29.652,-95.258,1
25.884,-80.337,1
33.618,-117.293,1
33.619,-117.672,1
29.752,-95.459,1
32.726,-96.873,1
40.787,-74.049,1
40.787,-73.979,1
25.883,-80.129,1
39.904,-86.217,1
25.883,-80.193,1
32.726,-97.078,1
40.746,-74.156,1
26.193,-80.282,1
33.627,-117.691,1
28.62,-81.412,1
40.765,-73.909,1
25.883,-80.244,1
32.725,-96.418,1
33.628,-84.463,1
32.725,-96.889,1
33.63,-117.912,1
-16.386,-71.538,1
29.752,-95.837,1
33.63,-112.428,1
32.725,-97.058,1
32.725,-97.303,1
26.195,-80.272,1
39.906,-75.097,1
33.635,-112.185,1
26.195,-80.207,1
32.724,-96.548,1
40.871,-73.051,1
33.636,-117.923,1
39.907,-75.278,1
33.637,-117.671,1
39.909,-105.082,1
33.637,-112.036,1
29.68,-95.69,1
33.638,-117.723,1
39.911,-104.998,1
29.751,-95.306,1
32.724,-96.609,1
33.639,-117.852,1
32.724,-97.057,1
25.883,-80.351,1
32.724,-97.07,1
26.196,-80.213,1
33.641,-117.603,1
33.641,-111.927,1
33.641,-97.149,1
29.527,-98.505,1
33.641,-84.434,1
25.883,-80.385,1
28.622,-81.305,1
32.724,-117.189,1
33.642,-112.232,1
33.642,-112.228,1
29.652,-95.217,1
33.642,-111.969,1
39.916,-105.005,1
33.643,-117.303,1
33.643,-116.266,1
32.723,-96.636,1
32.723,-96.708,1
40.788,-74.231,1
33.644,-112.03,1
33.644,-111.92,1
33.645,-96.598,1
33.646,-117.863,1
32.723,-96.843,1
29.751,-95.362,1
33.646,-96.596,1
33.646,-84.013,1
33.647,-112.087,1
26.199,-80.253,1
33.647,-84.057,1
25.882,-80.291,1
33.648,-117.744,1
32.722,-96.547,1
33.65,-117.729,1
33.65,-117.588,1
40.765,-73.919,1
26.2,-80.232,1
39.916,-104.79,1
32.722,-97.053,1
26.2,-80.137,1
29.751,-95.368,1
32.722,-97.454,1
39.916,-75.068,1
26.201,-80.278,1
25.881,-80.163,1
29.652,-95.21,1
32.721,-96.688,1
25.881,-80.166,1
25.881,-80.216,1
32.721,-97.086,1
33.656,-117.708,1
26.202,-80.189,1
29.751,-95.37,1
28.624,-81.32,1
29.602,-95.563,1
33.658,-118.001,1
32.72,-96.894,1
25.881,-80.236,1
33.66,-117.902,1
39.919,-86.145,1
33.66,-111.963,1
32.72,-97.058,1
25.881,-80.311,1
33.662,-117.855,1
29.653,-95.597,1
32.719,-97.474,1
32.719,-97.551,1
39.92,-75.006,1
32.718,-96.612,1
26.205,-80.246,1
32.718,-96.89,1
33.665,-117.997,1
25.552,-80.402,1
26.205,-80.18,1
33.666,-84.473,1
33.667,-117.796,1
32.717,-97.079,1
33.667,-117.716,1
32.716,-96.914,1
33.667,-84.445,1
29.653,-95.579,1
33.668,-117.862,1
29.751,-95.462,1
29.751,-95.841,1
32.716,-97.136,1
39.922,-75.168,1
33.67,-95.509,1
26.206,-80.173,1
39.922,-75.122,1
33.671,-117.794,1
25.88,-80.166,1
32.715,-96.588,1
26.208,-80.16,1
28.629,-81.464,1
32.715,-117.145,1
39.923,-75.155,1
25.88,-80.168,1
32.714,-96.753,1
28.631,-81.181,1
28.632,-81.538,1
39.924,-74.855,1
32.714,-97.116,1
32.713,-96.615,1
29.702,-95.813,1
33.675,-117.839,1
25.88,-80.323,1
33.675,-111.98,1
25.88,-80.324,1
26.208,-80.093,1
25.88,-80.337,1
32.713,-97.132,1
33.676,-83.903,1
26.209,-80.267,1
33.678,-118.0,1
32.712,-97.061,1
33.678,-84.859,1
25.879,-80.23,1
32.712,-97.112,1
39.925,-75.256,1
33.679,-117.834,1
33.679,-117.675,1
28.633,-81.402,1
26.209,-80.142,1
26.209,-80.141,1
25.879,-80.352,1
39.925,-75.176,1
32.711,-96.917,1
25.878,-80.121,1
29.68,-95.682,1
25.878,-80.123,1
26.21,-80.177,1
40.789,-74.044,1
26.21,-80.108,1
33.682,-117.374,1
25.878,-80.21,1
33.683,-117.819,1
32.71,-96.853,1
33.683,-117.742,1
40.789,-73.854,1
39.925,-75.158,1
32.71,-96.99,1
33.684,-117.811,1
33.685,-117.805,1
33.685,-117.65,1
25.551,-80.382,1
26.211,-80.113,1
26.211,-80.104,1
32.71,-97.314,1
32.71,-97.355,1
28.633,-81.374,1
25.878,-80.325,1
33.689,-117.878,1
33.689,-117.848,1
32.709,-96.125,1
26.212,-81.792,1
29.75,-95.477,1
39.926,-75.141,1
33.691,-117.905,1
26.212,-80.212,1
26.212,-80.154,1
28.635,-81.489,1
32.709,-97.097,1
32.709,-97.148,1
33.692,-84.726,1
26.212,-80.107,1
26.212,-80.1,1
33.693,-117.876,1
33.693,-117.8,1
33.693,-117.76,1
32.709,-97.321,1
40.765,-74.085,1
33.694,-84.399,1
33.695,-117.883,1
26.214,-80.152,1
33.695,-96.658,1
26.215,-80.279,1
26.215,-80.208,1
33.697,-117.968,1
32.707,-97.194,1
33.698,-117.865,1
33.698,-117.093,1
26.216,-80.268,1
26.216,-80.117,1
29.701,-95.187,1
32.706,-97.157,1
26.217,-80.201,1
39.929,-104.926,1
26.217,-80.173,1
33.7,-84.451,1
26.217,-80.165,1
25.876,-80.246,1
33.701,-117.767,1
33.701,-115.456,1
26.218,-80.297,1
25.55,-80.366,1
29.701,-95.257,1
32.705,-97.059,1
29.75,-95.738,1
32.705,-97.06,1
33.703,-112.108,1
33.704,-117.843,1
33.704,-117.84,1
33.704,-117.828,1
33.704,-117.776,1
32.705,-97.138,1
33.705,-117.801,1
29.75,-95.784,1
32.705,-97.612,1
26.218,-80.234,1
29.75,-95.79,1
32.704,-96.771,1
33.707,-112.367,1
25.874,-80.28,1
29.75,-95.793,1
29.749,-95.337,1
33.709,-118.011,1
25.874,-80.32,1
25.874,-80.384,1
28.637,-81.418,1
33.71,-117.991,1
40.789,-72.972,1
32.704,-96.828,1
39.933,-83.783,1
32.704,-97.179,1
33.712,-117.854,1
33.712,-117.782,1
33.713,-112.367,1
25.872,-80.166,1
25.549,-80.371,1
25.872,-80.229,1
33.714,-112.206,1
33.714,-112.147,1
25.872,-80.311,1
33.715,-117.777,1
33.716,-117.982,1
26.221,-80.292,1
32.703,-96.283,1
33.716,-117.826,1
39.933,-75.164,1
39.934,-105.134,1
33.717,-117.993,1
33.718,-112.416,1
33.718,-84.569,1
33.719,-118.046,1
33.719,-117.809,1
33.72,-118.303,1
32.703,-96.88,1
32.703,-97.352,1
29.749,-95.347,1
33.721,-117.791,1
32.703,-97.419,1
26.224,-80.222,1
29.749,-95.376,1
26.224,-80.182,1
26.224,-80.098,1
33.722,-84.458,1
33.723,-117.824,1
33.724,-118.296,1
26.225,-80.181,1
26.226,-80.292,1
28.641,-81.326,1
28.642,-81.41,1
26.226,-80.254,1
39.935,-75.193,1
39.937,-75.155,1
32.7,-97.175,1
33.728,-117.813,1
26.226,-80.228,1
32.699,-97.05,1
29.653,-95.182,1
28.643,-81.498,1
33.729,-117.813,1
26.227,-80.164,1
29.749,-95.509,1
33.73,-117.984,1
33.73,-117.966,1
33.73,-117.76,1
33.73,-112.174,1
32.699,-97.261,1
26.228,-80.236,1
33.731,-112.225,1
32.698,-96.782,1
32.698,-97.121,1
39.938,-75.168,1
32.698,-97.357,1
33.733,-117.767,1
29.601,-95.001,1
33.734,-118.307,1
29.528,-95.824,1
32.698,-97.362,1
28.643,-81.457,1
32.697,-96.674,1
33.735,-84.45,1
26.231,-80.157,1
40.79,-74.23,1
28.643,-81.398,1
33.737,-117.99,1
33.737,-117.103,1
39.939,-83.096,1
26.232,-98.242,1
33.738,-117.838,1
33.739,-118.306,1
39.94,-75.147,1
33.739,-117.842,1
40.765,-74.293,1
26.232,-80.198,1
33.739,-84.3,1
25.871,-80.331,1
33.74,-118.287,1
29.749,-95.819,1
39.942,-104.941,1
39.942,-82.792,1
29.701,-95.293,1
32.695,-97.269,1
33.741,-118.315,1
32.694,-97.198,1
33.741,-118.032,1
33.741,-117.874,1
33.741,-112.104,1
25.871,-80.386,1
32.692,-96.799,1
28.647,-81.24,1
29.528,-95.016,1
26.232,-80.153,1
40.748,-73.875,1
32.692,-97.036,1
26.232,-80.14,1
-37.802,144.838,1
26.233,-80.184,1
33.743,-117.774,1
26.233,-80.157,1
32.69,-97.01,1
32.69,-97.022,1
33.744,-117.925,1
25.869,-80.251,1
33.745,-118.312,1
39.943,-75.05,1
33.745,-118.281,1
25.869,-80.31,1
29.601,-95.254,1
28.651,-81.481,1
26.234,-80.124,1
33.745,-84.376,1
28.651,-81.475,1
32.689,-96.651,1
39.946,-86.347,1
33.747,-117.972,1
32.689,-97.053,1
26.236,-80.227,1
25.543,-80.403,1
39.947,-75.036,1
26.236,-80.176,1
25.869,-80.376,1
29.529,-95.809,1
25.868,-80.124,1
29.748,-95.91,1
33.749,-84.39,1
25.868,-80.127,1
33.75,-118.287,1
32.687,-97.234,1
39.948,-75.158,1
33.751,-117.924,1
28.651,-81.343,1
33.752,-117.968,1
32.686,-97.393,1
32.685,-96.586,1
33.752,-78.98,1
33.753,-84.421,1
29.747,-95.334,1
40.764,-73.829,1
32.685,-96.8,1
33.754,-117.892,1
25.541,-80.369,1
39.949,-75.157,1
32.685,-96.938,1
26.238,-80.252,1
25.868,-80.24,1
32.685,-97.028,1
33.755,-84.336,1
26.238,-80.247,1
39.95,-75.217,1
33.757,-84.385,1
28.652,-81.342,1
33.758,-117.911,1
33.758,-117.89,1
32.684,-117.179,1
33.758,-117.833,1
39.95,-75.144,1
25.541,-80.375,1
33.758,-84.099,1
39.951,-75.231,1
32.683,-96.561,1
39.951,-75.156,1
33.759,-117.886,1
33.759,-117.87,1
32.683,-97.266,1
25.868,-80.307,1
28.653,-81.422,1
33.759,-84.331,1
33.759,-84.255,1
